Blog Title,Slug,Short Description,Blog Thumbnail Image,Blog Banner Image,Editor Name,Editor Image,Category Name,Blog Single Description,Video Link,Blog Rich Text
Soul Snack #89:  Is Your “Harmless” Drink Actually Fear in Disguise?,soul-snack-89-is-your-harmless-drink-actually-fear-in-disguise,Learn how to connect with your intuition every day.,https://seatofthesoul.com/wp-content/uploads/2026/06/GaryZukav_Ep89.5_Graphic-02.jpg,https://seatofthesoul.com/wp-content/uploads/2026/06/GaryZukav_Ep89.5_Graphic-02.jpg,Gary Zukav,,Soul Snack,Learn how to connect with your intuition every day.,https://www.youtube.com/watch?v=iK-N0nWyETE,"<p><strong>Learn how to connect with your intuition every day. <a href=""https://seatofthesoul.com/daily-intuition-practice/"">Click here to start your journey to authentic power</a></strong></p>

<p><br>
In this episode, Gary Zukav takes on a question that may seem minor on the surface but opens into something much deeper: <b>does casual alcohol use block the creation of authentic power? </b>Rather than offering a simple yes or no, Gary reframes the question entirely, inviting listeners to examine not what they are doing, but why. <b>He challenges the idea of “casual” behavior altogether</b>, calling instead for conscious, intentional living rooted in an awareness of one’s creative power.</p>
<p>At the heart of Gary’s response is the question of intention. Whether it is a drink at dinner, a smile across a room, or any habitual behavior, the real question is always the same: <b>is this action coming from love or from fear? </b></p>
<p>Gary illustrates how what appears to be harmless social drinking can, upon closer examination, be a way of masking discomfort, seeking approval, or attempting to manipulate how others perceive you – all expressions of a frightened part of the personality.</p>
<p>The way forward is not judgment, but awareness. <b>When life energy is used consciously and intentionally, with a genuine desire to contribute, connect, and create from love, even the smallest choices become opportunities to create authentic power</b>.</p>

<p><b>What You’ll Discover in This Episode:</b></p>
<p><strong>(00:43) — Gary responds to the question of casual alcohol use by widening the lens:</strong> rather than evaluating the behavior itself, he invites listeners to examine how they are using their life energy – and whether they are doing so consciously and intentionally.</p>
<p><strong>(01:30) — Gary asks the essential question behind any behavior:</strong> what is your intention? Is drinking – or any social habit – an attempt to mask feelings of fear, loosen up for approval, or influence how others feel about you? If so, that intention originates in fear, not in love.</p>
<p><strong>(02:32) — Gary offers examples of what it looks like to redirect life energy toward love:</strong> contributing to others, moving toward meaning and purpose, and choosing harmony, cooperation, and reverence for life over the need to please.</p>
<p><strong>(03:00) — Gary shares that people in his programs have discovered their “casual” alcohol use was far less casual than they believed</strong> – and that the difficulty of giving it up revealed something important about the frightened parts of their personality that were active.</p>
<p><b>Embrace the Soul Step Challenge</b></p>
<p>Take out your notebook and think of a habit in your life that you have labeled “casual” or “harmless.” It doesn’t have to be alcohol – it could be anything you reach for when you feel uncomfortable, anxious, or unseen. Ask yourself honestly: what is my intention in this moment? Am I acting from love – from a genuine desire to contribute, connect, or create – or am I acting from fear? Write down what you notice, without judgment. </p>"
"Soul Feast #89: The Side of Temptation Nobody Talks About, Part 2",soul-feast-89-the-side-of-temptation-nobody-talks-about-part-2,Your journey to Authentic Power begins here.,https://seatofthesoul.com/wp-content/uploads/2026/06/GaryZukav_Ep89_Graphic-01.jpg,https://seatofthesoul.com/wp-content/uploads/2026/06/GaryZukav_Ep89_Graphic-01.jpg,Gary Zukav,,Soul Feast,Your journey to Authentic Power begins here.,https://www.youtube.com/watch?v=YGKovqqNZ3w,"<p><strong>Your journey to Authentic Power begins here. <a href=""https://seatofthesoul.com/apg-optin/"">Download your copy of the Authentic Power Guidelines today</a></strong></p>

<p><strong>In this DeepCast, Gary Zukav continues his exploration of temptation</strong>, picking up where Part 1 left off, and going deeper into what it truly means to choose between love and fear. Drawing on his own experience with addiction, Gary reveals that temptation is never a matter of right or wrong, good or bad. It is always, at its core, a choice about what experiences you intend to bring into your life and a recognition that no one else can make that choice for you.</p>
<p>Building on that foundation, Gary introduces two dimensions that Part 1 only touched on: the danger of attachment (even to “good” choices) and the profound journey of uncovering every part of your personality, including the darkest ones. Through the story of a Tibetan monk who nearly lost his compassion for his Chinese torturers, </p>
<p>Gary illustrates the staggering range of emotional capability within every human being, and the courage it takes to meet all of it without judgment.</p>
<p>The way through all of it, Gary reveals, is the creation of authentic power – not through willpower or moral superiority, but through the patient, courageous practice of emotional awareness, responsible choice, and compassion for others and for yourself.</p>
<p><strong>What You’ll Discover in This Episode:</strong></p>
<p><strong>(00:43) — Gary revisits the new consciousness framework for temptation:</strong> the choice is never between good and bad, but between the experiences you are choosing to create for yourself—and only you can make that choice.</p>
<p><strong>(01:26) — Gary shares his own experience with addiction</strong> and the terrifying moment of standing at an equal crossroads.</p>
<p><strong>(04:17) — Gary warns against the trap of attachment to “right” choices</strong>: congratulating yourself for choosing well can become a subtle expression of fear, superiority, and separation which is a choice for fear, not love.</p>
<p><strong>(06:10) — Gary traces the long arc of creating authentic power</strong>, sharing his early experience of challenging his anger — from clenching his fists in front of someone who enraged him, to gradually relaxing, to eventually experiencing compassion – showing that this is a process, not a single moment.</p>
<p><strong>(08:08) — Gary opens up the full, confronting range of the human psyche:</strong> from Christ-like love to the desire to destroy, all of it lives within you. Repulsion at any part of yourself is judgment – and judgment is attachment, which is the cause of suffering.</p>
<p><strong>(12:39) — Gary shares the story of the Tibetan monk who told the Dalai Lama he had been in danger of losing his compassion for his Chinese torturers</strong> as the clearest illustration of what it looks like to hold the full range of human experience with compassion.</p>
<p><strong>Embrace the Soul Step Challenge</strong></p>
<p>Take out your notebook and think of a part of yourself that you find difficult to accept such as a reaction, an impulse, a feeling you’d rather not admit is there. Without judgment, ask yourself: am I repulsed by this because I am judging it? And if I am judging it, what does that tell me about my attachment to it? Sit with that honestly. Then ask: is there someone in my life right now whose behavior I find hard to stomach? Write down what bothers you most about them – and then, quietly, look for those same things in yourself. Notice what happens in your body when you do. That softening – however small – is the beginning of compassion.</p>
<p>Let’s Connect</p>
<p><a href=""https://seatofthesoul.com"">Gary Zukav | Website</a><a href=""https://www.instagram.com/gary_zukav/""> </a></p>
<p><a href=""https://www.instagram.com/gary_zukav/"">Gary Zukav | Instagram</a><a href=""https://www.facebook.com/GaryZukav""> </a></p>
<p><a href=""https://www.facebook.com/GaryZukav"">Gary Zukav | Facebook</a><a href=""https://seatofthesoul.com/books/""> </a></p>
<p><a href=""https://seatofthesoul.com/books/"">Gary Zukav | Books</a><a href=""https://www.youtube.com/@TheGaryZukav""> </a></p>
<p><a href=""https://www.youtube.com/@TheGaryZukav"">Gary Zukav | YouTube</a><a href=""https://twitter.com/GaryZukav""> </a></p>
<p><a href=""https://twitter.com/GaryZukav"">Gary Zukav | X (Twitter)</a></p>"
Soul Snack #88: What If Your Biggest Insecurity Is Actually a Spiritual Gift?,soul-snack-88-what-if-your-biggest-insecurity-is-actually-a-spiritual-gift,"Join the Seat of the Soul monthly newsletter and receive weekly, wisdom filled, insights from Gary In this Soul Snack, Gary Zukav responds to a deeply personal question from a listener who has spent…",https://seatofthesoul.com/wp-content/uploads/2026/06/GaryZukav_Ep88.5_Graphic-02.jpg,https://seatofthesoul.com/wp-content/uploads/2026/06/GaryZukav_Ep88.5_Graphic-02.jpg,Gary Zukav,,Soul Snack,"Join the Seat of the Soul monthly newsletter and receive weekly, wisdom filled, insights from Gary In this Soul Snack, Gary Zukav responds to a deeply personal…",https://www.youtube.com/watch?v=9NufGVX972A,"<p><a href=""https://seatofthesoul.com/soul-connections-newsletter/"">Join the Seat of the Soul monthly newsletter and receive weekly</a>, wisdom filled, insights from Gary</p>

<p>In this Soul Snack, Gary Zukav responds to a deeply personal question from a listener who has spent a lifetime feeling unseen and judged – a tall, big‑boned woman born with leg deformities who believes her physical experience may be karmic but does not know what for.</p>
<p>Gary reframes the question by drawing a distinction between the personality – the earth suit the soul wears during its time in the Earth school – and the soul itself, which is powerful, compassionate, and without limit. When you focus only on the appearance of the earth suit, he suggests, you miss the vastness of who you are.</p>
<p>The most profound insight Gary offers is that her experience may not be a karmic burden at all, but a karmic gift – one that has uniquely positioned her to see others as souls rather than surfaces.</p>

<p><strong>What You’ll Discover in This Soul Snack:</strong></p>
<p><strong>(00:02) — Gary opens with a reflection on the transformation of human consciousness</strong> and the choice in each moment between living in gratitude and awe or in fear and despair.</p>
<p><strong>(01:35) — A listener shares her lifelong experience of judgment and invisibility</strong>, asking Gary whether her appearance is karmic and what it means.</p>
<p><strong>(03:51) — Gary introduces the distinction between soul and personality</strong>: the personality is an earth suit chosen for a specific journey, while the soul is a powerful, creative, compassionate presence.</p>
<p><strong>(05:30) — Gary reframes karma not as punishment but as an exquisite gift</strong> – her experiences have prepared her to see others as souls rather than appearances, with uncommon generosity and without judgment.</p>
<p><strong>(07:19) — Gary closes by reminding us that no aspect of a personality appears by accident.</strong> The soul chooses its earth suit to create the experiences it needs in order to evolve.</p>
<p><strong>Embrace the Soul Step Challenge</strong></p>
<p>Think of someone – or perhaps yourself – whom you have viewed through the lens of appearance rather than soul. Ask yourself: What did I miss by seeing only the surface? Sit with that question today, and consider what it would mean to move through the world seeing every person, including yourself, as a soul first.</p>"
"Soul Feast #88: Why You Are Always Being Tempted – And What the Universe Wants You to Know, Part 1",soul-feast-88-why-you-are-always-being-tempted-and-what-the-universe-wants-you-to-know-part-1,Your emotions are messages from your soul.,https://seatofthesoul.com/wp-content/uploads/2026/06/GaryZukav_Ep88_Graphic-02.jpg,https://seatofthesoul.com/wp-content/uploads/2026/06/GaryZukav_Ep88_Graphic-02.jpg,Gary Zukav,,Soul Feast,Your emotions are messages from your soul.,https://www.youtube.com/watch?v=-8XriThL6Ks,"<p><strong>Your emotions are messages from your soul. <a href=""http://www.seatofthesoul.com/emotionalawarenesscourse"">Learn How to Tune In and Listen Here</a></strong></p>

<p>In this DeepCast, Gary Zukav reveals what he considers the single most fundamental element of spiritual growth and self‑transformation – temptation. Far from the Western view of temptation as an external evil force, Gary reframes it as a gracious dynamic in the universe – a purposeful invitation to choose between love and fear. Drawing on the lives of the Buddha and Jesus, he shows that every human being meets the same essential crossroads that the great spiritual masters met.</p>
<p>Gary challenges the idea that temptation originates outside of us. He reveals it instead as the activity of the frightened parts of the personality – a kind of dress rehearsal for a negative karmic event that places the full power of choice in your hands.</p>
<p>The answer lies in the twin pillars of authentic power: emotional awareness and responsible choice. When you recognize the physical sensations and thoughts of a frightened part of your personality, temptation shifts from a trap into a teacher.</p>
<p><strong>What You’ll Discover in This Soul Feast:</strong></p>
<p><strong>(01:04) — Gary names the core dynamic – temptation –</strong> and contrasts the Western, externalized view with the perspective of the new consciousness, in which temptation does not originate outside of you, but within the frightened parts of your personality.</p>
<p><strong>(05:52) — Gary draws on the lives of the Buddha and Jesus</strong> to show that the great spiritual masters met the same temptations that you meet – with nothing to guide them toward one choice or another except their own awareness.</p>
<p><strong>(11:59) — Gary introduces temptation as a dress rehearsal for a negative karmic event</strong> – the moment just before choice becomes action and energy becomes matter. When you act on temptation, you create karma. When you choose otherwise, the soul moves freely.</p>
<p><strong>(17:44) — Gary outlines the two pillars of authentic power</strong> – emotional awareness and responsible choice – and explains that recognizing the sensations and thoughts of a frightened part of your personality is the first step toward choosing differently.</p>
<p><strong>(23:37) — Gary closes Part 1</strong> with a reminder that moment by moment, life brings you to a choice between love and fear. The choice is not what you intend. The choice is the action you take.</p>

<p><strong>Embrace the Soul Step Challenge</strong></p>
<p>Take out your notebook and think of a moment when you felt the pull of a temptation. Ask yourself: what frightened part of my personality was at work? What did it feel like in your body – in your chest, your throat, your solar plexus? Then ask the deeper question: were you choosing from love or from fear? Write down what you notice, without judgment. Temptation is not your enemy – it is the universe’s gracious invitation to know yourself more fully and choose, consciously, who you truly are.</p>"
Soul Snack #87: Stop Apologizing- What Authentic Power Does Instead,soul-snack-87-stop-apologizing-what-authentic-power-does-instead,Learn how to connect with your intuition every day.,https://seatofthesoul.com/wp-content/uploads/2026/06/GaryZukav_Ep87.5_Graphic-02.jpg,https://seatofthesoul.com/wp-content/uploads/2026/06/GaryZukav_Ep87.5_Graphic-02.jpg,Gary Zukav,,Soul Snack,Learn how to connect with your intuition every day.,https://www.youtube.com/watch?v=oWA3mbftH5o,"<p>Learn how to connect with your intuition every day. <a href=""https://seatofthesoul.com/daily-intuition-practice/""><strong>Click here to start your journey to authentic power</strong></a></p>

<p>In this Soul Snack, Gary Zukav explores one of the most common – and most misunderstood – responses to guilt: the apology. He challenges the assumption that saying “I’m sorry” is inherently loving or helpful, and <b>he reveals that most apologies do not arise from love, but from fear.</b></p>
<p>Using simple, vivid examples – from apologizing for a late reply to his team, to choosing to celebrate a young man’s father rather than offering condolences – </p>
<p>Gary shows how apologies often function as unconscious attempts to gain approval, avoid conflict, or manage how others feel about us. </p>
<p>Beneath the surface, they reflect a frightened part of the personality reaching outward for relief instead of turning inward toward growth.</p>
<p><b>The most loving response to guilt is not an apology.</b> It is the conscious choice to challenge the frightened part of the personality that guilt activates, and to cultivate authentic power instead.</p>
<p><strong>What You’ll Discover in This Soul Snack:</strong></p>
<ul>
<li><strong>(00:00) — Gary opens the exploration of apologies by asking when – if ever – saying “I’m sorry” is truly appropriate, viewed through the lens of authentic power.</strong></li>
<li><strong>(01:26) — After apologizing to his team for a late reply, a spiritual partner asks Gary whether that apology came from a frightened part of his personality</strong> – one wanting to remain liked rather than acting with genuine intention.</li>
<li><strong>(02:51) — Instead of offering condolences to a young man whose father had passed, Gary chose to celebrate the father’s life</strong> – showing how reflexive apologies often arise from habit rather than conscious love.</li>
<li><strong>(03:51) — Emotional pain does not originate with other people.</strong> It arises from interior dynamics – frightened parts of the personality activated by others’ words, not caused by them.</li>
<li><strong>(05:49) — Apologizing for someone else’s emotional pain means taking responsibility for an interior dynamic that belongs entirely to them</strong> – one only they have the power to transform.</li>
<li><strong>(06:48) — Gary reframes the core choice in every difficult interaction:</strong> react from fear, or respond with love. That choice is always ours.</li>
</ul>
<p><strong>Embrace the Soul Step Challenge</strong></p>
<p>Think of a recent moment when you felt the impulse to apologize – to a colleague, a loved one, or even a stranger. Ask yourself: Was that apology coming from love, or from fear? Was it an attempt to genuinely connect, or to manage how someone else felt about you? Sit with that question today, and notice what it reveals about the parts of your personality that were active in that moment.</p>"
Soul Feast #87: You Are the Miracle: What Quantum Physics & the Soul Agree On | Gary Zukav’s Personal Experiences,soul-feast-87-you-are-the-miracle-what-quantum-physics-the-soul-agree-on-gary-zukavs-personal-experiences,Your journey to Authentic Power begins here.,https://seatofthesoul.com/wp-content/uploads/2026/06/GaryZukav_Ep87_Graphic-02.jpg,https://seatofthesoul.com/wp-content/uploads/2026/06/GaryZukav_Ep87_Graphic-02.jpg,Gary Zukav,,Soul Feast,Your journey to Authentic Power begins here.,https://www.youtube.com/watch?v=irElLjPpv2E,"<p><br>
<strong>Your journey to Authentic Power begins here. <a href=""https://seatofthesoul.com/apg-optin/"">Download your copy of the Authentic Power Guidelines today</a></strong><br>
</p>
<p><b>In this DeepCast, Gary Zukav shares one of the most astonishing realizations of his spiritual journey</b>: that the words he wrote nearly fifty years ago – in his award‑winning book <i>The Dancing Wu Li Masters</i> – described with perfect precision the truth he has since lived, learned, and embodied through decades of experience, love, loss, and guidance from his angelic teacher, Genesis. Drawing on the language of quantum physics, </p>
<p>Gary returns to the physicists’ most profound and paradigm‑shattering conclusion: that what exists is one unbroken wholeness, no aspect of which is separate from any other – and that this is not a theory. It is what you are.</p>
<p>At the heart of this Soul Feast is a question Gary brought to Genesis in frustration and wonder: Why? Why did I have to go through all of that? The decades of searching, suffering, loving, growing, expanding – all of it. And <b>Genesis answered with four words that dissolved every remaining illusion of intellectual accomplishment: So you won’t know it. Not know it as information. Know it as experience. Know it as life itself.</b></p>
<p>The miracle, Gary reveals, is not something that happens to you. It is what you are. <b>You are the universe – and the universe is love. That is the only reason to do anything at all.</b></p>

<p><strong>What You’ll Discover in This Soul Feast:</strong></p>
<ul>
<li><strong>(00:44) — Gary begins with the story of writing The Dancing Wu Li Masters at 35</strong>, drawn by a felt sense that quantum mechanics revealed the precise edge where the intellect ends – and where what lies beyond it begins.</li>
<li><strong>(05:22) — Gary returns to the breathtaking conclusion he wrote half a century ago:</strong> that reality may be one unbroken wholeness, no aspect of which is separate from any other – and shares the shock of recognizing those words as an exact description of what he knows now.</li>
<li><strong>(10:00) — Gary reflects on the path that brought him to this moment: Genesis, Linda, the love he never imagined was possible</strong>, and the understanding that every experience – however difficult – was created to meet and transform the frightened parts of his personality.</li>
<li><strong>(14:18) — Genesis answers Gary’s deepest “why” with four words: So you won’t know it</strong>. Gary explores what it means to carry wisdom not as information, but as lived experience.</li>
<li><strong>(17:36) — Gary traces the arc of human evolution</strong> – from five‑sensory to multi‑sensory to universal human – and explains that authentic power, the alignment of personality with soul, is the path itself, and that love is what awaits on the other side of every choice.</li>
<li><strong>(22:43) — Gary arrives at the word that holds all of it: miracle.</strong> Not something outside of you – but what you are. You are the universe expressing itself uniquely in every moment, through every choice rooted in love or fear.</li>
</ul>
<p><strong>Embrace the Soul Step Challenge</strong></p>
<p>Take out your notebook and sit with what Gary shares in this DeepCast. Think of a moment in your life – something painful, confusing, or hard to understand – and ask yourself: What if this experience wasn’t something that happened to me, but something that happened for me, so that I would know it, not as a concept, but as lived truth? Sit with that. Then ask: in the choices I made today, was I creating from love – from harmony, compassion, and kindness – or from fear? Write down what you notice, without judgment. The miracle isn’t waiting somewhere ahead of you. It is you, here, now, choosing.</p>"
Soul Snack #86: What Determines a Soulmate?,soul-snack-86-what-determines-a-soulmate,Create the life you desire by choosing love over fear.,https://seatofthesoul.com/wp-content/uploads/2026/05/GaryZukav_Ep86.5_Graphic-02.jpg,https://seatofthesoul.com/wp-content/uploads/2026/05/GaryZukav_Ep86.5_Graphic-02.jpg,Gary Zukav,,Soul Snack,Create the life you desire by choosing love over fear.,https://www.youtube.com/watch?v=IaMh1bq_0ro,"<p><strong>Create the life you desire by choosing love over fear. <a href=""https://seatofthesoul.com/love-fear/"">Learn how HERE</a></strong></p>

<p><br>
In this episode, Gary Zukav answers a listener’s question that many have quietly wondered about: what determines a soulmate? His answer is expansive – every person on this planet, all seven billion incarnate souls, is in truth a soulmate. The more meaningful question is not who your soulmate is, but how you choose to relate to the souls whose paths cross your own.</p>
<p><strong>Gary introduces spiritual partnership as the most conscious and fulfilling way to relate to another soul</strong> – a relationship between equals, co‑created with intention for the purpose of spiritual growth, in which each partner chooses how they show up for one another.</p>
<p><strong>The hallmark of a true soulmate connection:</strong> partners stay together as long as they grow together spiritually – and share with one another what they fear most could destroy the partnership.</p>
<p><strong>What You’ll Discover in This Episode:</strong></p>
<p><strong>(00:43) — Gary offers a new way to understand the word soulmate:</strong> with seven billion incarnate souls on this planet, every person whose path crosses yours is, in truth, your soulmate.</p>
<p><strong>(01:33) — The deeper question is not who your soulmate is, but how you choose to relate</strong> – with awareness, love, and spiritual intention toward a fellow soul on a shared journey.</p>
<p><strong>(02:32) — Gary describes spiritual partnership as a conscious relationship</strong> between equals created for spiritual growth, in which partners stay together as long as both grow – and share what they fear most could damage the relationship. He reflects on his 26‑year partnership with Linda Francis as an example.</p>

<p><strong>Embrace the Soul Step Challenge</strong></p>
<p>Reflect on a key relationship in your life – a partner, friend, or colleague. Ask yourself: Am I relating to this person as a fellow soul, or through the lens of fear and habit? What would it look like to bring more consciousness and spiritual intention into this connection? Pause with that question today, and notice what arises.</p>"
"Soul Feast #86: What If You Are the Universe? The Soul, Free Will & Every Choice – Gary Zukav’s Personal Experiences",soul-feast-86-what-if-you-are-the-universe-the-soul-free-will-every-choice-gary-zukavs-personal-experiences-2,Discover a new way of seeing and experiencing the world.,https://seatofthesoul.com/wp-content/uploads/2026/05/GaryZukav_Ep86_Graphic-02.jpg,https://seatofthesoul.com/wp-content/uploads/2026/05/GaryZukav_Ep86_Graphic-02.jpg,Gary Zukav,,Soul Feast,Discover a new way of seeing and experiencing the world.,https://www.youtube.com/watch?v=Bzd3tr6JjK0,"<p><strong>Discover a new way of seeing and experiencing the world. <a href=""https://seatofthesoul.com/mutli-five-sensory/"">Start your journey to multisensory perception HERE</a></strong></p>

<p>In this DeepCast, Gary Zukav turns the lens inward with one of the most fundamental questions a human being can ask: <b>What are you?</b> Drawing from the perspective of the new consciousness:</p>
<p>Gary invites listeners beyond the limitations of the intellect and five-sensory perception, inviting them to see themselves not as personalities born on a date and destined to die – but as immortal souls and unique expressions of a universe made entirely of love.</p>
<p><b>At the heart of this Soul Feast is a distinction that changes everything: the difference between the “little you” – the personality, the name you carry, the self that will one day leave the Earth School – and the “big You,” </b>the soul that is eternal, exists in non-physical reality, and is always home. The new consciousness now makes it possible to experience both at the same time. Yet most of us remain anchored in the old consciousness, where identity stopped at the edges of the physical body and power meant manipulation and control.</p>
<p><b>Gary offers a profound reorientation: you are your perceptions</b>, a unique expression of the Universe, and above all, you are love – and every choice you make, in love or in fear, shapes what that unique expression becomes.</p>
<p><strong>What You’ll Discover in This Soul Feast:</strong></p>
<p><strong>(02:49) — Gary introduces the distinction between the “little you” (personality) and the “big You” (soul)</strong> –  two aspects of the self that the new consciousness now makes it possible to experience at the same time – and why this changes everything about identity, power, and what it means to be alive in the Earth School.</p>
<p><strong>(05:48) — Gary reframes the difference between love and fear not as morality or ethics, but as an energetic difference in who you are</strong> – and explains how aligning personality with soul is the new consciousness definition of authentic power.</p>
<p><strong>(08:56) — Gary shares the teaching that transformed his own experience:</strong> you are your perceptions. This insight opens the door to experiencing the universe not as something outside of you, but as something you are.</p>
<p><strong>(11:51) — Drawing on the words of Jesus –</strong> “the kingdom of heaven is within you” – Gary illuminates what it means to be a unique expression of the universe, and why the intellect alone was never designed to take us there.</p>
<p><strong>(17:59) — Free will is the power to choose love or fear in every moment.</strong> Choices rooted in fear create painful, contracting consequences; choices rooted in love create healthy, expansive, creative experiences – and together, those choices become your unique expression of the universe.</p>
<p><strong>(24:11) — Gary closes with an invitation to experiment with choosing love</strong> – not romantic or sentimental love, but the love that is what you are – and shares his practice of following deep meaning as a compass for authentic living.</p>

<p><strong>Embrace the Soul Step Challenge</strong></p>
<p>Take out your notebook and sit with the question Gary poses in this DeepCast: What are you? Begin with the words, “I am my perceptions.” Sit with that for a few moments. Notice what you see, what you hear, what you feel – and notice that there is no separate “you” standing apart from those perceptions. Then ask yourself: in the choices I made today, was I acting from the big You – love, harmony, reverence for life – or reacting from the little you, from fear? Write down what you notice, without judgment. That honest awareness is where the creation of Authentic Power begins.</p>"
Soul Snack #85: The Mirror of Compassion: Why How You Treat Others Reflects How You Treat Yourself,soul-snack-85-the-mirror-of-compassion-why-how-you-treat-others-reflects-how-you-treat-yourself,Create the life you desire by choosing love over fear.,https://seatofthesoul.com/wp-content/uploads/2026/05/GaryZukav_Ep85.5_Graphic-02.jpg,https://seatofthesoul.com/wp-content/uploads/2026/05/GaryZukav_Ep85.5_Graphic-02.jpg,Gary Zukav,,Soul Snack,Create the life you desire by choosing love over fear.,https://www.youtube.com/watch?v=JOgaKz9hwBU,"<p><strong>Create the life you desire by choosing love over fear. <a href=""https://seatofthesoul.com/love-fear/"">Learn how HERE</a></strong></p>

<p>In this Soul Snack, Gary Zukav and Linda Francis explore the profound connection between compassion for yourself and compassion for others. </p>
<p>Gary reveals that the creation of Authentic Power and the cultivation of compassion are, in truth, the same path. </p>
<p><b>Every tool of the new consciousness – from multisensory perception to emotional awareness and responsible choice – serves as a direct gateway to the practice of compassion.</b></p>
<p>Gary explains that the frightened parts of the personality are the parts that lack compassion. <b>The very same part of you that judges or feels impatience toward another person is inevitably directing those same judgements, impatience, and anger inward. </b>Linda deepens this insight: when we choose to judge another, we create that same experience in our own self and in our own bodies, making compassion for the self and others impossible in that moment.</p>
<p>Gary also introduces the dynamic of <b>projection – the tendency of the personality to see in others what the frightened parts refuse to acknowledge within ourselves.</b> By recognizing these projections, we can identify the internal “curriculum” that needs healing.</p>
<p><b>True compassion becomes available the moment you step out of the control of a frightened part of your personality and into the domain of Love. </b>That movement, repeated with intention, is the fundamental mechanism through which Authentic Power is created.</p>
<h3><strong>What You’ll Discover in This Soul Snack:</strong></h3>
<p><strong>(00:53) — Gary explains why creating authentic power and creating compassion are one and the same practice</strong> – and why everything already learned in the Earth School applies directly, with no need to start over.</p>
<p><strong>(01:30) — The frightened parts of the personality are the parts with no compassion:</strong> the same parts judging, criticizing, or feeling impatient with others are doing the exact same thing inward.</p>
<p><strong>(03:28) — Linda illuminates how judging someone else simultaneously creates that experience in your own body</strong> – and why compassion for yourself and others cannot exist at the same time as judgment.</p>
<p><strong>(03:47) — Gary clarifies the powerful two-way connection:</strong> you cannot have compassion for someone else without having compassion for yourself – and you cannot have compassion for yourself without having it for others. Both exist in the domain of love.</p>
<p><strong>(04:16) — Gary introduces the practice of projection:</strong> writing down everything a frightened part of your personality dislikes in another person – in detail – and then looking for those same qualities honestly within yourself.</p>
<p><strong>(05:26) — Why understanding compassion in the mind is not enough:</strong> Linda and Gary discuss the essential role of emotional awareness in actually feeling what you are challenging, so that frightened parts of the personality begin to lose their control.</p>

<p><strong>Embrace the Soul Step Challenge</strong></p>
<p>Take a moment to bring to mind someone you have been judging, criticizing, or feeling impatient with. Write down everything about them that a frightened part of your personality doesn’t like – in detail. Then, with courage and openness, look for those same qualities within yourself. This is the practice of projection awareness, and one of the most direct doorways into compassion for yourself and others. Ask yourself: What would it feel like to meet this moment with love instead of judgment? Pause with that question today, and notice what arises.</p>"
Soul Feast #85: How Do You Relate To Your Child? Learn to Talk To Their Soul – Gary Zukav’s Personal Experiences,soul-feast-85-how-do-you-relate-to-your-child-learn-to-talk-to-their-soul-gary-zukavs-personal-experiences,Your journey to Authentic Power begins here.,https://seatofthesoul.com/wp-content/uploads/2026/05/GaryZukav_Ep85_Graphic-01.jpg,https://seatofthesoul.com/wp-content/uploads/2026/05/GaryZukav_Ep85_Graphic-01.jpg,Gary Zukav,,Soul Feast,Your journey to Authentic Power begins here.,https://www.youtube.com/watch?v=JCGWAPH1bb8,"<p><strong>Your journey to Authentic Power begins here. <a href=""https://seatofthesoul.com/apg-optin/"">Download your copy of the Authentic Power Guidelines today</a></strong></p>

<p>In this DeepCast, Gary Zukav explores <b>one of the most profound dimensions of Authentic Power: how we relate to the children in our lives.</b> Gary invites us to see them not merely as developing personalities or “small” versions of ourselves, but as immortal souls on their own unique journey through the Earth School. Drawing on the perspective of the new consciousness, he reframes <b>parenthood and every interaction with a child as a sacred opportunity to practice conscious, soul-centered love</b>.</p>
<p><strong>At the heart of this Soul Feast lies a powerful distinction: </strong></p>
<p>When we see children only through the lens of their physical bodies and undeveloped minds, we miss the reality of who they truly are. </p>
<p>Children do not simply emerge from the womb – they arrive from eternity, carrying the full creative power and accumulated experience of souls that have incarnated many times before. <b>Recognizing that your child is an ancient soul changes everything about the way you relate to them.</b></p>
<p>Gary illuminates how every interaction with a child – whether it is born of reverence or impatience, consciousness or reaction – creates karma. <b>The intention behind each moment – Love or Fear – shapes not only the child’s experience but the parent’s own spiritual evolution. </b>This is an invitation to move beyond control and into Spiritual Partnership with the ancient souls we call our children.</p>
<p><strong>What You’ll Discover in This Soul Feast:</strong></p>
<p><strong>(03:04) — Gary explores the special relationship parents share with their children</strong> and how understanding the soul dimension transforms the way we connect with even the youngest, most vulnerable personalities in the Earth School.</p>
<p><strong>(05:53) — Gary reflects on his time at the Council Grove Conference and introduces the work of Gladys McGarry, MD</strong> – a physician and midwife whose research documented pre-birth communications between mothers and children, revealing that the soul-to-soul bond begins long before birth.</p>
<p><strong>(12:12) — Gary explains how every interaction with a child creates karma:</strong> when the intention behind a moment is fear, impatience, anger, or the desire for silence – it generates painful, contracting consequences; when it is love, it creates growth, wholeness, and genuine connection.</p>
<p><strong>(18:01) — Gary describes what it means to relate soul to personality:</strong> how parents with the new consciousness can offer children the lived experience of love, harmony, cooperation, and reverence for life – even before the child can articulate or fully reciprocate it.</p>

<p><strong>Embrace the Soul Step Challenge:</strong></p>
<p>Take out your notebook and write down anything that moved you as you listened to this DeepCast – anything you responded to with love or reacted to with fear. At the end of the day, and in the days that follow, revisit what you’ve written. Notice where love was present and where fear took hold. Ask yourself what each reaction reveals about the parts of your personality that are still growing. That awareness, honestly applied, is where spiritual growth begins.</p>"
Soul Snack #84: Stop Playing It Safe: How to Break Free From Fear and Live Authentically,soul-snack-84-stop-playing-it-safe-how-to-break-free-from-fear-and-live-authentically,Are you making choices in love or fear?,https://seatofthesoul.com/wp-content/uploads/2026/05/GaryZukav_Ep84.5_Graphic-02.jpg,https://seatofthesoul.com/wp-content/uploads/2026/05/GaryZukav_Ep84.5_Graphic-02.jpg,Gary Zukav,,Soul Snack,Are you making choices in love or fear?,https://www.youtube.com/watch?v=zYaHocfvMu0,"<p>Are you making choices in love or fear?  <a href=""https://seatofthesoul.com/cultivating-love-optin/"">Take this self-assessment today to find out</a></p>

<p>In this Soul Snack, Gary Zukav and Linda Francis explore the concept of freestyling as a powerful metaphor for living authentically. Drawing from the world of sports – skiing, snowboarding, and gymnastics – <b>Gary illuminates how the greatest athletes broke free from rigid conventions to create entirely new categories of movement.</b> That same liberation, he teaches, is available to every person willing to move beyond the narrow expectations set by the frightened parts of their personality.</p>
<p>Gary explains that the frightened parts of the personality are what define the parameters – the narrow band of what feels “acceptable” in life. Whether in writing, relationships, or personal ambition, those <b>fear-based limitations keep people performing the same routines.</b> But when a person chooses to act from a loving part of their personality instead, they <b>step into a domain that is entirely new, created by you, by choosing love.</b></p>
<p>Creating authentic power is the ultimate freestyle. </p>
<p>It is the practice of not being controlled by fear in the pursuit of external power and instead <b>following the call of the heart and soul – even when that direction is subtle, uncertain, or not yet fully understood.</b></p>
<h3><strong>What You’ll Discover in This Soul Snack:</strong></h3>
<ul>
<li><strong>(00:00) — How elite athletes in freestyle sports broke the rules</strong> of their disciplines and why that same courage applies to the creation of Authentic Power in the Earth School.</li>
<li><strong>(01:34) — Why the frightened parts of the personality set the parameters</strong> – and what happens when you make the Responsible Choice to act from a loving part of your personality instead.</li>
<li><strong>(02:11) — Gary shares how his own writing process changed</strong> when he released the pursuit of external power (writing what he thought “should” be written) and instead followed where the energy of his Soul’s intention led.</li>
<li><strong>(03:00) — The difference between the pursuit of external power</strong> (money, status, sex) and the creation of Authentic Power – following what your heart is genuinely calling you toward.</li>
<li><strong>(03:25) — Gary’s personal story of recognizing the frequency of Linda Francis the moment she arrived</strong>, and how that subtle but undeniable signal from the Soul led to thirty years of Spiritual Partnership.</li>
<li><strong>(04:33) — A reflection on Visual 31:</strong> which of the five figures represents your personality today – and which one represented you yesterday as you navigate the Earth School?</li>
</ul>
<p><strong>Embrace the Soul Step Challenge</strong></p>
<p>Take a moment to reflect on the areas of your life where the frightened parts of your personality have been setting the parameters. Where have you been staying inside the narrow band of what feels “acceptable” – in your relationships, your work, your creativity, or your goals? Ask yourself: What would I do if I were freestyling? What direction is your heart calling you toward that you have been hesitant to follow? Pause with that question today, and notice what arises.</p>"
Soul Feast #84: Scarlett Lewis – How to Choose Love While You’re Still in Pain: Scarlett Lewis- Gary Zukav’s Personal Experiences,soul-feast-84-scarlett-lewis-how-to-choose-love-while-youre-still-in-pain-scarlett-lewis-gary-zukavs-personal-experiences,Your journey to Authentic Power begins here.,https://seatofthesoul.com/wp-content/uploads/2026/05/GaryZukav_Ep84_Graphic-01.jpg,https://seatofthesoul.com/wp-content/uploads/2026/05/GaryZukav_Ep84_Graphic-01.jpg,Gary Zukav,,Soul Feast,Your journey to Authentic Power begins here.,https://www.youtube.com/watch?v=MCG2cYl-G1k,"<p><strong>Your journey to Authentic Power begins here. <a href=""https://seatofthesoul.com/apg-optin/"">Download your copy of the Authentic Power Guidelines today</a></strong></p>

<p>In this deeply moving continuation, Gary Zukav and Scarlett Lewis – founder of the Choose Love Movement – explore the interior landscape of <b>Authentic Power: what it truly means to choose love not just as a feeling, but as a conscious act of will in the face of grief, fear, and loss. </b>Together, they trace the path from forgiveness to compassion, and from compassion to personal transformation.</p>
<p>At the center of their exchange is a truth both hard-won and universal: <b>that the frightened parts of our personalities – anger, judgment, resentment, and righteousness – are not enemies to defeat but opportunities for deeper awareness.</b> Scarlett shares how forgiving the individual responsible for the death of her son, Jesse, was not an act of denial, but of liberation – and how that conscious choice led her to feel genuine compassion, and ultimately, love.</p>
<p><strong>Gary illuminates what makes this possible: </strong></p>
<p>A new level of consciousness allows us to see that we are not our frightened parts. We can observe them, choose not to be controlled by them, and act from our loving parts – even while fear is still present. </p>
<p><b>That is the exact moment Authentic Power is created.</b></p>
<p><strong>What You’ll Discover in This Soul Feast:</strong></p>
<ul>
<li><strong>(03:57) — Gary reflects on why he invited Scarlett back:</strong> her response to Jesse’s transition demonstrates what it looks like to face the frightened parts of the personality and choose love over judgment.</li>
<li><strong>(14:36) — Scarlett shares</strong> the internal process of forgiveness—releasing the charge of an event to move from the pain of the personality into the compassion and love of the Soul.</li>
<li><strong>(19:55) — Gary and Scarlett explore the paradox of Authentic Power</strong>: the tools of Emotional Awareness and Responsible Choice are simple, but applying them while fear is active is the most demanding work in the Earth School.</li>
<li><strong>(22:12) — Gary describes the exact moment Authentic Power is created:</strong> when you choose to act from a loving part of your personality while simultaneously experiencing the sensations of a frightened part.</li>
<li><strong>(31:55) — Scarlett reflects</strong> on approaching painful experiences as a Soul curriculum—turning toward difficulty with curiosity so that it refines, rather than defines, your life.</li>
<li><strong>(38:17) — Scarlett invites listeners to visit ChooseLoveMovement.org t</strong>o access tools for the next generation, helping children learn the skills of Authentic Power so they meet the world with love instead of fear.</li>
</ul>
<p><strong>Embrace the Soul Step Challenge</strong></p>
<p>Think of a moment when you felt the pull of a frightened part of your personality – anger, resentment, or the urge to be against something rather than for something. Now ask yourself: what was the loving intention beneath it that you couldn’t yet access? The next time a frightened part becomes active, pause before you act or speak. Ask: what would it look like to respond from the part of me that loves? You don’t have to feel love first. You only have to choose it.</p>"
"Soul Feast #83: Choosing Love Over Revenge: From Sandy Hook to 18,000 Schools – Gary Zukav’s Personal Experiences",soul-feast-83-choosing-love-over-revenge-from-sandy-hook-to-18000-schools-gary-zukavs-personal-experiences-2,Your journey to Authentic Power begins here.,https://seatofthesoul.com/wp-content/uploads/2026/05/GaryZukav_Ep83_Graphic-02.jpg,https://seatofthesoul.com/wp-content/uploads/2026/05/GaryZukav_Ep83_Graphic-02.jpg,Gary Zukav,,Soul Feast,Your journey to Authentic Power begins here.,https://www.youtube.com/watch?v=NoWtPnfTCw8,"<p><strong>Your journey to Authentic Power begins here. <a href=""https://seatofthesoul.com/apg-optin/"">Download your copy of the Authentic Power Guidelines today</a></strong></p>

<p><br>
In this profound co-creation, <b>Gary Zukav welcomes his first-ever Deepcast guest: Scarlett Lewis, founder of the Choose Love Movement</b> – a global nonprofit now reaching nearly 18,000 schools across 132 countries.</p>
<p>Scarlett shares the internal dynamics behind the movement, born from the experience of her six-year-old son Jesse’s return home on December 14th, 2012. Rather than surrender to the frightened parts of her personality that sought grief or revenge, she found her purpose in three words Jesse had written on the family’s kitchen chalkboard shortly before his transition: Nurturing, Healing, Love.</p>
<p><b>At the heart of Choose Love is a simple but profound truth: hurt people hurt people</b>. Scarlett recognized through direct experience that if the shooter had been able to give and receive nurturing, healing love, the tragedy would never have occurred. <b>That awareness did not produce blame – it produced a mission of the heart.</b></p>
<p>Gary reflects on Scarlett’s journey through the lens of the New Consciousness: what the personality calls a tragedy, the Soul recognizes as an opportunity for evolution – </p>
<p><b>One that has already changed millions of lives and made clear that love is not a feeling to wait for, but a Responsible Choice available in every moment.</b></p>
<h3><strong>What You’ll Discover in This Soul Feast:</strong></h3>
<ul>
<li><strong>(02:06) — The Choose Love Movement:</strong> Scarlett introduces the intentional vessel of her global nonprofit and the experience that gave birth to it. She shares how Jesse’s final chalkboard message – Nurturing, Healing, Love – became her life’s mission and the foundation for creating Authentic Power in the next generation.</li>
<li><strong>(07:55) — Refined, Not Defined:</strong> Scarlett describes her Responsible Choice following the Sandy Hook transition: the decision to not be defined by the frightened parts of the personality or grief. She chose joy and modeled for her surviving son what it means to be <i>for</i> love rather than <i>against</i> fear.</li>
<li><strong>(11:06) — A Miracle, Not a Tragedy:</strong> Gary reframes the events through the lens of multisensory perception. What the five-sensory personality labels a tragedy, the Soul recognizes as a miracle of awakening – one that has seeded a global movement and revealed the reality that love is an available choice in every Choice Moment™.</li>
<li><strong>(19:15) — Global Dissemination:</strong> From a farmhouse in Sandy Hook to nearly 18,000 schools, Scarlett discusses the Soul’s intention for this work. The movement’s reach culminated in “Choose Love” appearing in NFL end zones and on helmets at the Super Bowl – a beautiful sign of our collective awakening.</li>
<li><strong>(25:22) — The Gift of Attention:</strong> Scarlett shares the experience of sitting with school shooters and asking the question the intellect often avoids: <i>What needs were not met?</i> Their answer – that they didn’t feel seen – leads Gary and Scarlett to explore the Reverence required to see the holiness in every Soul we encounter.</li>
<li><strong>(29:50) — There Is No “Out There”:</strong> Understanding the multisensory reality that there is no separation between the inner and outer worlds. Every choice to move from fear to love ripples across the collective. As Scarlett notes, the change we seek in the Earth School must first be anchored within our own hearts.</li>
</ul>
<p><strong>Embrace the Soul Step Challenge</strong></p>
<p>Think of someone you recently pulled back from – a stranger, a colleague, someone in the news. What story did your mind tell about them? Now consider: what if that person simply didn’t feel seen? The next time you feel yourself contracting, pause and ask: Can I look for the light in this person right now? You don’t have to understand them or agree with them. Just choose – for one moment – to see them.</p>"
Soul Snack #82: The Reason Jealousy Keeps Coming Back,soul-snack-82-the-reason-jealousy-keeps-coming-back,Your emotions are messages from your soul.,https://seatofthesoul.com/wp-content/uploads/2026/05/GaryZukav_Ep82.5_Graphic-02.jpg,https://seatofthesoul.com/wp-content/uploads/2026/05/GaryZukav_Ep82.5_Graphic-02.jpg,Gary Zukav,,Soul Snack,Your emotions are messages from your soul.,https://www.youtube.com/watch?v=95cTTgUnY4g,"<p><strong>Your emotions are messages from your soul. <a href=""http://www.seatofthesoul.com/emotionalawarenesscourse"">Learn How to Tune In, </a>Listen HERE</strong></p>

<p><b>A new multisensory consciousness is transforming humanity, and with it comes an invitation to look honestly at the parts of ourselves we have long avoided – or justified.</b> In this Soul Snack, Gary Zukav and Linda Francis explore jealousy: what it feels like in the body, how it shapes our behavior, and <b>what it truly means to choose love when a frightened part of the personality is active.</b></p>
<p>Linda Francis opens with a candid admission – she was a deeply jealous person for most of her life, and for a long time, she didn’t fully recognize it. </p>
<p>When she did, her first instinct was to believe she had a right to feel that way – that the circumstances justified her reaction. But through her Spiritual Partnership with Gary, Linda came to understand a fundamental truth: <b>changing the people and situations around her would never change the internal dynamics generating her pain.</b></p>
<p>The shift occurred when Linda stopped “acting out” her jealousy – pushing away, judging, or separating – and made the Responsible Choice to feel the sensation instead. <b>By naming the fear to Gary and staying present with the physical sensations in her energy processing centers, she empowered her loving parts.</b> Over time, that frightened part of her personality lost its grip, allowing for a deeper alignment with her Soul.</p>
<h3><strong>What You’ll Discover in This Soul Snack:</strong></h3>
<ul>
<li><strong>(00:43) — Linda on living with unrecognized jealousy:</strong> Linda shares how deeply jealousy ran through her life – and how long she believed the circumstances around her were responsible for it.</li>
<li><strong>(01:41) — The moment the work began:</strong> Once Linda could no longer look outside herself for answers, she turned inward – naming the feelings in her body and telling Gary the truth of what she was experiencing.</li>
<li><strong>(02:40) — What she did instead of acting out:</strong> Rather than separating from Gary or blaming him, Linda chose to feel the jealousy fully – noticing thoughts and body sensations – without letting them direct her actions.</li>
<li><strong>(03:35) — How repetition created real change:</strong> By returning to this practice each time jealousy arose, Linda gradually gained power over that part of her personality, until what was once constant now appears only rarely.</li>
<li><strong>(04:00) — The only thing that actually worked:</strong> Changing herself – not the people or circumstances around her – was the only thing that helped her to choose to act from a loving part of her personality, and the same applies to every frightened part of the personality rooted in fear.</li>
</ul>
<p><strong>Embrace the Soul Step Challenge</strong></p>
<p>This week, when jealousy arises  -whether it shows up as a tightness in the chest, a sudden urge to pull away, or a thought that someone else is more than you – pause before acting on it. Ask yourself: Where do I feel this in my body? What story is it telling me? And what would it look like to feel this fully without letting it decide what I do next? Each time you choose to feel rather than react, you take one more step toward Authentic Power.</p>"
Soul Snack #81: Judging Someone? This Is What You Should Do,soul-snack-81-judging-someone-this-is-what-you-should-do,Learn how to connect with your intuition every day.,https://seatofthesoul.com/wp-content/uploads/2026/05/GaryZukav_Ep81.5_Graphic-01.jpg,https://seatofthesoul.com/wp-content/uploads/2026/05/GaryZukav_Ep81.5_Graphic-01.jpg,Gary Zukav,,Soul Snack,Learn how to connect with your intuition every day.,https://www.youtube.com/watch?v=vA9MlKAkZVk,"<p><strong>Learn how to connect with your intuition every day. Start your journey to authentic power!</strong></p>
<p><strong><a href=""https://seatofthesoul.com/daily-intuition-practice/"">Click Here</a></strong></p>

<p><b>A new multisensory consciousness is transforming humanity, and with it comes a deeper capacity for connection – one that begins not with the world around us, but within ourselves.</b> In this Soul Snack, Gary Zukav and Linda Francis explore the experience of compassion: what it feels like when it arises naturally, and what it means to cultivate it deliberately through the practice of Authentic Power.</p>
<p>Linda Francis opens by reflecting on how grateful she feels whenever compassion moves through her – and how it always leads back to love. She invites Gary to share his own experience, and he describes compassion arising most reliably in moments of judgment. </p>
<p>When he notices himself criticizing or pulling away from someone, he makes the Responsible Choice to remember that they are a Soul in a frightened part of their personality, and in pain.</p>
<p>In that remembering, the desire to connect overtakes the impulse to judge.</p>
<p><b>The Authentic Power Guidelines define compassion as the practice of noticing that other people are Souls, just like us, who sometimes have frightened parts of their personalities active </b>– and that remembering this is often enough to bring us back to the frequency of Love.</p>
<h3><strong>What You’ll Discover in This Soul Snack:</strong></h3>
<ul>
<li><strong>(00:43) — Linda reflects on the feeling of compassion:</strong> Linda shares her gratitude for the moments when compassion arises naturally – and how it always connects back to love.</li>
<li><strong>(01:01) — Gary on when compassion emerges most clearly:</strong> For Gary, compassion tends to surface in moments of judgment – when he notices himself criticizing someone and remembers they are a soul in pain.</li>
<li><strong>(01:38) — How remembering shifts the experience:</strong> When Gary recognizes that someone is in a frightened part of their personality, the impulse to judge loses its pull, and the desire to connect takes its place.</li>
<li><strong>(02:57) — The Authentic Power definition of compassion:</strong> The guidelines offer a clear and actionable understanding: compassion is remembering that other people are souls like us, who sometimes have frightened parts active – a tool that can interrupt judgment and return us to love.</li>
<li><strong>(03:39) — The progression of practice:</strong> Gary describes the natural arc of creating Authentic Power – from <i>I can do this</i> to <i>this is who I am</i> – where compassion becomes instinctive rather than intentional.</li>
<li><strong>(04:24) — Linda on the role of intention:</strong> Linda observes that Gary’s consistency with compassion flows from his clear intention to create Authentic Power  – and Gary affirms that he renews that intention every morning, every evening, and many times in between.</li>
</ul>
<p><strong>Embrace the Soul Step Challenge</strong></p>
<p>This week, when judgment arises toward someone in your life, pause before acting on it. Ask yourself: Is this person in a frightened part of their personality? Are they in pain? Let that question soften the distance. Each time you choose to remember that the person in front of you is a soul, just like you, you take one more step toward Authentic Power.</p>"
Soul Feast #81: Why You Are the Universe – Gary Zukav’s Personal Experiences,soul-feast-81-why-you-are-the-universe-gary-zukavs-personal-experiences,Discover a new way of seeing and experiencing the world.,https://seatofthesoul.com/wp-content/uploads/2026/05/GaryZukav_Ep81_Graphic-02.jpg,https://seatofthesoul.com/wp-content/uploads/2026/05/GaryZukav_Ep81_Graphic-02.jpg,Gary Zukav,,Soul Feast,Discover a new way of seeing and experiencing the world.,https://www.youtube.com/watch?v=pDQ2IgMoVl0,"<p><strong>Discover a new way of seeing and experiencing the world. <a href=""https://seatofthesoul.com/mutli-five-sensory/"">Start your journey to multisensory perception HERE</a></strong></p>

<p>In this Soul Feast, <b>Gary Zukav brings his personal series to its most expansive destination yet: the Universe itself.</b> Drawing on four years of profound transformation following Linda Francis’s Soul transition to non-physical reality, and the wisdom accumulated through his encounters with non-physical teachers, Jesus, Buddha, and Krishna:</p>
<p>Gary arrives at the insight anchoring every Soul Feast in this series – the Universe is not something you observe. It is something you are.</p>
<p>He revisits the final chapter of <i>The Dancing Wu Li Masters</i> and finds that words he chose a half-century ago – before his personality could fully grasp them – now describe precisely what he is living. <b>Gary traces the arc of human consciousness from five-sensory perception – where only the physical world is real – to the multisensory awareness now emerging across the planet.</b> Genesis taught him this transformation is happening within three generations, with roughly four billion Souls now carrying the new consciousness.</p>
<p>The answer Gary arrives at is simple and total: <b>the Universe is Love, Authentic Power is Love, and the only meaningful work left in the Earth School is to expand awareness of that love – by challenging the frightened parts of your personality and making the Responsible Choice, moment by moment, to let love drive.</b></p>
<h3><strong>What You’ll Discover in This Soul Feast:</strong></h3>
<ul>
<li><strong>(00:00) — An Unprecedented Transformation:</strong> Gary names the shift reshaping human history and frames the central choice every listener faces: gratitude, patience, and awe, or anger, worry, and despair.</li>
<li><strong>(01:22) — The Arc of This Series:</strong> Gary reflects on the journey this series has traced – from Linda’s transition and his encounter with Genesis, to Jesus, Buddha, and Krishna – and explains why the Universe is the destination they were always moving toward.</li>
<li><strong>(09:00) — The Dancing Wu Li Masters Closes the Circle:</strong> Gary returns to the final chapter of his first book, written a half-century ago while “sleepwalking,” and discovers that the words he chose then now describe exactly what he is living.</li>
<li><strong>(12:16) — The Universe Is All That Is:</strong> Drawing on Genesis’s teaching that Gary is the Universe – not an observer of it – Gary explores what it means that the Universe is not a container for love. It is love itself.</li>
<li><strong>(16:26) — Enjoy Yourself. All Is Perfect.:</strong> For 40 years, Genesis ended every session with the same words – enjoy yourself, all is perfect – and Gary only now understands it was never a farewell. It was an instruction. Joy is the revealer of love: you cannot experience both at the same time.</li>
<li><strong>(20:31) — Changing Yourself Changes the World:</strong> The old consciousness sees an uncrossable barrier between inner and outer. The new sees none. As you create authentic power within, the world transforms with you.</li>
</ul>

<p><strong>Embrace the Soul Step Challenge</strong></p>
<p>Think of the last time you tried to change something outside of yourself and found yourself spinning your wheels. What was driving you in that moment –  love or fear? Gary invites you to try a different experiment today: instead of reaching outward, pause and ask the question Genesis asked him for forty years – can I enjoy myself here? All is perfect. Not as a platitude, but as a practice.</p>"
Soul Snack #80: The Hidden Message Inside Every Emotion You’ve Been Ignoring,soul-snack-80-the-hidden-message-inside-every-emotion-youve-been-ignoring,Your emotions are messages from your soul.,https://seatofthesoul.com/wp-content/uploads/2026/05/GaryZukav_Ep80.5_Graphic-02.jpg,https://seatofthesoul.com/wp-content/uploads/2026/05/GaryZukav_Ep80.5_Graphic-02.jpg,Gary Zukav,,Soul Snack,Your emotions are messages from your soul.,https://www.youtube.com/watch?v=53nY94ZOS7w,"<p><strong>Your emotions are messages from your soul. <a href=""http://www.seatofthesoul.com/emotionalawarenesscourse"">Learn How to </a></strong><strong>Tune In and Listen HERE</strong></p>

<p>A new multisensory consciousness is transforming humanity, and with it comes a more intimate understanding of our internal landscape. In this Soul Snack, Gary Zukav responds to a listener question about Emotional Awareness – specifically whether labeling emotions is a useful part of the inner journey. With characteristic depth, he explains that emotions do not exist in the realm of the intellect, and that true awareness requires something far more personal than a label.</p>
<p>Gary distinguishes between the intellect, which is always comparative and judgmental, and the physical body, which is the true gateway to emotional experience. Emotions, he explains, are messengers from the Soul – continuously signaling whether you are about to act from a frightened part of your personality or a loving part. Dismissing these messages means forfeiting the very spiritual evolution they are offering.</p>
<p>The most direct path is not intellectualization, but sensation – feeling emotions intimately within your energy processing centers, where the real patterns of your Authentic Power are revealed.</p>
<h3><strong>What You’ll Discover in This Soul Snack:</strong></h3>
<ul>
<li><strong>(00:42) — A listener asks whether labeling emotions has a place in Emotional Awareness:</strong> Janet raises the inquiry of whether naming what we feel is a meaningful part of the inner journey Gary teaches.</li>
<li><strong>(00:59) — Why emotions cannot be reached through the intellect:</strong> Labels and analysis belong to the realm of thought – emotions exist in an entirely different domain, accessible only through the physical body and your energy processing centers.</li>
<li><strong>(01:30) — How your thoughts reveal which part of your personality is active:</strong> Judgmental or comparative thinking is a dependable signal that a frightened part of the personality is in control of your awareness.</li>
<li><strong>(02:23) — Emotions as the force field of the Soul:</strong> Our emotions are not obstacles but messengers – continuously guiding us toward love or alerting us to fear. Making the Responsible Choice based on those messages is where Authentic Power begins.</li>
<li><strong>(04:48) — The shift from external power to Authentic Power:</strong> Gary draws the defining distinction between chasing external circumstances to find relief and turning inward to face what has been activated – the only path that creates lasting spiritual evolution.</li>
</ul>
<h3><strong>Embrace the Soul Step Challenge</strong></h3>
<p>This week, when a strong emotion arises, resist the urge to name it or trace it back to someone else. Instead, pause and bring your attention into your body. Where do you feel it? Sit with those sensations without judgment and ask yourself: Is this a messenger from my soul? Is it pointing me toward fear or toward love? Each time you choose to feel rather than analyze, you take one step closer to Authentic Power.</p>"
Soul Feast #80: Who’s Driving Your Chariot? Krishna & The Great Battle – Gary Zukav’s Personal Experiences,soul-feast-80-whos-driving-your-chariot-krishna-the-great-battle-gary-zukavs-personal-experiences,Discover a new way of seeing and experiencing the world.,https://seatofthesoul.com/wp-content/uploads/2026/05/GaryZukav_Ep80_Graphic-02.jpg,https://seatofthesoul.com/wp-content/uploads/2026/05/GaryZukav_Ep80_Graphic-02.jpg,Gary Zukav,,Soul Feast,Discover a new way of seeing and experiencing the world.,https://www.youtube.com/watch?v=6y71JQsciuk,"<p><strong>Discover a new way of seeing and experiencing the world. <a href=""https://seatofthesoul.com/mutli-five-sensory/"">Start your journey to multisensory perception HERE</a></strong></p>

<p>In this Soul Feast, Gary Zukav continues his personal experiences series by turning to a frequency of wisdom that has stayed close to his heart: <b>Krishna</b>. Drawing a familiar <b>distinction between institutionalized religion and living spiritual truth,</b> Gary makes clear this isn’t about Hinduism as dogma – it’s about <b>the Soul’s intention</b> pulsing at its center. He traces his encounter with the <i>Mahabharata</i> and its heart, the <i>Bhagavad Gita</i>, unpacking the epic allegory of two warring families as something far more intimate: <b>the Great Battle between love and fear being fought within each of us, every moment.</b></p>
<p>Gary walks through the pivotal scene in which <b>Arjuna </b>– the greatest warrior in the Earth School – finds his physical body trembling before battle, and Krishna halts the chariot to provide a <b>non-physical perspective</b>. The two armies are not external families – they represent the loving and frightened parts of your own personality. <b>The Responsible Choice of who drives your chariot is the choice that defines your life and creates your future.</b></p>
<p>Authentic Power is not found in armies, wealth, or external power – it is found in the alignment of your personality with your Soul, choosing love over fear, moment by moment, in the Earth School.</p>
<h3><strong>What You’ll Discover in This Soul Feast:</strong></h3>
<ul>
<li><strong>(00:00) — Two Worlds, One Choice:</strong> Gary opens with the invitation anchoring this series: the choice between the new multisensory consciousness – gratitude, patience, and awe – and the old world of external power defined by anger, worry, and despair.</li>
<li><strong>(03:05) — The Heart of Hinduism:</strong> Gary shares how the <i>Mahabharata</i> opened him to living spiritual wisdom –  and how its heart, the <i>Bhagavad Gita</i>, distills everything into one searing question: love or fear?</li>
<li><strong>(06:30) — Arjuna’s Responsible Choice:</strong> The greatest warrior in the Earth School chooses Krishna as his chariot driver over all the armies in the world. Gary unpacks what that choice means – and why the Kaurava leader’s delight in gaining the armies (external power) is itself the lesson.</li>
<li><strong>(09:44) — The Greatest Battle Is Inside You:</strong> The two warring families represent the loving and frightened parts of your personality. The battle between them is the curriculum every awakening human being is living right now.</li>
<li><strong>(13:06) — Authentic Power Requires Your Total Involvement:</strong> Multisensory perception alone does not create Authentic Power – commitment, courage, compassion, and conscious action do. You cannot opt out. You volunteered.</li>
<li><strong>(20:56) — Living it Consciously:</strong> Gary shares how he and Linda Francis listened to the <i>Bhagavad Gita</i> together in Spiritual Partnership, and how even after her Soul’s transition, they continue to co-create. He carries Krishna’s words not as philosophy, but as lived experience.</li>
</ul>
<h3><strong>Embrace the Soul Step Challenge</strong></h3>
<p>Think of the great battle in your own life – not on any battlefield, but in a choice you keep deferring, a frightened part of yourself you keep handing the reins to. Arjuna, the greatest warrior in the world, froze. And yet he chose Krishna. Who are you choosing as your chariot driver? What would it look like, just today, to let love drive?</p>"
Soul Snack #79: Distractions Are Not the Enemy – They’re the Signal,soul-snack-79-distractions-are-not-the-enemy,Learn how to connect with your intuition every day.,https://seatofthesoul.com/wp-content/uploads/2026/05/GaryZukav_Ep79.5_Graphic-02.jpg,https://seatofthesoul.com/wp-content/uploads/2026/05/GaryZukav_Ep79.5_Graphic-02.jpg,Gary Zukav,,Soul Snack,Learn how to connect with your intuition every day.,https://www.youtube.com/watch?v=agkoqxh5JJc,"<p><strong>Learn how to connect with your intuition every day. <a href=""https://seatofthesoul.com/daily-intuition-practice/"">Click here to start your journey</a> to authentic power!</strong></p>

<p><b>A new consciousness is emerging, and with it comes a deeper look at the subtle forces that shape our inner lives.</b> In this Soul Snack, Gary Zukav explores the nature of distractions – the impulses, temptations, and obsessions that pull us away from our spiritual growth. With clarity and compassion, he explains that:</p>
<p>The universe continually offers us opportunities to see the parts of our personality that limit our potential, not to punish us, but to strengthen our ability to choose love over fear.</p>
<p><b>Gary Zukav goes deeper by showing how distractions arise from frightened parts of the personality that prefer avoidance over self-awareness. </b>These parts can appear powerful – whether through cravings, emotional attachments, or obsessive thoughts – but their influence depends entirely on whether we act on them. <b>Distraction, then, is not an external force but an internal signal inviting us to remain present, aware, and willing to choose differently.</b></p>
<p>The solution is simple and time-honored: notice the distraction, feel it fully, and choose <i>not</i> to act on it. <b>Each time you refrain from acting on a fear-based impulse, you loosen its grip and strengthen the loving, soul-aligned parts of your personality.</b></p>
<p><strong>What You’ll Discover in This Soul Snack:</strong></p>
<p><strong>(00:40) — Why distractions appear on the spiritual path: </strong>Gary Zukav explains how the universe uses distraction to reveal the frightened parts of your personality that limit your growth. </p>
<p><strong>(01:05) — How temptation pulls you away from self-awareness:</strong>Whether it’s craving, obsession, or fixation on another person, these impulses arise from frightened parts trying to avoid inner work. </p>
<p><strong>(02:08) — The power of choosing not to act from fear and to consciously choose to act from love:</strong> Gary Zukav shows why every distracted impulse grows stronger when acted upon – and weaker when you refrain. This is where authentic power begins. </p>
<p><strong>(02:28) — Why Responsible Choice rests with you:</strong>The universe can guide, but cannot choose for you. Only you can decide whether you react from fear or to consciously respond with love.</p>
<h3><strong>Embrace the Soul Step Challenge</strong></h3>
<p>This week, notice moments when temptation, craving, or fixation pulls your attention away from your inner work. Pause before reacting. Feel the distraction without judgment and ask yourself: Is this coming from a frightened part of my personality? Then choose not to act on it. Each time you make this choice, you reclaim your power, cultivate clarity, and strengthen the parts of you aligned with love.</p>"
"Soul Feast #79: Buddha, Angels & the Moment My Mind Went Quiet – Gary Zukav’s Personal Experiences",soul-feast-79-buddha-angels-the-moment-my-mind-went-quiet-gary-zukavs-personal-experiences,Discover a new way of seeing and experiencing the world.,https://seatofthesoul.com/wp-content/uploads/2026/05/GaryZukav_Ep79_Graphic-01.jpg,https://seatofthesoul.com/wp-content/uploads/2026/05/GaryZukav_Ep79_Graphic-01.jpg,Gary Zukav,,Soul Feast,Discover a new way of seeing and experiencing the world.,https://www.youtube.com/watch?v=8fbI0wnzbno,"<p><strong>Discover a new way of seeing and experiencing the world. Start your journey to multisensory perception <a href=""https://seatofthesoul.com/mutli-five-sensory/"">HERE</a></strong></p>

<p>In thisSoul Feast, <b>Gary Zukav continues his personal experiences series by tuning to a frequency he never anticipated: Buddha. </b>Making the same distinction he drew with Christ and Christianity, Gary is clear this isn’t about institutionalized structures – it’s about Siddhartha’s living wisdom. <b>He shares two unexpected encounters in San Francisco – the Kalachakra initiation with Kalu Rinpoche and the Black Hat Ceremony with the Karmapa – that silenced the chatter of his personality and brought tears his five-sensory perception couldn’t explain.</b></p>
<p>Gary traces the parallels between Buddha and Christ – two Souls, two transformations, two Responsible Choices that changed everything – alongside the teaching from Genesis, his long-term non-physical teacher, that the Universe is inside you, and there is no outside. </p>
<p>At first incomprehensible to the intellect, the idea echoed across traditions: Christ’s “the kingdom of heaven is within,” Lakota wisdom, and Buddha’s vision of worlds as numerous as dust motes. The intellect will never perceive this, Gary says. But your Soul can.</p>
<p><b>What emerged was simple: consciousness is immortal, and every moment in the Earth School is an invitation to make the Responsible Choice to choose love over fear.</b></p>
<h3><strong>What You’ll Discover in ThisSoul Feast:</strong></h3>
<ul>
<li><strong>(00:00) — Two Worlds, One Choice:</strong> Gary opens with the invitation anchoring this series: the choice between the new multisensory consciousness – gratitude, patience, and awe — and the old world of external power defined by anger, worry, and despair.</li>
<li><strong>(03:05) — The Most Personal Are the Most Universal:</strong> Gary explains why he shares his own experiences – not to be believed, but because the most intimate truths are the ones your Soul already recognizes.</li>
<li><strong>(06:30) — Two Encounters, One Silence:</strong> Gary recounts the Kalachakra initiation and the Black Hat Ceremony – experiences that stilled the chatter of his personality, brought unexplained tears, and drew the living wisdom of the Buddha into his life without his seeking it.</li>
<li><strong>(13:19) — Buddha and Christ:</strong> Two Paths, One Transformation: Gary draws the parallels between Siddhartha and Jesus – two Souls, both transformed. It was their Responsible Choices in those moments, not their miracles, that made them who they became in the Earth School.</li>
<li><strong>(18:21) — The Universe Is Inside You:</strong> Gary shares the teaching from Genesis that stopped him cold – and how it echoed across Christ, Lakota wisdom, and Buddha’s vision of worlds as numerous as dust motes, until it became undeniable to his multisensory perception.</li>
<li><strong>(23:33) — You Are a Unique Expression of the Universe:</strong> When his non-physical teachers told Gary he was Immortal, something shifted permanently. Consciousness does not cease. Spiritual responsibility does not cease. And that realization makes every moment in the Earth School precious.</li>
</ul>
<p><strong>Embrace the Soul Step Challenge</strong></p>
<p>Think of a moment when something unexpected opened a door – a conversation, an event you nearly didn’t attend. Did it quiet something in you? Leave a mark you couldn’t explain? Buddha didn’t find enlightenment by staying in the palace. Jesus didn’t become the Christ by avoiding the wilderness. What are you being asked to step toward that your intellect says makes no sense? What wisdom is already inside you, waiting to be recognized?</p>"
Soul Snack #78: Are You Actually Enjoying Your Life?,soul-snack-78-are-you-actually-enjoying-your-life,Your emotions are messages from your soul.,https://seatofthesoul.com/wp-content/uploads/2026/05/GaryZukav_Ep78.5_Graphic-02.jpg,https://seatofthesoul.com/wp-content/uploads/2026/05/GaryZukav_Ep78.5_Graphic-02.jpg,Gary Zukav,,Soul Snack,Your emotions are messages from your soul.,https://www.youtube.com/watch?v=8kxJMNbIp6I,"<p><strong>Your emotions are messages from your soul. </strong><a href=""http://www.seatofthesoul.com/emotionalawarenesscourse""><strong>Learn How to Tune In and Listen Here</strong></a></p>

<p><br>
In this illuminating episode, Gary Zukav and Linda Francis invite listeners to examine one of the most deceptively simple questions of spiritual evolution: <b><i>Are you truly enjoying yourself?</i></b><b> They offer a profound lens for understanding why so many of us navigate the Earth School without genuine joy – and what it means to make a Responsible Choice to live differently</b>.</p>
<p>Linda Francis reveals a powerful internal indicator: when you are not truly enjoying yourself, a frightened part of your personality is in command. </p>
<p>The moment you notice this lack of joy is the very moment you are being invited to choose again.</p>
<p><b>The path is available in every moment: choose the loving part of your personality – the part that always enjoys itself – and create Authentic Power by letting it lead.</b></p>
<h3><strong>What You’ll Discover in This Episode:</strong></h3>
<ul>
<li><strong>(00:02) — A New World, A New Choice:</strong> Gary opens with a vision of two worlds calling to each of us – one rooted in gratitude, patience, and awe (the new consciousness); the other in anger, worry, and despair (the old world of external power).</li>
<li><strong>(00:42) — Your Enjoyment as a Spiritual Indicator:</strong> Linda shares a transformative insight: if you are not truly enjoying yourself, a frightened part of your personality is active and in control of your experience in the Earth School.</li>
<li><strong>(01:12) — The Power to Choose:</strong> In any moment of non-enjoyment, you can make the Responsible Choice to consciously shift to the loving part of your personality, which always enjoys itself and aligns with your Soul.</li>
<li><strong>(01:39) — A Daily Reminder:</strong> Linda shares that she continues to receive the same message in her own meditations: <i>enjoy yourself</i>. Even for those deeply committed to spiritual evolution, this practice is ongoing and worth returning to every day as you create Authentic Power.</li>
<li><strong>(01:54) — One Happy Buddhist:</strong> Gary closes with a warm story about the Dalai Lama – a reminder that joy is not something to be earned through effort, but a conscious choice that reflects the frequency of the Soul.</li>
</ul>

<p><strong>Embrace the Soul Step Challenge:</strong></p>
<p>Pause and reflect: how much of your day are you truly enjoying yourself? The next time you notice tension, frustration, or a quiet sense of dread, stop and ask yourself – is a frightened part of my personality running the show right now? You don’t need to judge it. Simply notice it. Then ask: what would it feel like to choose the loving part of my personality instead? Try it once today – just once – and notice what shifts.</p>"
"Soul Feast #78: How Pain, Loss & Jesus Transformed My View of Resurrection – Gary Zukav’s Personal Experiences",soul-feast-78-how-pain-loss-jesus-transformed-my-view-of-resurrection-gary-zukavs-personal-experiences,Discover a new way of seeing and experiencing the world.,https://seatofthesoul.com/wp-content/uploads/2026/05/GaryZukav_Ep78_Graphic-02.jpg,https://seatofthesoul.com/wp-content/uploads/2026/05/GaryZukav_Ep78_Graphic-02.jpg,Gary Zukav,,Soul Feast,Discover a new way of seeing and experiencing the world.,https://www.youtube.com/watch?v=x2lOCsdqH4I,"<p><strong>Discover a new way of seeing and experiencing the world. Start your journey to multisensory perception <a href=""https://seatofthesoul.com/mutli-five-sensory/"">HERE</a></strong></p>

<p><br>
In this Soul Feast, Gary Zukav explores resurrection through the lens of multisensory perception – not as religious doctrine, but as a living symbol of what is happening to billions of souls right now. Drawing on his own transformative experiences, including the Soul’s transition of his beloved Spiritual Partner, Linda, and the awakening that followed,<br>
Gary reveals how resurrection is not a miraculous event reserved for the divine. Instead, it is a journey available to every Soul willing to move through pain consciously and make the Responsible Choice to choose love on the other side.</p>
<p>For Gary, the word “resurrection” had once belonged to Christianity – distant and beyond his reach. But when he sat with its true meaning – to restore – his internal landscape shifted. The crucifixion, he explains, is a map: the horizontal path represents a life of attempting to change circumstances without changing the self, while the vertical path is the path of spiritual evolution, where the Soul wakes up to something larger than the personality – its own Immortal nature. Resurrection, Gary says, is that waking. It is the before and the after – the moment a Soul, broken open by the curriculum of the Earth School, is restored to who they truly are.</p>
<p><strong>What You’ll Discover in This Soul Feast:</strong></p>
<p><strong>(00:00) — Two Worlds, One Choice:</strong> Gary opens with an invitation to choose between the new multisensory consciousness – gratitude, contentment, and awe – and the old world of external power defined by anger, worry, and despair.</p>
<p><strong>(03:05) — Compadre:</strong> Gary revisits his unexpected encounter with Jesus, who met him not as a distant deity but as a Spiritual Partner and equal who said simply, “I’m your compadre” – a moment that made the Responsible Choice to ever close his heart again unthinkable.</p>
<p><strong>(06:06) — What Does Resurrection Actually Mean?:</strong> Gary unpacks the word restore and how that single definition reframes the Earth School curriculum. There is a before and an after, and what comes after is the restoration of the personality to the frequency of the Soul.</p>
<p><strong>(09:01) — The Night He Wanted to Die:</strong> Gary shares the raw reality of Linda’s Soul’s transition and the morning-after realization that arrived as a permanent truth: the Soul’s intention for his remaining time is simply to love people.</p>
<p><strong>(12:01) — Souls in the Earth School</strong>: Gary illuminates what resurrection symbolizes on a cosmic scale – the Soul returning home, and the consciousness that carries forward the consequences of every Responsible Choice made in this life.</p>
<p><strong>(18:00) — What’s Yours?:</strong> Returning to Jesus as a model of conscious choice, Gary asks the question that anchors the creation of Authentic Power: faced with excruciating pain, Jesus chose love and forgiveness. In every moment, that same choice is available to each of us.</p>

<p><strong>Embrace the Soul Step Challenge</strong></p>
<p>Think of a moment when pain cracked you open – when something you didn’t think you could survive actually changed you. Not break you. Changed you. Was there a before and an after? Was there something in you that was restored – not created new, but returned? What would it mean to stop waiting for a dramatic resurrection and recognize that every time you choose love over fear, something in you rises? What small resurrection is available to you right now, in this moment, in this choice?</p>"
Soul Snack #77: You Were Born To Choose Love,soul-snack-77-you-were-born-to-choose-love,Discover a new way of seeing and experiencing the world.,https://seatofthesoul.com/wp-content/uploads/2026/05/GaryZukav_Ep77.5_Graphic-02.jpg,https://seatofthesoul.com/wp-content/uploads/2026/05/GaryZukav_Ep77.5_Graphic-02.jpg,Gary Zukav,,Soul Snack,Discover a new way of seeing and experiencing the world.,https://www.youtube.com/watch?v=VqiIgk6ZtGg,"<p><strong>Discover a new way of seeing and experiencing the world. Start your journey to multisensory perception <a href=""https://seatofthesoul.com/mutli-five-sensory/"">HERE</a></strong></p>

<p>In this soul-stirring Soul Snack, <b>Gary Zukav speaks directly to the heart of what it means to be alive in this unprecedented moment of human evolution.</b> As a new consciousness reshapes the entire human species.</p>
<p>Gary presents each listener with a fundamental choice: will you orient your life toward gratitude, patience, contentment, and awe – or remain in the familiar grip of fear and doubt? </p>
<p>This Soul Snack is both an invitation and a roadmap for those ready to walk the path of authentic transformation.</p>
<p><b>At the center of Gary’s teaching is the recognition that the frightened parts of our personality – those deeply ingrained patterns of reactivity and self-protection – will continue to run the show until we make a conscious, intentional choice to move beyond them. </b>The challenge is not simply wanting to change; it is summoning the genuine, soul level intention to align your personality with your soul and create Authentic Power.</p>
<p>The path forward is clear: <b>scan your body for emotional currents, set your intention, and choose love over fear in each moment.</b> By doing so, you become a spiritual partner – to yourself, and to those around you. As Gary reminds us, you were born to do this. Why not begin now?</p>
<h3><strong>What You’ll Discover in ThisSoul Snack:</strong></h3>
<ul>
<li><strong>(00:02) — A New World Being Born:</strong> Gary describes the unprecedented evolution of the human species – from five-sensory to multi-sensory – and the moment-by-moment choice we each face between two worlds.</li>
<li><strong>(00:30) — The Essence of Authentic Power:</strong> How to align your personality with your soul. Gary makes it clear: without a conscious intention, this alignment – and your spiritual evolution—simply cannot happen.</li>
<li><strong>(01:03) — Intention as the Only Lever:</strong> Only your own sincere, soul-level intention can move you beyond the control of the frightened parts of your personality. No one can do this work for you.</li>
<li><strong>(01:30) — The Choice for Love:</strong> Gary illuminates the core practice of spiritual awareness: distinguishing the frequency of love from the frequency of fear within your own body – and choosing love, unconditionally.</li>
<li><strong>(02:00) — The Path of Spiritual Partnership:</strong> Gary invites you into a new way of relating – as equals who are joined together for the purpose of spiritual growth.</li>
</ul>
<p><strong>Embrace the Soul Step Challenge:</strong></p>
<p>Pause and reflect: where in your life are the frightened parts of your personality still making decisions for you? Identify one moment this week when you felt fear, anger, or overwhelm  – and ask yourself: what would it have looked like to choose love instead? Set a clear intention today. Say it aloud or write it down: “I intend to align my personality with my soul and create Authentic Power in my life.” Notice what shifts when you do.</p>"
Soul Feast #77: Jesus – What Does It Mean To Be Guided By Him? – Gary Zukav’s Personal Experiences,soul-feast-77-jesus-what-does-it-mean-to-be-guided-by-him-gary-zukavs-personal-experiences,Discover a new way of seeing and experiencing the world.,https://seatofthesoul.com/wp-content/uploads/2026/05/GaryZukav_Ep77_Graphic-02.jpg,https://seatofthesoul.com/wp-content/uploads/2026/05/GaryZukav_Ep77_Graphic-02.jpg,Gary Zukav,,Soul Feast,Discover a new way of seeing and experiencing the world.,https://www.youtube.com/watch?v=eaCwvyUcdd0,"<p><strong>Discover a new way of seeing and experiencing the world. Start your journey to multisensory perception <a href=""https://seatofthesoul.com/mutli-five-sensory/"">HERE</a></strong></p>

<p>In this Soul Feast Gary Zukav shares a transformative revelation of his journey into multi-sensory perception: <b>the discovery that he is a student under the direct guidance of Jesus Christ. </b>From his initial repulsion – rooted in the frightened parts of his personality and the historical violence and hypocrisy of institutional religion – to the moment Jesus connected and spoke to him directly as a compadre and equal, Gary traces the arc of a relationship that cracked his heart wide open.</p>
<p>For Gary, the word “Christian” carried the heavy energy of the five-sensory human experience – the Crusades, the Inquisition, and the use of power as a weapon of control. </p>
<p>When Genesis delivered the announcement of his guidance, every frightened part of his personality rose up in resistance. Yet, beneath that fear, something else was quietly stirring.</p>
<p>The resolution came not through doctrine, but through direct experience. <b>Jesus met Gary as an equal – a presence so sweet and tender that it dissolved the walls created by the frightened part of his personality.</b> In that moment, the choice to close his heart became an impossibility, replaced by a permanent alignment with unconditional love.</p>
<h3><strong>What You’ll Discover in This Soul Feast:</strong></h3>
<ul>
<li><strong>(00:00) — Beyond the Five Senses:</strong> Gary opens with an invitation into the new human consciousness and the non-physical reality reshaping our species.</li>
<li><strong>(03:22) — The Announcement:</strong> Genesis pauses with profound intentionality, delivering a revelation Gary’s frightened parts never saw coming: he is a student under the direct guidance of Jesus.</li>
<li><strong>(05:20) — The Shadow of the Personality:</strong> Why that announcement felt like a threat to Gary’s sense of self, and the historical power struggles that created his resistance.</li>
<li><strong>(09:41) — The Cross Reframed:</strong> Genesis reinterprets the crucifixion as a map of authentic power: the horizontal path of the five-sensory world, the vertical path of spiritual transformation, and the heart at the intersection of both.</li>
<li><strong>(12:45) — Compadre:</strong> Jesus met Gary not as a deity, but as a spiritual equal – and four words expand his heart beyond the limits of the personality: “And I have you.”</li>
<li><strong>(15:35) — The Sweetness of the Soul:</strong> How the lived tenderness of this presence permanently transformed Gary’s capacity to remain in heart-bound connection with all of Life.</li>
</ul>
<h3><strong>Embrace the Soul Step Challenge</strong></h3>
<p>Think of something you’ve resisted – not because of what it truly is, but because of what the label carried. A word, a tradition, an identity so loaded with history that you couldn’t see past it. What if beneath that label lived something entirely different from what you feared? What parts of your spiritual journey have been shaped – or held back – by the weight of inherited associations? And what might open in you if you were willing to encounter it directly, without the armor of the past?</p>"
Soul Snack #76: The Conversation That Changes Everything,soul-snack-76-the-conversation-that-changes-everything,Discover a new way of seeing and experiencing the world.,https://seatofthesoul.com/wp-content/uploads/2026/05/GaryZukav_Ep76.5_Graphic-01.jpg,https://seatofthesoul.com/wp-content/uploads/2026/05/GaryZukav_Ep76.5_Graphic-01.jpg,Gary Zukav,,Soul Snack,Discover a new way of seeing and experiencing the world.,https://www.youtube.com/watch?v=bDWCbK0h-BY,"<p><strong>Discover a new way of seeing and experiencing the world. Start your journey to multisensory perception <a href=""https://seatofthesoul.com/mutli-five-sensory/"">HERE</a></strong></p>

<p>In this profound Soul Snack, <b>Gary Zukav reveals one of the most courageous practices available to spiritual partners: having the courage to share the very things the frightened part of your personality fears will most destroy the relationship.</b> This radical transparency is the foundation upon which genuine connection is built within the Earth School – and the surest path toward creating Authentic Power.</p>
<p>As Gary deepens the inquiry, he illuminates how:</p>
<p>Withholding what feels too vulnerable to say does not protect the Spiritual Partnership; instead, it creates a field of interference that quietly dismantles the bond. </p>
<p>Your partner already feels this distance in their energy centers, even when the personality cannot yet find the words to name it.</p>
<p>The invitation is both simple and transformative: become an explorer of your own internal landscape. When you make the Responsible Choice to share with integrity and depth, you <b>build a bond of trust that no amount of careful silence could ever create.</b></p>
<h3><strong>What You’ll Discover in This Soul Snack:</strong></h3>
<ul>
<li><strong>(00:00) — The Evolution of Consciousness:</strong> Gary opens with the unprecedented context of our transition to multisensory perception and the daily choice between the frequency of the Soul and the frightened personality.</li>
<li><strong>(00:43) — Alignment through Transparency:</strong> Discover why sharing the things your personality fears will destroy the bond is a foundational act of Authentic Power. Gary explains that this is not about “fixing” the relationship, but about serving the Soul’s intention for growth.</li>
<li><strong>(01:16) — The Recognition of Energy:</strong> When you withhold truth, you create a field of separation that your partner feels in their energy processing centers. Choosing silence is a choice to move toward distance, whether the personality recognizes it or not.</li>
<li><strong>(02:50) — Five-Sensory Marriage vs. Spiritual Partnership:</strong> Gary distinguishes between the old model of “not rocking the boat” and a Spiritual Partnership that intentionally swims into the unknown, finding stability in the shared evolution of the heart.</li>
<li><strong>(04:38) — Linda Francis:</strong> The Power of Honest Witnessing: Gary shares a transmission from Linda as she guides a group to speak from love. Learn how “protecting” a partner from the truth is a frightened impulse that prevents them from doing their own heroic work.</li>
<li><strong>(07:31) — Replacing Fear with Love:</strong> Recognizing that withholding to “avoid hurting someone” is an attempt to manipulate an outcome – a pursuit of external power. Authentic Power emerges when you choose to act from your loving parts, even while a frightened part is active.</li>
</ul>

<p><strong>Embrace the Soul Step Challenge:</strong></p>
<p>Think of a relationship where you have been holding something back – not because it is irrelevant, but because it feels too risky to say. Pause and ask yourself: is this silence an act of love, or an act of fear? What might become possible if you chose to speak from love instead?</p>"
Soul Feast #76: Gary Zukav’s Personal Experiences – God,soul-feast-76-gary-zukavs-personal-experiences-god,Discover a new way of seeing and experiencing the world.,https://seatofthesoul.com/wp-content/uploads/2026/05/GaryZukav_Ep76_Graphic-02.jpg,https://seatofthesoul.com/wp-content/uploads/2026/05/GaryZukav_Ep76_Graphic-02.jpg,Gary Zukav,,Soul Feast,Discover a new way of seeing and experiencing the world.,https://www.youtube.com/watch?v=AvxyZLlqmOw,"<p><strong>Discover a new way of seeing and experiencing the world. Start your journey to multisensory perception <a href=""https://seatofthesoul.com/mutli-five-sensory/"">HERE</a></strong></p>

<p>In this Soul Feast, Gary Zukav extends the inquiry into non-physical communication to its ultimate source: Divine Intelligence. From witnessing the wisdom of Genesis with Linda Francis to receiving an out-of-the-blue phone call from Oprah, Gary reveals how every encounter and every heartbreak is an intentional message from the Universe – precisely tuned for the spiritual evolution of each Soul.</p>
<p>At the heart of this transmission is the inquiry Gary once posed to Genesis: <strong>What is God?</strong></p>
<p>Not a commanding, demanding force – but realms upon realms of unconditional compassion and wisdom, always present. This reframing transforms prayer from a five-sensory plea for relief into a multisensory co-creation with Divine Intelligence.</p>
<p>The intentionality of the Universe is undeniable: every experience in the Earth School is a curriculum. From the $7,000 gift offered with total trust, to the profound loss that served as a gateway to his greatest gain, and the phone call that reached ten million Souls – each event is a transmission from Divine Intelligence designed to support your spiritual evolution and the creation of Authentic Power.</p>
<p><strong>What You’ll Discover in This Soul Feast:</strong></p>
<p><strong>(00:00) — The Communication That Never Stopped:</strong> Gary revisits the non-physical communication he experienced when Linda Francis arrived in Mount Shasta – an intentional frequency that quietly shaped the next 27 years of his life.</p>
<p><strong>(03:15) — Channeling Genesis Together:</strong> How Gary and Linda became fellow students of Genesis – and why the frightened part of the personality initially resisted the sessions until the truth was revealed through the recording.</p>
<p><strong>(08:48) — The $7,000 Moment:</strong> A pivotal scene where Gary recognized, with multisensory clarity, that his alignment with Linda was more significant than any form of external power.</p>
<p><strong>(14:00) — What Linda’s Soul Gave Him:</strong> How Linda’s Soul’s transition awakened an appreciation for dancing, music, and people – transforming a profound loss into the spiritual evolution of the heart.</p>
<p><strong>(15:40) — Oprah and Divine Orchestration:</strong> From a cabin in the mountains to a phone call that reached 12 million Souls – a precisely tuned transmission from Divine Intelligence.</p>
<p><strong>(16:51) — What Is God?:</strong> The Genesis inquiry that removed Gary’s resistance and redefines prayer as a conscious multisensory co-creation with Divine Intelligence.</p>
<p><strong>Embrace the Soul Step Challenge</strong><br>
Think of a moment that seemed too perfectly arranged to be random – a loss that opened a door, a call that changed everything, a gift that arrived in the shape of grief. What if that wasn’t luck or coincidence? If everything in the Earth School is a communication from divine intelligence, what has yours been saying to you – and are you ready to hear it?</p>"
Soul Snack #75: It’s Always Yours to Do,soul-snack-75-its-always-yours-to-do,"Explore your full potential, so you can give the gifts you were born to give.",https://seatofthesoul.com/wp-content/uploads/2026/05/GaryZukav_Ep75.5_Graphic-01.jpg,https://seatofthesoul.com/wp-content/uploads/2026/05/GaryZukav_Ep75.5_Graphic-01.jpg,Gary Zukav,,Soul Snack,"Explore your full potential, so you can give the gifts you were born to give.",https://www.youtube.com/watch?v=dhWS2tvKifY,"<p><strong>Explore your full potential, so you can give the gifts you were born to give. <a href=""http://www.seatofthesoul.com/soulthemescourse"">Enroll in Soul Themes Today</a>. Your soul has been waiting for you to take this journey.</strong></p>
<p>In this powerful Soul Snack, Gary Zukav delivers one of the most liberating truths of the multisensory path: <b>everything you are learning, everything you are working toward, and everything you are becoming is entirely yours to do. </b></p>
<p>The journey toward Authentic Power cannot be delegated or outsourced – not to a partner, a parent, or a teacher. It belongs to you alone.</p>
<p>Your incarnation is wholly your own. <b>You are responsible for what you have created in it – and you create everything in it.</b> When you recognize this, you reclaim the creative authority that fear-based thinking quietly steals from you every day.</p>
<p>The solution is both simple and transformative: <b>while you cannot determine what your future holds, you can choose how you respond when emotions arise.</b> That Responsible Choice is where Authentic Power is built.</p>
<h3><strong>What You’ll Discover in this Soul Snack:</strong></h3>
<ul>
<li><strong>(00:02) — The Birth of a New World:</strong> Gary opens with the sweeping context of humanity’s unprecedented shift in consciousness and the choice now before every individual: to live in gratitude, patience, contentment, and awe – or in anger, worry, overwhelm, and despair.</li>
<li><strong>(00:43) — It’s Always Yours To Do:</strong> Gary introduces the central teaching of this session – that everything explored on this path belongs entirely to you. Not your partner, not your parents, not your peers or psychologists. The work, the growth, and the transformation are all yours.</li>
<li><strong>(01:00) — Your Incarnation Is Your Responsibility:</strong> Understanding that you are fully responsible for what you have created in your incarnation – and that this responsibility is not a weight, but a declaration of your power as a creative, spiritual being.</li>
<li><strong>(01:12) — You Create Everything in It:</strong> Gary clarifies what it means to be the creator of your experience – not in the sense of controlling outcomes, but in the sense of choosing how you meet every emotion that arises within you.</li>
<li><strong>(01:22) — The Power of Conscious Choice:</strong> Discovering that while no one can determine the future, every person has the capacity to choose what they will do when they experience their emotions – and that this choice is the foundation of Authentic Power.</li>
</ul>"
Soul Feast #75: Gary Zukav’s Personal Experiences – Angels,soul-feast-75-gary-zukavs-personal-experiences-angels,Discover a new way of seeing and experiencing the world.,https://seatofthesoul.com/wp-content/uploads/2026/05/GaryZukav_Ep75_Graphic-02.jpg,https://seatofthesoul.com/wp-content/uploads/2026/05/GaryZukav_Ep75_Graphic-02.jpg,Gary Zukav,,Soul Feast,Discover a new way of seeing and experiencing the world.,https://www.youtube.com/watch?v=TXIENmYCTcE,"<p><strong>Discover a new way of seeing and experiencing the world. Start your journey to multisensory perception <a href=""https://seatofthesoul.com/mutli-five-sensory/"">HERE </a></strong></p>

<p>In this Soul Feast, <b>Gary Zukav reveals something more fundamental than non-physical teachers: non-physical communication never stops. </b>From a physics meeting at Lawrence Berkeley Laboratory to a first night at Esalen that could not have been random, </p>
<p>Gary traces the invisible guidance that shaped his awakening long before the personality had words for it. </p>
<p>As a young man hungry for meaning in the Earth School, he met the physicist who became his mentor and watched the chapters of <i>The Dancing Wu Li Masters</i> write and arrange themselves without outlines – until <b>he could no longer pretend he was creating alone.</b></p>
<p>The through line is unmistakable: <b>non-physical communication speaks through passion, through sudden knowing, through the chapters of a life that arrange themselves</b>—and through the laughter of a grandmother who lingered at her own funeral to delight in her own transition.</p>
<h3><strong>What You’ll Discover in This Soul Feast:</strong></h3>
<ul>
<li><strong>(00:00) — Beyond the Teacher:</strong> Why non-physical communication is far broader than channeling – and how Gary reframes it as the constant language of the Soul, available to every multisensory human.</li>
<li><strong>(03:07) — A Soul Returns Home:</strong> Gary reflects on the Soul’s transition of Linda Francis and reframes death not as catastrophe but as a soul returning home, welcomed by non-physical teachers and fellow souls into a loving embrace.</li>
<li><strong>(06:07) — The Spark at Lawrence Berkeley:</strong> How a Friday afternoon gathering of renowned physicists ignited something Gary couldn’t yet articulate – and why that uncontainable excitement was itself a form of non-physical communication.</li>
<li><strong>(08:47) — One Night at Esalen:</strong> The story of how Gary met Al Wong and David Finkelstein on his very first evening at Esalen – encounters that gave birth to <i>The Dancing Wu Li Masters</i> and, Gary says, could not possibly have been random.</li>
<li><strong>(15:10) — The Chapters That Closed Themselves:</strong> The pivotal moment during the writing of <i>The Dancing Wu Li Masters</i> when Gary realized he was not creating alone – and understood for the first time that it is not possible to create alone.</li>
<li><strong>(18:02) — Grandmother Libby’s Laugh:</strong> A tender early memory of non-physical communication – when Gary felt his grandmother’s presence at her own funeral, delighting in her own transition and jerking his hand as she always had in life.</li>
</ul>

<p><strong>Embrace the Soul Step Challenge</strong></p>
<p>Think of a moment that arrived too perfectly to be coincidence – a meeting, a passion, a knowing deeper than thought. What if that wasn’t luck? Where has non-physical communication already been at work in your story – and what might it be saying to you right now?</p>"
Soul Snack #74: Every Moment Is Big,soul-snack-74-every-moment-is-big,Learn how to connect with your intuition every day.,https://seatofthesoul.com/wp-content/uploads/2026/05/GaryZukav_Ep74.5_Graphic-01.jpg,https://seatofthesoul.com/wp-content/uploads/2026/05/GaryZukav_Ep74.5_Graphic-01.jpg,Gary Zukav,,Soul Snack,Learn how to connect with your intuition every day.,https://www.youtube.com/watch?v=8i-Z24YsC_w,"<p><strong>Learn how to connect with your intuition every day. <a href=""https://seatofthesoul.com/daily-intuition-practice/"">CLICK HERE</a> to start your journey to authentic power</strong></p>
<p>In this profound Soul Snack, Gary Zukav challenges you to reconsider everything you think you know about the significance of your daily life. He reveals that from a multisensory perspective, every moment in your life carries the same weight and evolutionary significance – not just the milestones or “special occasions” the five-sensory personality has been conditioned to value. Through his compassionate wisdom, Gary guides you to understand that each moment, even those you might dismiss as “ordinary,” presents a powerful opportunity to either react unconsciously from frightened parts of your personality or to apply Emotional Awareness and Responsible Choice to create Authentic Power.</p>
<p>The central problem facing multisensory humanity is the tendency to disempower yourself by dismissing the “now” as insignificant. When you ignore these seemingly small moments, you disregard who you truly are – a powerful, creative, and compassionate Soul. This unconscious dismissal keeps you trapped in repetitive patterns, allowing fear-based reactions to remain in control of your life in the Earth School.</p>
<p>The solution lies in recognizing that creating Authentic Power is heroic work that happens in every single moment. When you use your will to put distance between yourself and your emotional reactions, you move beyond the control of fear and step into your true nature as a Universal Human.</p>
<p><strong>What You’ll Discover in this Episode:</strong></p>
<p><strong>(00:02) —</strong> <strong>The Birth of a New World:</strong> Gary opens with humanity’s unprecedented shift in consciousness and the choice before every individual: gratitude, patience, and awe — or anger, worry, and despair.</p>
<p><strong>(00:43) —</strong> <strong>It’s Always Yours To Do:</strong> Everything on this path belongs entirely to you — not your partner, your parents, or your peers. The work, the growth, and the transformation are all yours.</p>
<p><strong>(01:00) —</strong> <strong>Your Incarnation Is Your Responsibility:</strong> You are fully responsible for what you have created in your incarnation — and that responsibility is not a burden, but a declaration of your power.</p>
<p><strong>(01:12) — You Create Everything in It:</strong> Being the creator of your experience isn’t about controlling outcomes — it’s about choosing how you meet every emotion that arises within you.</p>
<p><strong>(01:22) —</strong> <strong>The Power of Conscious Choice:</strong> No one can determine the future, but every person can choose how they respond when emotions arise — and that choice is the foundation of Authentic Power.</p>
<h3><strong>Embrace the Soul Step Challenge</strong></h3>
<p>Take a moment this week to notice when you catch yourself dismissing a moment as ordinary or insignificant. When you find yourself thinking “same old, same old,” pause and ask yourself: What opportunity am I missing right now? Am I reacting unconsciously to a frightened part of my personality, or am I choosing to respond consciously? Notice what happens when you shift your perspective and recognize that this moment – right now – is as big as any other moment in your life. Can you honor the heroic opportunity it presents to create authentic power?</p>"
Soul Feast #74: Gary Zukav’s Personal Experiences – The Angel,soul-feast-74-gary-zukavs-personal-experiences-the-angel,Discover a new way of seeing and experiencing the world.,https://seatofthesoul.com/wp-content/uploads/2026/05/GaryZukav_Ep74_Graphic-02.jpg,https://seatofthesoul.com/wp-content/uploads/2026/05/GaryZukav_Ep74_Graphic-02.jpg,Gary Zukav,,Soul Feast,Discover a new way of seeing and experiencing the world.,https://www.youtube.com/watch?v=Bc57AagRobw,"<p><strong>Discover a new way of seeing and experiencing the world. Start your journey to multisensory perception <a href=""https://seatofthesoul.com/mutli-five-sensory/"">HERE</a></strong></p>

<p>In this transformative Soul Feast, <b>Gary Zukav reveals his first encounters with non-physical teachers – beings that once seemed impossible to his five-sensory mind but became essential guides on his spiritual journey.</b> From a jet-lagged evening in Stockholm where he met Ambrose – a presence that knew impossible details about Gary’s time in the desert – to his profound relationship with Genesis, <b>Gary describes the opening of doorways into non-physical reality. </b>These were not abstract concepts but intimate, life-altering moments that challenged the very foundation of how he understood reality, connection, and the Earth School.</p>
<p>The friction Gary carried during these years wasn’t just about sexuality; it was the heavy burden of addiction and the pursuit of external power through the objectification of others. Genesis, a non-physical teacher, did not permit Gary’s personality to hide behind its defenses. When Gary finally sat before this presence, <b>the unspoken question in his heart was met with a direct hit of truth: the issue was not his sexuality, but his understanding of love and power.</b> This was the pivotal moment where the personality’s desperate need for control met the Soul’s invitation to experience authentic connection.</p>
<p>The wisdom Gary received was a reframe for all of multisensory humanity: </p>
<p>Communication with non-physical teachers is available to everyone, and within that relationship comes the ability to distinguish frightened parts of the personality from the loving parts of the personality.</p>
<p>By learning to recognize the frequency of Genesis’s guidance among the many voices in his mind, Gary discovered that <b>Authentic Power is not found in the temporary relief of addiction, but in the Responsible Choice to choose love, no matter what fear demands.</b></p>
<h3>What You’ll Discover in This Soul Feast:</h3>
<ul>
<li><b>(03:10) — From Radical to Normal:</b> How the ideas in Gary’s first book about the <b>new consciousness</b>, once considered radical in 1989, are now the lived experience of four billion <b>multisensory humans</b>.</li>
<li><b>(05:00) — Meeting Ambrose:</b> Gary’s first encounter with a <b>non-physical teacher</b> in Stockholm—how Ambrose knew about his dreams in the desert and ignited a small flame that Gary had to keep alive by making the <b>Responsible Choice</b> to speak with people.</li>
<li><b>(10:13) — Genesis and the Unspoken Question:</b> The moment Genesis answered the question Gary didn’t have the courage to ask about his sexual addiction, redirecting him from the personality’s struggle to the nature of <b>love and power</b>.</li>
<li><b>(13:45) — Communication Is Established:</b> How Genesis placed a thought in Gary’s mind, taught him to recognize that specific frequency of guidance, and established direct communication that has continued for 40 years.</li>
<li><b>(17:18) — The 1987 Shift:</b> Genesis’s announcement of the <b>Harmonic Convergence</b>—a thousand-year-planned event intended to increase humanity’s openness to <b>multisensory consciousness</b> across three generations.</li>
<li><b>(19:20) — The Humanness of Ambrose:</b> Why Gary describes Ambrose as the most warm, connected, and human presence he’s ever encountered—a very old and good friend in <b>non-physical form</b>.</li>
</ul>
<p>Embrace the Soul Step Challenge</p>
<p>Think of a moment when you received guidance that seemed to come from beyond your own thinking – a sudden knowing, a voice that spoke truth you couldn’t ignore, or wisdom that arrived precisely when you needed it most. Perhaps it happened in meditation, in nature, or in a quiet moment when your mind finally stopped its noise.</p>
<p>Pause and ask yourself: <i>What if that guidance was real?</i> What if you already have a non-physical teacher waiting to communicate with you, but the five-sensory consciousness you were taught keeps you from hearing? What if the issue you’re struggling with isn’t what you think it is – and a deeper question, one you haven’t yet had the courage to ask, is waiting to be answered? Gently invite yourself to consider: could you be ready to recognize that voice when it speaks?</p>"
Soul Snack #73: Why is it Important to Experience Physical Sensations?,soul-snack-73-why-is-it-important-to-experience-physical-sensations,Your emotions are messages from your soul.,https://seatofthesoul.com/wp-content/uploads/2026/02/GaryZukav_Ep73.5_Graphic-02.jpg,https://seatofthesoul.com/wp-content/uploads/2026/02/GaryZukav_Ep73.5_Graphic-02.jpg,Gary Zukav,,Soul Snack,Your emotions are messages from your soul.,,"<p><strong>Your emotions are messages from your soul. <a href=""http://www.seatofthesoul.com/emotionalawarenesscourse"">Learn How to Tune In and Listen HERE</a>.</strong></p>

<p>In this illuminating episode, <b>Gary Zukav reveals why experiencing physical sensations in your body is essential to creating Authentic Power.</b> Set within the context of humanity’s unprecedented shift in consciousness, Gary guides you to understand that <b>painful physical sensations – felt within your energy centers – are not caused by the external world, but by the internal dynamics of your own personality.</b> Through his compassionate wisdom, he explains how most people exhaust their energy pursuing <b>external power – attempting to change the world or others to find relief – when real transformation requires looking inward to change the dynamics that create those sensations.</b></p>
<p>The central challenge facing multisensory humanity is the five-sensory tendency to seek relief from painful emotions by manipulating the external environment. </p>
<p><b>This pursuit of external power can only create temporary happiness, a fleeting high that inevitably fades. </b>Whether it is acquiring a material object or demanding an apology, these external shifts cannot permanently alter the frightened parts of the personality that are creating your painful sensations.</p>
<p>The solution lies in creating Authentic Power by cultivating Emotional Awareness, looking deeply at what is occurring within you, and making the Responsible Choice to respond with love instead of reacting with fear.<b> When you shift your focus from changing the world to transforming yourself, you ignite a joy that is not dependent on external circumstances. This is the path of the Universal Human.</b></p>
<h3><strong>What You’ll Discover in This Soul Snack:</strong></h3>
<ul>
<li><strong>(00:00) — The Gateway to Self-Awareness:</strong> Gary explains how experiencing physical sensations allows you to see the internal dynamics of your personality creating them, rather than wasting time pursuing external power to change the world.</li>
<li><strong>(01:35) — The Activation of Internal Dynamics:</strong> Understanding how external events and your thoughts about them activate the dynamics within you—the frightened parts of your personality – that create painful physical sensations.</li>
<li><strong>(02:30) — The Roller Coaster of External Power:</strong> Gary uses a powerful analogy to illustrate how changing the external world creates only temporary happiness, while Authentic Power ignites joy that is independent of circumstances.</li>
<li><strong>(03:56) — Responding with Love vs. Reacting with Fear:</strong> Discovering the profound difference between making the Responsible Choice to consciously respond with love to what the world activates in you and automatically reacting from fear.</li>
<li><strong>(04:30) — The Futility of Changing Others:</strong> Learning why trying to change your spiritual partner, friend, or pursuing the external power of being “right” will not change the dynamics creating your painful sensations.</li>
</ul>
<h3><strong>Embrace the Soul Step Challenge</strong></h3>
<p>Take a moment this week to notice when you experience a painful physical sensation in your body. Instead of immediately looking to the external world to make it go away, pause and ask yourself: What internal dynamic might be creating this sensation? Have I been trying to change someone or something outside of me to feel better? Notice what happens when you shift your attention inward and become curious about what this sensation is revealing about yourself. Can you choose to respond with love to this information rather than react with fear?</p>"
Soul Snack #72: Your Life Is An Adventure,soul-snack-72-your-life-is-an-adventure,Are you making choices in love or fear?,https://seatofthesoul.com/wp-content/uploads/2026/02/GaryZukav_Ep72.5_Graphic-01.jpg,https://seatofthesoul.com/wp-content/uploads/2026/02/GaryZukav_Ep72.5_Graphic-01.jpg,Gary Zukav,,Soul Snack,Are you making choices in love or fear?,,"<p><strong>Are you making choices in love or fear? <a href=""https://seatofthesoul.com/cultivating-love-optin/"">Take this self-assessment today to find out</a>.</strong></p>

<p>https://youtu.be/rtGI4EF3ybc</p>

<p>In this transformative Soul Snack, Gary Zukav invites you to <b>recognize your life in the Earth School as the grand adventure it truly is – unfolding in this very moment.</b> Set within the context of humanity’s unprecedented shift in consciousness, Gary explores how a new world is being born while the old world of external power disintegrates, and how both worlds are calling to your Soul. Through his compassionate guidance, he reveals how <b>every experience presents a Responsible Choice and how awakening to this adventure allows you to appreciate your journey, your spiritual evolution, and even the frightened parts of your personality that challenge you.</b></p>
<p>The central challenge facing multisensory humanity is navigating between two worlds – one rooted in gratitude, patience, contentment, and awe of the Universe, and another trapped in the anger, worry, and despair of the five-sensory personality. </p>
<p>Each moment of this adventure brings experiences that call for a conscious choice, determining whether you create from fear-based reactions or love-based intentions.</p>
<p>The solution lies in awakening to your life as an intentional adventure in the Earth School and appreciating each experience as a tailored opportunity to create Authentic Power. <b>When love is chosen over fear consistently, the door opens to Spiritual Partnership with others who are also committed to living as aware, Universal Humans.</b></p>
<p><strong>What You’ll Discover in This Soul Snack:</strong></p>
<ul>
<li><strong>(00:02) — The Leap in Consciousness:</strong> Gary explores the unprecedented shift in human awareness and the profound choice between the world of external power and the emerging multisensory reality.</li>
<li><strong>(00:29) — Life as a Present-Moment Adventure:</strong> A deep look at recognizing your life in the Earth School as an ongoing adventure unfolding right now, rather than a collection of past events.</li>
<li><strong>(00:57) — The Constant Invitation to Choice:</strong> Understanding how the Universe continuously presents experiences that require a Responsible Choice between the frightened and loving parts of your personality.</li>
<li><strong>(01:49) — Appreciating the Curriculum of the Soul:</strong> Gary explains how awakening allows you to appreciate your own journey and those who challenge you as potential Spiritual Partners in the creation of Authentic Power.</li>
</ul>
<h3><strong>Embrace the Soul Step Challenge</strong></h3>
<p>Take a moment this week to recognize your life as the adventure it is right now. When you encounter a challenging situation or person, pause and ask yourself: Am I choosing love or fear in this moment? Can I appreciate this experience as part of my adventure in the Earth School? Notice what happens when you consciously choose to respond with love rather than react from fear, and observe how this choice shapes your ongoing adventure.</p>"
Soul Feast #72: Gary Zukav’s Personal Experiences – Linda Part 2,soul-feast-72-gary-zukavs-personal-experiences-linda-part-2,Discover a new way of seeing and experiencing the world.,https://seatofthesoul.com/wp-content/uploads/2026/02/GaryZukav_Ep72_Graphic-02.jpg,https://seatofthesoul.com/wp-content/uploads/2026/02/GaryZukav_Ep72_Graphic-02.jpg,Gary Zukav,,Soul Feast,Discover a new way of seeing and experiencing the world.,,"<p><strong>Discover a new way of seeing and experiencing the world. <a href=""https://seatofthesoul.com/mutli-five-sensory/"">Start your journey to multisensory perception HERE</a>.</strong></p>
<p>https://youtu.be/A3RibsRoQvs</p>

<p>In this profoundly moving conclusion to his personal journey, <b>Gary Zukav continues the story of his Spiritual Partnership with Linda Francis.</b> He guides listeners through the beauty of their 27 years together – a laboratory of Authentic Power – and the night of Linda’s transition, when her Soul completed its curriculum in the Earth School. Through memories of global adventures and quiet moments of belonging,</p>
<p><b>Gary reveals how the unbearable agony of the personality can become a powerful invitation to multisensory awareness.</b></p>
<p>As Gary reflects on their travels to sacred sites and the simple comfort of their life, he illuminates how <b>Spiritual Partnerships operate beyond the needs and dramas that characterize five-sensory relationships.</b> Yet, even within this conscious partnership, he reveals how<b> frightened parts of the personality can emerge unnoticed, showing why vigilance and the Spiritual Partnership Guidelines remain essential throughout the journey.</b> When Linda suffered a massive stroke, Gary experienced a grief so overwhelming it challenged the very foundations of his personality – only to discover that this pain held the seeds of his greatest awakening.</p>
<p>The solution Gary offers is both stark and sacred: <b>allow loss to dissolve the barriers of your personality so you may see your true purpose.</b> In surrendering to the unbearable, he discovered that his only reason for living is to love people, waking up fully present in the Earth School for the first time. By embracing rather than resisting the agony of grief, he found not an ending, but a new beginning – a continued, multisensory relationship with Linda’s soul and a deeper connection to the non-physical reality that supports us all.</p>
<h3><b>What You’ll Discover in This Soul Feast:</b></h3>
<ul>
<li><b>(00:02) — Beyond the Drama of the Five-Sensory Personality:</b> Gary describes how a <b>Spiritual Partnership</b> transcends the needful “ups and downs” and struggle to become a shared frequency of ease.</li>
<li><b>(05:30) — Global Adventures in Sacred Service:</b> Gary shares stories of their intentional travels—from cleaning toilets in India to the stillness of Machu Picchu—and how these served the <b>Soul’s intention</b>.</li>
<li><b>(15:12) — When Frightened Parts Emerge Unnoticed:</b> A raw look at how <b>unconscious patterns</b> and the karma of the personality can surface even in a deeply conscious partnership.</li>
<li><b>(19:31) — The Transition from the Earth School:</b> Gary recounts the night Linda’s <b>Soul</b> began its journey beyond the physical form and the profound presence required during her final days.</li>
<li><b>(24:13) — Grief as a Portal to Authentic Power:</b> How the unbearable agony of the personality dissolved Gary’s old world, revealing his ultimate purpose: <b>to love people</b>.</li>
</ul>

<p><strong>Embrace the Soul Step Challenge</strong></p>
<p>Reflect on a loss in your life – whether of a person, a dream, or an identity – that brought you to your knees. Pause and ask yourself: What gift emerged from that pain that I couldn’t have received any other way? What part of me died so that something truer could be born? Gently invite yourself to see how your greatest griefs may have been your most powerful teachers, guiding you toward your authentic purpose in the Earth School.</p>"
Soul Snack #71: Courage Meditation,soul-snack-71-courage-meditation,Are you ready to live Beyond the Five Senses?,https://seatofthesoul.com/wp-content/uploads/2026/02/GaryZukav_Ep71.5_Graphic-02.jpg,https://seatofthesoul.com/wp-content/uploads/2026/02/GaryZukav_Ep71.5_Graphic-02.jpg,Gary Zukav,,Soul Snack,Are you ready to live Beyond the Five Senses?,,"<p><strong>Are you ready to live Beyond the Five Senses? <a href=""http://www.seatofthesoul.com/beyondthefivesensescourse"">Learn How Here</a>.</strong></p>
<p>https://youtu.be/zM5q3leDI-Y</p>

<p>In this<strong> guided meditation,</strong> Gary Zukav and Linda Francis invite you into a quiet, inward exploration of courage as a lived, present-moment experience. Set within the larger context of multisensory humanity’s evolving consciousness, </p>
<p>the meditation offers a direct way to recognize where fear is operating in your daily life and where love is asking to be chosen instead. </p>
<p>Through gentle guidance, you are encouraged to turn inward and identify a specific area of your life in the Earth School that calls for courage right now.</p>
<p>This meditation moves beyond courage as an abstract virtue and reframes it as a <b>Responsible Choice: the willingness to respond with love instead of reacting from a frightened part of your personality.</b> By focusing your Total Attention on real-life situations – such as jealousy, disappointment, or self-judgment – <b>Gary and Linda help you bring Emotional Awareness to the parts of your personality that resist change, while creating space for compassionate observation.</b></p>
<p>The practice concludes by guiding you to imagine responding differently than you have before. <b>By staying present with physical sensations in your body’s energy centers, the meditation supports a shift from fear-based reactions toward intentional, love-based creation – one courageous choice at a time. </b>This is the foundation of creating Authentic Power.</p>
<p><strong>What You’ll Discover in This Episode:</strong></p>
<p><strong>(00:00) — Courage as a conscious choice</strong><br>
Gary and Linda introduce courage as the willingness to respond with love instead of reacting from fear.</p>
<p><strong>(00:45) — Identifying where courage is needed</strong><br>
Listeners are guided to recognize a real situation in their lives that calls for a new response.</p>
<p><strong>(01:45) — Noticing fear-based reactions</strong><br>
Jealousy, disappointment, and depression are explored as signals from frightened parts of the personality.</p>
<p><strong>(03:05) — Bringing awareness into the body</strong><br>
Attention is gently directed to the throat, chest, solar plexus, and pelvic area to notice physical sensations linked to fear and courage.</p>
<p><strong>(05:10) — Imagining a new response</strong><br>
Listeners practice envisioning themselves responding with love rather than fear, while staying present with bodily awareness.</p>
<h3><strong>Embrace the Soul Step Challenge</strong></h3>
<p>Take a moment this week to pause when fear arises – especially in situations where you normally react automatically. Ask yourself: Where is courage asking to be used here? What would it look like to respond with love instead of fear? Sit quietly, notice the sensations in your body, and allow yourself to imagine a new way of creating in that moment.</p>"
Soul Feast #71: Gary Zukav’s Personal Experiences – Linda Part 1,soul-feast-71-gary-zukavs-personal-experiences-linda-part-1,Your emotions are messages from your soul.,https://seatofthesoul.com/wp-content/uploads/2026/02/GaryZukav_Ep71_Graphic-02.jpg,https://seatofthesoul.com/wp-content/uploads/2026/02/GaryZukav_Ep71_Graphic-02.jpg,Gary Zukav,,Soul Feast,Your emotions are messages from your soul.,,"<p><strong>Your emotions are messages from your soul. <a href=""http://www.seatofthesoul.com/emotionalawarenesscourse"">Learn How to Tune In and Listen Here</a>.</strong></p>
<p>https://youtu.be/cLCtjzdGzRc</p>

<p>In this deeply personal Soul Feast, <b>Gary Zukav shares the story of how his Spiritual Partnership with Linda unfolded – not as a five-sensory romance, but as a profound spiritual awakening. </b>Through memories of community, synchronicity, fear, and choice,</p>
<p>Gary illustrates how authentic love emerges when frightened parts of the personality are met with awareness and compassion, rather than control or denial.</p>
<p>As Gary reflects on his early fears around intimacy, sexuality, and independence, he reveals how choices rooted in fear shape – and limit – the human experience. His journey with Linda became a living laboratory within the Earth School, showing that <b>love is not possession or sacrifice, but a shared commitment to spiritual growth, presence, and truth. </b>What begins as resistance from the personality slowly transforms into trust, vulnerability, and mutual evolution.</p>
<p>The solution Gary offers is a Responsible Choice: cultivate Emotional Awareness to recognize fear when it arises, and choose love instead. By doing so, you <b>allow your relationships to become sacred spaces where Authentic Power can grow and the Soul can flourish.</b></p>
<p><strong>What You’ll Discover in This Soul Feast:</strong></p>
<p><strong>(00:00) — The shift from old consciousness to new</strong><br>
Gary introduces the idea of humanity awakening as a species of souls, learning through choice rather than conditioning.</p>
<p><strong>(02:22) — Love or fear: the only choice that matters</strong><br>
Every moment offers a decision, and unconscious choices are always rooted in fear.</p>
<p><strong>(06:45) — When fear blocks life force</strong><br>
Gary shares a powerful physical experience that revealed his fear of sexuality and intimacy.</p>
<p><strong>(11:50) — From addiction to authentic connection</strong><br>
He reflects on moving beyond sexual addiction into genuine emotional intimacy.</p>
<p><strong>(14:43) — Love without ownership or fear</strong><br>
Gary describes a relationship built on shared purpose, trust, and spiritual growth.</p>

<p><strong>Embrace the Soul Step Challenge</strong></p>
<p>Reflect on a relationship in your life where fear once guided your choices – whether through control, withdrawal, or avoidance. Pause and ask yourself: What frightened part of me was active in that moment? Gently invite compassion into that memory, and consider how choosing love instead might shift your experience today.</p>"
Soul Snack #70: The Guest House,soul-snack-70-the-guest-house,Your emotions are messages from your soul.,https://seatofthesoul.com/wp-content/uploads/2026/02/GaryZukav_Ep70.5_Graphic-01.jpg,https://seatofthesoul.com/wp-content/uploads/2026/02/GaryZukav_Ep70.5_Graphic-01.jpg,Gary Zukav,,Soul Snack,Your emotions are messages from your soul.,https://www.youtube.com/watch?v=iqqoD4Gsk-M,"<p><strong>Your emotions are messages from your soul. <a href=""http://www.seatofthesoul.com/emotionalawarenesscourse"">Learn How to Tune In and Listen HERE</a>.</strong></p>

<p>In this Soul Snack, Gary Zukav reflects on <i>The Guest House</i>, the well-known poem attributed to Rumi, to illuminate a core truth of <b>Emotional Awareness: every inner experience arrives with purpose.</b> Joy, sorrow, anger, shame, and fear are not interruptions to the spiritual path, but essential visitors within it.</p>
<p>Rather than resisting or judging these emotions, Gary invites you to consider what it means to welcome them consciously, recognizing that each one carries guidance for the evolution of your Soul in the Earth School.</p>
<p>The Soul Snack explores how <b>uncomfortable emotions – the frightened parts of the personality – can feel destructive, as though they “empty the house.” </b>Yet Gary reframes this experience as a necessary clearing. When met with presence instead of resistance, even the most painful emotions create space for deeper awareness, compassion, and growth. <b>Avoidance, suppression, or spiritual bypassing only delays this essential process of spiritual evolution.</b></p>
<p>The solution Gary offers is a <b>Responsible Choice: meet every emotional experience with gratitude and curiosity.</b> By welcoming each inner visitor instead of pushing it away, you transform fear into awareness and move closer to Authentic Power – one conscious moment at a time.</p>

<p><strong>What You’ll Discover in This Soul Snack:</strong></p>
<p><strong>(00:00) — Why every emotional experience is a “guest”</strong><br>
Gary introduces <i>The Guest House</i> metaphor, framing emotions as temporary visitors rather than problems to be solved.</p>
<p><strong>(00:35) — The purpose of uncomfortable emotions</strong><br>
Joy, sorrow, anger, and shame all arrive with meaning – even when they feel disruptive or painful.</p>
<p><strong>(01:10) — How resistance creates suffering</strong><br>
Pushing emotions away only deepens fear, while welcoming them opens the door to awareness.</p>
<p><strong>(01:45) — Gratitude as a path to transformation</strong><br>
Each inner visitor, when met consciously, serves as a guide toward growth and authentic power.</p>
<h3><strong>Embrace the Soul Step Challenge</strong></h3>
<p>This week, when a difficult emotion arises – such as fear, sadness, shame, or anger – pause instead of reacting or pushing it away. Ask yourself: What might this experience be here to show me? Practice meeting the emotion with curiosity and gratitude, and notice how your relationship with it begins to change.</p>"
Soul Feast #70: GUIDELINES 4: Pay Attention to My Thoughts,soul-feast-70-guidelines-4-pay-attention-to-my-thoughts,Your journey to Authentic Power begins here.,https://seatofthesoul.com/wp-content/uploads/2026/02/GaryZukav_Ep70_Graphic-02.jpg,https://seatofthesoul.com/wp-content/uploads/2026/02/GaryZukav_Ep70_Graphic-02.jpg,Gary Zukav,,Soul Feast,Your journey to Authentic Power begins here.,https://www.youtube.com/watch?v=nn7ZGO1U68k,"<p><strong>Your journey to Authentic Power begins here. </strong><strong><a href=""https://seatofthesoul.com/apg-optin/"">Download your copy of the Authentic Power Guidelines today</a>.</strong></p>

<p>In this Soul Feast, Gary Zukav continues his exploration of the Authentic Power Guidelines by introducing <b>the guideline: paying attention to one’s thoughts</b>. He explains that thoughts are not random mental chatter, but precise indicators of whether a loving or frightened part of the personality is active.</p>
<p>When thoughts are observed with awareness, they become a powerful doorway into understanding the inner dynamics that shape every experience in the Earth School.</p>
<p>Gary Zukav deepens the conversation <b>by connecting thoughts to emotional awareness, showing how judgmental, critical, and comparative thinking always accompanies fear, while thoughts of gratitude, appreciation, patience, and awe arise from love. </b>Rather than attempting to silence the mind, he invites listeners to become conscious of what their thoughts are revealing and where they originate. <b>This awareness transforms the “monkey mind” from an unconscious driver into a source of guidance.</b></p>
<p><b>By recognizing thoughts as signals rather than truths, listeners gain the ability to choose how they act</b>—even while fearful parts of the personality are active. This is where authentic power is created: not by changing thoughts directly, but <b>by choosing loving action in the presence of fear.</b></p>
<p><strong>What You’ll Discover in This Soul Feast:</strong></p>
<p><strong>(01:20) —</strong> Why thoughts are not random, but reflections of love or fear</p>
<p><strong>(03:15) —</strong> How unconscious thinking keeps fearful parts of the personality in control</p>
<p><strong>(05:10) —</strong> The difference between judgmental thoughts and loving thoughts</p>
<p><strong>(08:40) —</strong> How thoughts and emotions work together to reveal inner dynamics</p>
<p><strong>(13:55) —</strong> Why awareness of thoughts creates choice, not suppression</p>
<p><strong>(18:30) —</strong> How choosing loving action in the presence of fear builds authentic power</p>

<p><strong>Embrace the Soul Step Challenge</strong></p>
<p>Set aside time this week to notice your thoughts as they arise. Write them down whenever you remember – without judgment or correction. Observe whether they are critical, comparative, or grateful, and allow this practice to reveal which parts of your personality are active. Pause, reflect, and gently invite awareness to replace unconscious reaction.</p>"
Soul Snack #69: What Does My Soul Want?,soul-snack-69-what-does-my-soul-want,Your emotions are messages from your soul.,https://seatofthesoul.com/wp-content/uploads/2026/02/GaryZukav_Ep69.5_Graphic-02.jpg,https://seatofthesoul.com/wp-content/uploads/2026/02/GaryZukav_Ep69.5_Graphic-02.jpg,Gary Zukav,,Soul Snack,Your emotions are messages from your soul.,https://www.youtube.com/watch?v=yHkNsz7xoRE,"<p><strong>Your emotions are messages from your soul. <a href=""http://www.seatofthesoul.com/emotionalawarenesscourse"">Learn How to Tune In and Listen HERE</a>.</strong></p>

<p><b>A new multisensory consciousness is emerging, and it is fundamentally transforming the human experience.</b> In this Soul Snack, Gary Zukav invites you to explore the most essential question on your spiritual path: What does my Soul want? <b>Every human life unfolds within a field of choice – between fear and love, violence and compassion, unconscious reaction and conscious response. </b>These choices do more than shape your daily events; they determine the very evolution of your Soul.</p>
<p>Gary Zukav describes the Earth as a school of duality, where every single moment offers an opportunity to make a Responsible Choice. </p>
<p>Fear-based choices – such as anger, jealousy, exploitation, or deceit – are rooted in the frightened parts of your personality. These choices diminish your awareness and limit your ability to align with your Soul’s intention. <b>While fear can feel familiar and magnetic, choosing love requires absolute commitment, courage, and presence at the exact moment a choice appears.</b></p>
<p>The creation of Authentic Power occurs at the point of choice. <b>When Emotional Awareness replaces automatic reaction, you gain the power to choose love instead of fear.</b> Each loving choice supports the maturation of the personality and the evolution of the Soul. <b>This is the work of a Universal Human – transforming the experience of fear into love, one choice at a time.</b></p>
<p><strong>What You’ll Discover in This Soul Snack:</strong></p>
<p><strong>(00:00) —</strong> <strong>Why choice is the foundation of spiritual evolution</strong><br>
Gary Zukav explains that nothing stands between a person and a life of joy, fulfillment, and gratitude except their choices—and that the universe never judges those choices.</p>
<p><strong>(01:15) —</strong> <strong>How conscious choice supports the evolution of the soul</strong><br>
Choosing love over fear not only transforms personal experience, but actively assists the soul’s growth toward greater awareness and freedom.</p>
<p><strong>(02:30) —</strong> <strong>What is poisonous to the soul</strong><br>
Violence, exploitation, deceit, and brutality diminish the soul’s power and cannot be tolerated by it, even though the soul itself is immortal.</p>
<p><strong>(03:40) —</strong> <strong>Earth as a school of duality</strong><br>
Life continually presents choices between fear and love, light and dark, unconscious reaction and conscious creation—and every choice matters.</p>
<p><strong>(04:45) —</strong> <strong>The moment where transformation happens</strong><br>
Gary Zukav describes how intervening consciously at the moment of anger, jealousy, or fear allows creativity to be used as it was meant to be used.</p>

<h3><strong>Embrace the Soul Step Challenge</strong></h3>
<p>This week, pause when strong emotions such as anger, resentment, jealousy, or the urge to dominate arise. Instead of reacting automatically, ask yourself: What choice is in front of me right now? Notice whether the impulse comes from fear or love, and consciously choose the response that supports awareness, compassion, and the evolution of your soul.</p>"
Soul Feast #69: GUIDELINES 3: Pay Attention to My Emotions,soul-feast-69-guidelines-3-pay-attention-to-my-emotions,Your emotions are messages from your soul.,https://seatofthesoul.com/wp-content/uploads/2026/02/GaryZukav_Ep69_Graphic-02.jpg,https://seatofthesoul.com/wp-content/uploads/2026/02/GaryZukav_Ep69_Graphic-02.jpg,Gary Zukav,,Soul Feast,Your emotions are messages from your soul.,https://www.youtube.com/watch?v=5XVSZjW79LI,"<p><strong>Your emotions are messages from your soul. <a href=""http://www.seatofthesoul.com/emotionalawarenesscourse"">Learn How to Tune In and Listen Here</a>.</strong></p>

<p>In this Soul Feast, Gary Zukav continues the exploration of the Authentic Power Guidelines by introducing the next essential practice: Pay attention to your emotions. He explains that <b>personal transformation does not begin with changing the world around you – that is the illusion of external power.</b> It begins with turning your attention inward.</p>
<p>Emotional pain is not created by events or people; it is a sacred mirror revealing inner dynamics and frightened parts of your personality that are asking for your awareness. </p>
<p>When you look inside instead of outside, you begin to see how Authentic Power is created.</p>
<p><b>Gary Zukav describes emotions as messages from the Soul.</b> They show you exactly whether you are experiencing fear or love, and they do this through physical sensations in the body. Instead of judging emotions as “good” or “bad,” Gary Zukav invites you to become emotionally aware by noticing sensations such as pressure, aching, churning, or contraction in specific energy-processing centers. This is how the frightened parts of the personality are recognized and felt instead of being acted out unconsciously.</p>
<p><b>As you practice Emotional Awareness, you gain the discernment to distinguish between external power and Authentic Power. </b>Choices made from fear create pain, while choices made from love create meaning, trust, and fulfillment. As your awareness grows, the parts of the personality that block love lose their ability to control your life. What has always been present beneath the fear – the loving parts of your soul – becomes visible. This is <b>the essence of spiritual development: the transformation of fear into love, one conscious choice at a time.</b></p>
<p><strong>What You’ll Discover in This Soul Feast:</strong></p>
<p><strong>(00:02) —</strong> Why focusing on what you can learn about yourself is essential to creating authentic power</p>
<p><br>
<strong>(01:13) —</strong> How real change happens by looking inside rather than seeking answers in the outside world</p>
<p><br>
<strong>(02:58) —</strong> Why emotions are messengers from the soul, not reactions caused by others</p>
<p><br>
<strong>(06:05) —</strong> How physical sensations reveal frightened parts of the personality</p>
<p><br>
<strong>(12:17) —</strong> The difference between fear and love, and how attachments create emotional pain</p>
<p><br>
<strong>(14:43) —</strong> How awareness of emotions supports spiritual growth and human evolution</p>
<p><strong>Embrace the Soul Step Challenge</strong></p>
<p>Take out a notebook and begin tracking your emotional experiences throughout the week. Each time you remember, write down the physical sensations you notice in your energy processing centers rather than labeling emotions as “good” or “bad.” Also note when you forget to observe yourself. Without judgment, allow this practice to increase awareness of when fear is present and when a loving choice is possible. This attention to inner experience is how authentic power is developed, moment by moment.</p>"
Soul Snack #68: Distractions,soul-snack-68-distractions,Learn how to connect with your intuition every day.,https://seatofthesoul.com/wp-content/uploads/2026/02/GaryZukav_Ep68.5_Graphic-02.jpg,https://seatofthesoul.com/wp-content/uploads/2026/02/GaryZukav_Ep68.5_Graphic-02.jpg,Gary Zukav,,Soul Snack,Learn how to connect with your intuition every day.,https://www.youtube.com/watch?v=SsOL6J_ltW0,"<p><strong>Learn how to connect with your intuition every day. <a href=""https://seatofthesoul.com/daily-intuition-practice/"">Click here to start your journey to authentic power</a>!</strong></p>

<p>A new consciousness is emerging, and with it comes a deeper look at the subtle forces that shape our inner lives. In this Soul Snack,<b> Gary Zukav explores the nature of distractions – the impulses, temptations, and obsessions that pull us away from our spiritual growth.</b> With clarity and compassion, he explains that:</p>
<p>The universe continually offers us opportunities to see the parts of our personality that limit our potential, not to punish us, but to strengthen our ability to choose love over fear.</p>
<p><b>Gary Zukav goes deeper by showing how distractions arise from frightened parts of the personality that prefer avoidance over self-awareness.</b> These parts can appear powerful – whether through cravings, emotional attachments, or obsessive thoughts – but their influence depends entirely on whether we act on them.<b> Distraction, then, is not an external force but an internal signal inviting us to remain present, aware, and willing to choose differently.</b></p>
<p>The solution is simple and time-honored: notice the distraction, feel it fully, and choose <i>not</i> to act on it. <b>Each time you refrain from acting on a fear-based impulse, you loosen its grip and strengthen the loving, soul-aligned parts of your personality.</b></p>
<p><strong>What You’ll Discover in This Soul Snack:</strong></p>
<p><strong>(00:40) —</strong> Why distractions appear on the spiritual path<br>
Gary Zukav explains how the universe uses distraction to reveal the frightened parts of your personality that limit your growth. </p>
<p><strong>(01:05) —</strong> How temptation pulls you away from self-awareness<br>
Whether it’s craving, obsession, or fixation on another person, these impulses arise from frightened parts trying to avoid inner work. </p>
<p><strong>(02:08) —</strong> The power of choosing not to act from fear and to consciously choose to act from love. </p>
<p>Gary Zukav shows why every distracted impulse grows stronger when acted upon – and weaker when you refrain. This is where authentic power begins. </p>
<p><strong>(02:28) —</strong> Why Responsible Choice rests with you<br>
The universe can guide, but cannot choose for you. Only you can decide whether you react from fear or to consciously respond with love.</p>
<h3><strong>Embrace the Soul Step Challenge</strong></h3>
<p>This week, notice moments when temptation, craving, or fixation pulls your attention away from your inner work. Pause before reacting. Feel the distraction without judgment and ask yourself: Is this coming from a frightened part of my personality? Then choose not to act on it. Each time you make this choice, you reclaim your power, cultivate clarity, and strengthen the parts of you aligned with love.</p>"
Soul Feast #68: GUIDELINES 2: Focusing on What I Can Learn About Myself,soul-feast-68-guidelines-2-focusing-on-what-i-can-learn-about-myself,Your journey to Authentic Power begins here.,https://seatofthesoul.com/wp-content/uploads/2026/02/GaryZukav_Ep68_Graphic-01.jpg,https://seatofthesoul.com/wp-content/uploads/2026/02/GaryZukav_Ep68_Graphic-01.jpg,Gary Zukav,,Soul Feast,Your journey to Authentic Power begins here.,https://www.youtube.com/watch?v=ke3H1Ihh6J0,"<p><strong>Your journey to Authentic Power begins here. <a href=""https://seatofthesoul.com/apg-optin/"">Download your copy of </a>the Authentic Power Guidelines today.</strong></p>

<p>Gary Zukav shares a powerful second teaching in <b>the Commitment Guidelines: the practice of turning inward – consistently and without exception – when emotional pain arises.</b> Instead of looking to the outside world for causes or solutions, he shows that authentic power begins with recognizing that every emotional experience originates within. He invites listeners to explore this shift in awareness as a foundation for living with the new consciousness.</p>
<p>Gary deepens the conversation by revealing how this inward focus transforms the way multisensory humans relate to emotions such as anger, fear, jealousy, resentment, impatience, and overwhelm. <b>Rather than reacting, judging, or trying to change the world, he encourages listeners to experience emotions as inner dynamics that are activated—not created – by external events. </b>This reframing opens the doorway to responsible choice, deeper self‑knowledge, and alignment with the soul.</p>
<p>He brings the heart of this guideline into clear, practical terms: </p>
<p>When you focus on what you can learn about yourself – especially from your reactions – you create authentic power. </p>
<p><b>You begin to act from love instead of fear, and you step into the real transformation your soul intended for this lifetime.</b></p>
<p><strong>What You’ll Discover in This Soul Feast:</strong></p>
<p><strong>(00:02) —</strong> Why focusing on what you can learn about yourself is the first step toward authentic power</p>
<p><strong>(01:13) —</strong> How five-sensory humans look outward to relieve emotional pain – and why multisensory humans turn inward instead</p>
<p><strong>(03:40) —</strong> The new consciousness and why there is no barrier between “in here” and “out there”</p>
<p><strong>(06:05) —</strong> How reactions such as anger, jealousy, resentment, impatience, and overwhelm reveal frightened parts of the personality<br>
</p>
<p><strong>(10:01) —</strong> The difference between fear and love – and why fear is always an illusion</p>
<p><strong>(14:25) —</strong> How to use emotional experiences as spiritual exercises that reconnect you with your soul’s intentions</p>

<p><strong>Embrace the Soul Step Challenge</strong></p>
<p>Take out your notebook and write down each moment this week when you remember the guideline: Focus on what I can learn about myself all the time – especially from my reactions. Note the moments you forgot, too. Not as judgment, but as clarity. Use these reflections to grow your ability to recognize when you are acting from fear and to choose, instead, a loving part of your personality. This is how authentic power is created – one choice at a time.</p>"
Soul Snack #67: Align Your Personality with Your Soul,soul-snack-67-align-your-personality-with-your-soul,Learn how to connect with your intuition every day.,https://seatofthesoul.com/wp-content/uploads/2026/02/GaryZukav_Ep67.5_Graphic-01.jpg,https://seatofthesoul.com/wp-content/uploads/2026/02/GaryZukav_Ep67.5_Graphic-01.jpg,Gary Zukav,,Soul Snack,Learn how to connect with your intuition every day.,https://www.youtube.com/watch?v=Brgv0B9hWQE,"<p><b>Learn how to connect with your intuition every day. <a href=""https://seatofthesoul.com/daily-intuition-practice/"">Click here to start your journey to authentic power</a>.</b></p>

<p><b>A new consciousness is reshaping the human experience, </b>and with it comes <b>an elegant invitation: to align your personality with your soul.</b> In this Soul Snack, Gary Zukav explains that choosing love instead of fear is the essence of this alignment. He guides listeners through a simple yet profound process of recognizing the different parts of their personality – the ones rooted in love and the ones shaped by fear.As Gary shares personal, relatable examples, he illuminates how each moment holds an opportunity to choose the direction of your evolution.</p>
<p>Gary deepens this exploration by showing how impulses – such as generosity or withdrawal – carry valuable information. Some arise from compassion and connection, while others come from guilt, fear, or avoidance. By <b>cultivating Emotional Awareness</b> and noticing the physical sensations that occur, listeners learn to <b>discern the intention</b> of the <b>part of the personality</b> that is acting, and how to use their <b>will</b> to make the <b>Responsible Choice</b> to empower the <b>loving parts</b> that create <b>Authentic Power</b>.</p>
<p>The solution is clear and empowering: experience each part of your personality, choose not to act on those rooted in fear, and strengthen the ones aligned with love.</p>
<p>Over time, this steady, conscious choosing transforms the personality and brings it into harmony with the soul’s intentions.</p>
<p><b>What You’ll Discover in This Soul Snack:</b></p>
<p><b>(00:02)</b> <b>— Why aligning your personality with your soul begins with choosing love</b><i><br>
</i>Gary explains that choosing love over fear is the heart of spiritual alignment, and why this choice reshapes your entire inner experience. </p>
<p><b>(01:10)</b> <b>— How to recognize the parts of your personality rooted in love vs. fear</b><i><br>
</i>You’ll learn why simply experiencing each part—without judgment—is the first step toward inner transformation. </p>
<p><b>(01:45)</b> <b>— Why acting on loving impulses strengthens authentic power</b><i><br>
</i>Gary describes how practicing small, love-based actions builds the inner strength needed to live aligned with your soul. </p>
<p><b>(02:25)</b> <b>— A real-life example: generosity, guilt, and intuitive clarity</b><i><br>
</i>Through a powerful story at a roadside rest stop, Gary illustrates the difference between loving action and action motivated by fear or guilt. </p>
<p><b>(03:03)</b> <b>— Why genuine support isn’t about money—it’s about presence</b><i><br>
</i>The Soul Snack reveals how simple, heartfelt interaction can nourish someone more deeply than material help.</p>
<p><b>(04:10) — How increased awareness helps you choose love consistently</b><i><br>
</i>Gary shows how daily discernment strengthens the soul-aligned parts of your personality. </p>

<h3><b>Embrace the Soul Step Challenge</b></h3>
<p>This week, gently observe the moments when a choice presents itself – an impulse to give, to withdraw, to speak, or to stay silent. Pause and feel what is happening within you. Ask yourself: Is this impulse coming from love or from fear? Then choose the path of love with clarity and intention. Each time you do, you strengthen the soul-aligned parts of your personality and cultivate authentic power.</p>"
Soul Feast #67: GUIDELINES 1: Introduction to Commitment Guidelines,soul-feast-67-guidelines-1-introduction-to-commitment-guidelines,Create the life you desire by choosing love over fear.,https://seatofthesoul.com/wp-content/uploads/2026/02/GaryZukav_Ep67_Graphic-01.jpg,https://seatofthesoul.com/wp-content/uploads/2026/02/GaryZukav_Ep67_Graphic-01.jpg,Gary Zukav,,Soul Feast,Create the life you desire by choosing love over fear.,https://www.youtube.com/watch?v=7QdkRWZz1yk,"<p><strong>Create the life you desire by choosing love over fear.<a href=""https://seatofthesoul.com/love-fear/""> Learn how HERE</a>.</strong></p>

<p>In this opening Soul Feast of the Commitment Guidelines, <b>Gary Zukav explains what real commitment means from the perspective of the soul – and why it is the foundation of authentic power. </b>He invites listeners to look honestly at the commitments they are already living, whether consciously or unconsciously, and reveals how these choices shape not only their lives but their spiritual evolution. Commitment, he teaches, is not merely a decision – it is the declaration of “no kidding,” backed by action and integrity.</p>
<p>Here, <b>Gary deepens the conversation by shifting the lens from personality-driven commitments – such as seeking approval, security, or temporary relief – to the single most transformative commitment a person can make: making spiritual growth the highest priority. </b>He clarifies what spiritual growth is not (following rules, avoiding punishment, being “good”) and what it is – learning to choose love over fear, moment by moment, especially when fear demands action.</p>
<p>In just a few sentences, Gary brings the message home: </p>
<p>Spiritual growth becomes possible, desirable, and ultimately inevitable when we align our personality with our soul.</p>
<p>Making this alignment your highest commitment is the path to meaning, purpose, and enduring joy.</p>
<p><strong>What You’ll Discover in This Soul Feast:</strong></p>
<p><strong>(00:02) —</strong> What commitment really means at the soul level and how it quietly shapes every part of your life</p>
<p><strong>(01:12) —</strong> The hidden commitments we live by—approval, admiration, comfort—and what they reveal about our inner world</p>
<p><strong>(03:40) —</strong> A vivid explanation of the soul: what it is, how it relates to the personality, and why understanding it changes everything</p>
<p><strong>(08:06) —</strong> Why the most powerful commitment you can make is to your spiritual growth</p>
<p><strong>(10:22) —</strong> What spiritual growth actually is: choosing love over fear, and recognizing destructive vs. constructive creation</p>
<p><strong>(14:25) —</strong> How creating authentic power transforms pain, powerlessness, relationships, and the way you use your creativity</p>

<p><strong>Embrace the Soul Step Challenge</strong></p>
<p>Take a quiet moment with your notebook. Write down, as honestly as you can: What am I truly committed to? Not what you think you should be committed to, but what your life currently reflects. Let the answers come without judgment – this is not about right or wrong but about awareness.</p>
<p>Then write down the commitment Gary invites you to consider: Making my spiritual growth my highest priority. Sit with any questions that arise, such as “Isn’t caring for my children more important?” or “How do I live both commitments at once?” Bring these reflections into your week and revisit them as the series continues.</p>"
Soul Snack #66: How Do I Let Go of Anger and Resentment?,soul-snack-66-how-do-i-let-go-of-anger-and-resentment,Are you making choices in love or fear?,https://seatofthesoul.com/wp-content/uploads/2026/02/GaryZukav_Ep66.5_Graphic-02.jpg,https://seatofthesoul.com/wp-content/uploads/2026/02/GaryZukav_Ep66.5_Graphic-02.jpg,Gary Zukav,,Soul Snack,Are you making choices in love or fear?,https://www.youtube.com/watch?v=IvlnGy6sFBA,"<p><b>Are you making choices in love or fear? <a href=""https://seatofthesoul.com/cultivating-love-optin/"">Take this self-assessment today to find out</a>.</b></p>

<p><br>
<b>Letting go of anger and resentment is one of the most challenging – and transformative – inner commitments a person can make.</b> In this Soul Snack Linda Francis shares a grounded, compassionate explanation of what it truly takes to release these painful emotions. Rather than offering a quick fix, she describes a lifelong practice: choosing, again and again, not to act on the anger that arises and instead learning to feel it with full awareness. Through this process, listeners discover that <b>emotional healing comes not from suppression, but from conscious choice.</b></p>
<p>As Linda deepens the teaching, she explains how the universe provides opportunities to challenge the angry and resentful parts of our personalities. These moments – often unexpected – are invitations to grow. </p>
<p>When anger appears, we can learn to locate it in the body, observe its thoughts, and use our will to refrain from acting from it.</p>
<p><b>Each time we do this, the frightened parts lose power, and the loving parts gain strength. This is the essence of creating authentic power.</b></p>
<p>Ultimately, letting go of anger and resentment becomes possible when you choose not to feed these parts of your personality. <b>By feeling the emotion without acting on it, you stop reinforcing it – and you begin cultivating the loving, constructive aspects of yourself that reshape your life.</b></p>
<p><b>What You’ll Discover in This Soul Snack:</b></p>
<p><b>(00:20) — Why letting go begins with commitment</b><b><br>
</b>Linda explains why your first step is deciding – fully – that you will no longer allow anger and resentment to run your life. </p>
<p><b>(01:06) — How the universe brings growth opportunities</b><b><br>
</b>Unexpected situations arise specifically to help you challenge and heal the angry parts of your personality. </p>
<p><b>(01:35) — The practice of feeling without acting</b><b><br>
</b>You learn how to notice anger’s physical sensations and intense thoughts while using your will to not act from them. </p>
<p><b>(02:40) — Why stopping mid-reaction is a breakthrough</b><b><br>
</b>Even if you catch yourself in the middle of anger, choosing to feel instead of act is a powerful moment of transformation. </p>
<p><b>(03:20) — How loving parts grow stronger as anger loses power</b><b><br>
</b>Each time you refrain from acting on resentment, you stop feeding it – allowing the loving parts of your personality to take root. </p>
<h3><b>Embrace the Soul Step Challenge</b></h3>
<p>This week, notice the moments when anger or resentment arise within you. Instead of acting on them, pause. Feel the sensations in your body and witness the thoughts without suppressing or expressing them. Ask yourself: What part of me is feeling this? What would it look like to choose not to act from this place? Each time you commit to feeling rather than reacting, you loosen the grip of the frightened parts and strengthen your ability to create authentically with love.</p>"
Soul Feast #66: The Authentic Power Guidelines: Series Introduction,soul-feast-66-the-authentic-power-guidelines-series-introduction,Your journey to Authentic Power begins here.,https://seatofthesoul.com/wp-content/uploads/2026/02/GaryZukav_Ep66_Graphic-01.jpg,https://seatofthesoul.com/wp-content/uploads/2026/02/GaryZukav_Ep66_Graphic-01.jpg,Gary Zukav,,Soul Feast,Your journey to Authentic Power begins here.,https://www.youtube.com/watch?v=mSsZ40g4vX4,"<p><b>Your journey to Authentic Power begins here. <a href=""https://seatofthesoul.com/apg-optin/"">Download your copy of the Authentic Power Guidelines today</a>.</b></p>

<p>A profound evolutionary shift is reshaping humanity, and in this Soul Feast, Gary Zukav opens a new multi-part series dedicated entirely to the <i>Authentic Power Guidelines</i> – the clearest, most practical tools he and his spiritual partner, Linda Francis, ever created. Gary begins by describing the breathtaking speed at which <b>a new multisensory consciousness is emerging: a leap unfolding across just three generations, compared to the hundreds of thousands of years defined by the old five-sensory perception. </b>He explains how this new awareness expands our understanding of who we are, why we are here, and how our choices create meaning and purpose.</p>
<p>Gary then deepens the conversation by clarifying the stark contrast between:</p>
<p><i>External power</i> – the old pursuit of control and manipulation, now obsolete and destructive – and <i>authentic power</i>, the new evolutionary requirement. </p>
<p>Through vivid examples, he shows how <b>multisensory perception is opening us to non-physical reality, to the soul, and to a new way of relating to ourselves and others</b>. He also introduces the origin story of the Authentic Power Guidelines, crafted by Linda, whose brilliance and heart shaped their simplicity and transformative impact.</p>
<p>In just a few sentences, Gary offers the essential takeaway: <b>Authentic power is no longer optional – it is the path forward for anyone committed to harmony, love, clarity, and meaning. </b>This series will guide listeners step-by-step into understanding and applying these guidelines in everyday life.</p>
<p><b>What You’ll Discover in ThisSoul Feast:</b></p>
<p><b>(00:02)</b> — Why the Authentic Power Guidelines are essential in a rapidly changing human consciousness <br>
<b>(01:12)</b> — How multisensory perception transforms our understanding of who we are and why we’re here <br>
<b>(03:42)</b> — The breathtaking speed of the new consciousness and the limitations of the old five-sensory world <br>
<b>(09:07)</b> — Why external power no longer works – and now produces only violence and destruction <br>
<b>(11:26)</b> — How interacting “soul-to-soul” reshapes relationships and dissolves surface-level judgments <br>
<b>(14:25)</b> — The origin of the Authentic Power Guidelines and why Linda’s creation became their most practical tool </p>
<p><b>(17:49)</b> — Where to find the Authentic Power Guidelines and how this series will explore them step-by-step </p>
<p><b>Embrace the Soul Step Challenge</b></p>
<p>Take a quiet moment with your notebook – your “crutch” for learning to walk upright in spiritual growth – and write down what <i>you</i> imagine the Authentic Power Guidelines might be. What steps would help a person create authentic power? How would you organize them? List any ideas that arise. Then revisit your notes before the next Soul Feast, where Gary will reveal the actual guidelines and how to apply them as part of your spiritual evolution.</p>"
Soul Snack #65: Supporting with Love,soul-snack-65-supporting-with-love,Are you making choices in love or fear?,https://seatofthesoul.com/wp-content/uploads/2026/02/GaryZukav_Ep65.5_Graphic-02.jpg,https://seatofthesoul.com/wp-content/uploads/2026/02/GaryZukav_Ep65.5_Graphic-02.jpg,Gary Zukav,,Soul Snack,Are you making choices in love or fear?,https://www.youtube.com/watch?v=hmb-9U0sJlk,"<p><b>Are you making choices in love or fear? </b><b><a href=""https://seatofthesoul.com/cultivating-love-optin/"">Take this self-assessment today to find out</a>.</b></p>

<p><b>A new consciousness is unfolding, and with it comes a deeper understanding of what it truly means to support another person from love.</b> In this Soul Snack, Gary shares a powerful story from his time working with a circle of students. Through this experience, he illuminates how difficult it can be for individuals to express what they genuinely feel – whether their perceptions arise from love or from fear. His reflections reveal an essential truth: <b>real support requires honesty, presence, and the willingness to see the frightened parts of our personalities at work.</b></p>
<p>As the conversation deepens, </p>
<p>Gary explains why withholding our truth out of fear of “hurting someone’s feelings” isn’t loving – it’s a reaction of the frightened parts, which avoid discomfort and vulnerability. </p>
<p>True spiritual partnership, he emphasizes, is rooted in speaking from love with sensitivity and appropriateness. <b>This allows both people to discover more about themselves, strengthen compassion, and cultivate authentic power together.</b></p>
<p>Ultimately, the Soul Snack invites listeners to recognize when fear holds them back from honest connection – and to choose loving support instead. <b>Speaking from love not only heals relationships; it also expands awareness and deepens our evolution.</b></p>
<p><b>What You’ll Discover in This Soul Snack:</b></p>
<p><b>(00:45) — Why “supporting with love” requires honesty</b><b><br>
</b>Gary explains how avoiding the truth out of fear blocks authentic connection and prevents real support. </p>
<p><b>(01:30) — How frightened parts silence our true perceptions</b><b><br>
</b>A participant’s hesitation reveals how fear keeps us from expressing what we notice about others – and what this teaches us about ourselves. </p>
<p><b>(02:20) — The moment self-reflection becomes possible</b><b><br>
</b>Gary shows how speaking honestly allows individuals to see their own unwillingness to feel what arises inside them. </p>
<p><b>(03:22) — The difference between loving speech and fearful speech</b><b><br>
</b>Why statements rooted in fear sound harsh, while words spoken from love naturally become sensitive, appropriate, and supportive. </p>
<p><b>(04:05) — How to recognize when the frightened parts are speaking</b><b><br>
</b>Gary describes the inner signals that reveal whether you’re withholding the truth out of fear or choosing to support from love.</p>
<h3><b>Embrace the Soul Step Challenge</b></h3>
<p>This week, notice the moments when you hold back from telling the truth because you fear hurting someone’s feelings. Pause and feel what is happening inside you. Ask yourself: Which part of me is speaking – love or fear? Then gently explore what it would look like to respond from love, with sensitivity and clarity. Each time you choose loving honesty, you strengthen authentic power and deepen your capacity to support others in meaningful ways.</p>"
Soul Feast #65: How Can I Change the World from the New Consciousness?,soul-feast-65-how-can-i-change-the-world-from-the-new-consciousness,Are you ready to live Beyond the Five Senses?,https://seatofthesoul.com/wp-content/uploads/2026/02/GaryZukav_Ep65_Graphic-01.jpg,https://seatofthesoul.com/wp-content/uploads/2026/02/GaryZukav_Ep65_Graphic-01.jpg,Gary Zukav,,Soul Feast,Are you ready to live Beyond the Five Senses?,https://www.youtube.com/watch?v=rH8QVa7mZ0U,"<p><b>Are you ready to live Beyond the Five Senses? </b><b><a href=""http://www.seatofthesoul.com/beyondthefivesensescourse"">Learn How Here</a>.</b></p>

<p>A profound shift is underway in humanity, and in this Soul Feast, Gary Zukav explores the question so many people hold today: </p>
<p>How can I change the world from the new consciousness? </p>
<p>He begins by illuminating the difference between the old five-sensory perception – rooted in control, manipulation, and external power – and the new multisensory consciousness emerging across the human species. <b>This new awareness recognizes that we are more than bodies and minds, and that true transformation begins with the alignment of the personality with the soul. </b>Rather than focusing on changing the outer world, Gary guides listeners toward the deeper, internal work that actually reshapes experience and expands perception.</p>
<p>Gary then delves into the core misunderstanding of the old consciousness: the belief that painful emotional experiences come from the outside world. <b>From the new consciousness, we see that the world only activates inner dynamics already within us. </b>This creates a powerful opportunity – not to fix the world, but to identify the physical sensations of our emotions, cultivate emotional literacy, and choose to act from the loving parts of our personalities instead of the frightened parts. This is what creates authentic power, and this is how the world truly changes.</p>
<p>Ultimately, Gary shares that the only way to change the world is to change yourself. <b>When you become more loving, more kind, and less reactive, the world you live in shifts – because in the new consciousness, “in here” and “out there” are not separate. </b>Transformation happens from the inside out, and every loving choice expands your awareness and the role you play in the unfolding evolution of humanity.</p>
<p><b>What You’ll Discover in This Soul Feast:</b></p>
<p><b>(00:30) —</b> The defining differences between the old five-sensory consciousness and the emerging multisensory consciousness</p>
<p><b>(02:05) —</b> Why external power – manipulation and control – once served human evolution but now creates only violence and destruction</p>
<p><b>(05:10) —</b> How the new consciousness shifts the focus from changing the world to transforming yourself from the inside</p>
<p><b>(08:45) —</b> Emotional literacy: how identifying physical sensations in the chest, throat, and solar plexus expands awareness</p>
<p><b>(11:40) —</b> How choosing to act from the loving parts of your personality creates authentic power</p>
<p><b>(14:55) —</b> Why fear and love form the fundamental duality of the Earth school and how recognizing this changes everything</p>
<p><b>(18:20) — </b>How dissolving the illusion of “in here” vs. “out there” reveals that changing yourself <i>is</i> changing the world</p>
<p><b>(19:32) —</b> A practical Soul Step for noticing where the “barrier” between inner and outer might be disappearing</p>

<p><b>Embrace the Soul Step Challenge</b></p>
<p>Take a few quiet moments with your notebook and write about your experience of the “barrier” between your inner world and the outer world. Have you always believed they were separate? Are you beginning to sense that the boundary is thinner – or perhaps not there at all? Reflect on whether this shift signals the emergence of the new consciousness within you. Throughout the week, notice moments when you feel this connection more clearly, and let these insights guide your choices toward love.</p>"
Soul Snack #64: Spiritual Partnership and Development,soul-snack-64-spiritual-partnership-and-development,Your emotions are messages from your soul.,https://seatofthesoul.com/wp-content/uploads/2026/02/Copy-of-GaryZukav_Ep64.5_Graphic-01.jpg,https://seatofthesoul.com/wp-content/uploads/2026/02/Copy-of-GaryZukav_Ep64.5_Graphic-01.jpg,Gary Zukav,,Soul Snack,Your emotions are messages from your soul.,https://www.youtube.com/watch?v=mJcBtp4da3E,"<p><b>Your emotions are messages from your soul. <a href=""http://www.seatofthesoul.com/emotionalawarenesscourse"">Learn How to Tune In and </a></b><b>Listen HERE.</b></p>

<p><br>
A new consciousness is transforming the human experience, and in this Soul Snack, <b>Gary and Linda explore one of its most transformative expressions: spiritual partnership</b>. They reveal how authentic power grows when partners bring loving awareness – not avoidance – to the frightened parts of their personalities. Through honest reflections and lived examples, they show how:</p>
<p><b> </b><b>spiritual partnership shifts the focus from external triggers to inner responsibility, creating a foundation for choice, compassion, and growth. </b></p>
<p>The conversation goes deeper into what <b>spiritual partnership truly demands: the courage to feel painful emotions fully, the willingness to stay present in moments of fear or judgment, and the integrity to choose love instead of blame.</b> Gary and Linda describe how these practices help partners recognize unconscious patterns, open to intuition, and create a sacred space where both can evolve. </p>
<p>Ultimately, the message is practical and empowering: spiritual partnership isn’t about perfection – it’s about staying committed to your own evolution. <b>Each moment you choose love over fear strengthens authentic power and deepens your connection with yourself and others.</b></p>
<p><b>What You’ll Discover in ThisSoul Snack:</b></p>
<p><b>(00:02) — What spiritual partnership truly means</b><b><br>
</b>Gary explains how spiritual partners help each other evolve by bringing awareness -not soothing – to frightened parts of the personality.</p>
<p><b>(01:12) — The joy hidden inside painful emotions</b><b><br>
</b>Linda describes why fully experiencing fear, jealousy, or anger – without acting from them – creates profound freedom and joy.</p>
<p><b>(03:25) — Why frightened parts resist being seen</b><b><br>
</b>A look at how the unconscious parts of the personality work to stay hidden, and how awareness opens the door to authentic power.</p>
<p><b>(04:20) — How spiritual partnership reveals what’s unhealed</b><b><br>
</b>Linda shares how old patterns resurfaced when she entered a spiritual partnership, giving her new opportunities to speak and act with integrity.</p>
<p><b>(06:20) — The healing cycle that transforms relationships</b><b><br>
</b>Linda reflects on the practice of not blaming or leaving, but instead looking inward – a process that became both painful and deeply joyful.</p>
<h3><b>Embrace the Soul Step Challenge</b></h3>
<p>This week, notice the moments when a frightened part of your personality becomes active – whether through defensiveness, irritation, jealousy, fear, or judgment. Instead of reacting, pause. Feel what is happening in your body, observe the thoughts that arise, and ask yourself: Which part of me is speaking right now? What would love choose instead? Each time you stay present without acting from fear, you strengthen your capacity to create authentic power and deepen your spiritual partnerships.</p>"
Soul Feast #64: Will AI Change Human Evolution?,soul-feast-64-will-ai-change-human-evolution,Discover how intentional choices can transform your life.,https://seatofthesoul.com/wp-content/uploads/2026/02/Copy-of-GaryZukav_Ep64_Graphic-02.jpg,https://seatofthesoul.com/wp-content/uploads/2026/02/Copy-of-GaryZukav_Ep64_Graphic-02.jpg,Gary Zukav,,Soul Feast,Discover how intentional choices can transform your life.,https://www.youtube.com/watch?v=IfJ6BKo5ECM,"<p><b>Discover how intentional choices can transform your life. <a href=""https://seatofthesoul.com/responsible-choice/"">Download this meditation on Responsible Choice today</a>.</b></p>

<p>Humanity stands in a rare moment of profound transformation, and in this Soul Feast, Gary explores a question many are asking: </p>
<p><b><i>Will artificial intelligence alter human evolution?</i></b><b> </b></p>
<p>Instead of approaching the topic from an intellectual or technological angle, Gary guides listeners toward the deeper truth – evolution has never been driven by tools, inventions, or external advancements. <b>True human evolution unfolds within consciousness, and the shift now underway is not about smarter machines but about humanity becoming </b><b><i>multisensory</i></b>, aware of itself as more than a physical body and a thinking mind.</p>
<p><b>As Gary explains, AI – like gunpowder, agriculture, railroads, television, or the internet – can change what we </b><b><i>experience</i></b><b>, but not who we </b><b><i>are</i></b><b>.</b> The real transformation comes from recognizing ourselves as souls learning in the Earth School, perceiving the difference between love and fear within our own personalities, and choosing love before we speak or act. This inner capability, now emerging across billions of people, marks the beginning of a new human evolution that no machine can replicate or direct.</p>
<p>Ultimately, this Soul Feast reveals that <b>AI will not change human evolution because human evolution requires the heart.</b> <b>Only emotional awareness, authentic power, and multisensory perception can alter the trajectory of our species. </b>Technology cannot evolve us – but each individual can, through conscious choice.</p>
<p><b>What You’ll Discover in This Soul Feast:</b></p>
<p><b>(00:30)</b> — Why advances like gunpowder, railroads, telegraphs, television, and the internet changed human <i>experience but</i> not human evolution<br>
<b>(02:05)</b> — How five-sensory perception shaped human history – and why the shift to multisensory awareness is unprecedented<br>
<b>(04:43)</b> — Why tools, including AI, can magnify external power but cannot transform consciousness<br>
<b>(06:10)</b> — What the soul values (harmony, cooperation, sharing, reverence for life) and why technological speed or conquest cannot fulfill it<br>
<b>(08:51)</b> — What might happen when humanity gains the ability to travel to Mars with intentions rooted in fear vs. intentions rooted in love<br>
<b>(12:37)</b> — How new consciousness enables humans to experience non-physical reality and see life through the lens of the soul<br>
<b>(16:31)</b> — How choosing love over fear creates authentic power and is the real force that evolves humanity<br>
<b>(20:00)</b> — A practical Soul Step for tracking frightened and loving parts of your personality throughout the week</p>
<p><b>Embrace the Soul Step Challenge</b></p>
<p>Take out your notebook and, throughout the coming week, write down every moment you notice a frightened part of your personality – anger, judgment, resentment, withdrawal, superiority, or the need to please. Note what triggered it and how it felt in your body. Then record each moment when you chose not to act from that fear, and instead experimented with appreciation, understanding, or compassion for the other person involved.</p>
<p>At the end of the week, read what you’ve written and ask:<br>
What can I learn about myself from this?<br>
Let this practice show you where evolution is unfolding inside you – and how your choices shape the world you help create.</p>"
Soul Snack #63: Spiritual Partnership,soul-snack-63-spiritual-partnership,Your emotions are messages from your soul.,https://seatofthesoul.com/wp-content/uploads/2026/02/Copy-of-GaryZukav_Ep63.5_Graphic-02.jpg,https://seatofthesoul.com/wp-content/uploads/2026/02/Copy-of-GaryZukav_Ep63.5_Graphic-02.jpg,Gary Zukav,,Soul Snack,Your emotions are messages from your soul.,https://www.youtube.com/watch?v=V-20ZphuE_A,"<p><b>Your emotions are messages from your soul. </b><b><a href=""http://www.seatofthesoul.com/emotionalawarenesscourse"">Learn How to Tune In and Listen HERE</a>.</b></p>

<p>A new consciousness is reshaping the human experience, and in this Soul Snack, <b>Gary and Linda explore one of its most transformative expressions: spiritual partnership.</b>They reveal how spiritual partners help one another evolve – not by soothing fear, but by bringing loving attention to the frightened parts of the personality. <b>Through honest examples from their own relationship, they show how awareness, choice, and emotional responsibility form the foundation of this new kind of connection.</b>Gary and Linda go deeper into what </p>
<p>Spiritual partnership demands: courage, integrity, and the willingness to fully experience painful emotions without acting on them. </p>
<p><b>They share how jealousy, judgment, and fear can arise even in deeply committed relationships, and how these moments become opportunities to grow rather than reasons to separate.</b> Their conversation illustrates how partners who speak authentically with one another create a sacred space for healing and transformation.</p>
<p>Ultimately, the insight is simple and powerful: <b>spiritual partnership is not about perfection – it’s about commitment to your own growth</b>. When you choose love over fear, even in painful moments, you <b>build authentic power and deepen your capacity to stay connected.</b></p>

<p><b>What You’ll Discover in This Soul Snack:</b></p>
<p><b>(00:02) — What spiritual partnership truly means</b><b><br>
</b>Gary explains how spiritual partners bring awareness to the frightened parts of the personality – without trying to soothe or avoid them. </p>
<p><b>(01:12) — The joy hidden inside painful emotions</b><b><br>
</b>Why feeling fear, jealousy, or anger – while choosing not to act on them – is a profound experience of joy and freedom. </p>
<p><b>(03:25) — Why frightened parts resist being seen</b><b><br>
</b>A look at why the fearful parts of the personality try to stay unconscious, and how recognizing them opens the door to authentic power. </p>
<p><b>(04:20) — How spiritual partnership exposes what’s unhealed</b><b><br>
</b>Linda shares how entering a spiritual partnership brought back all the patterns she thought she had left behind, giving her new opportunities to speak with integrity. </p>
<p><b>(06:20) — The healing cycle that transforms relationships</b><b><br>
</b>Linda reveals how committing not to blame or leave – but to look inward – became the most painful and joyful practice of her life. </p>
<h3><b>Embrace the Soul Step Challenge</b></h3>
<p>This week, pay attention to the moments when a frightened part of your personality appears – perhaps in jealousy, irritation, fear, or defensiveness. Instead of acting, pause. Notice what you feel in your body and the thoughts that arise. Ask yourself: What part of me is speaking right now? What would love choose instead? Each time you stay present without acting from fear, you strengthen your ability to create authentic power and deepen your spiritual partnerships.</p>"
Soul Feast #63: Evolution of Consciousness: Where to Look for It,soul-feast-63-evolution-of-consciousness-where-to-look-for-it,Are you ready to live Beyond the Five Sense?,https://seatofthesoul.com/wp-content/uploads/2026/02/GaryZukav_Ep63_Graphic-02.jpg,https://seatofthesoul.com/wp-content/uploads/2026/02/GaryZukav_Ep63_Graphic-02.jpg,Gary Zukav,,Soul Feast,Are you ready to live Beyond the Five Sense?,https://www.youtube.com/watch?v=BUi2K9NzKxU,"<p><b>Are you ready to live Beyond the Five Sense? </b><b><a href=""http://www.seatofthesoul.com/beyondthefivesensescourse"">Learn How Here</a>.</b></p>

<p>In this Soul Feast, Gary explores the monumental transformation occurring within human consciousness and explains why this shift is unprecedented. He describes how the old, <b>five-sensory consciousness is rapidly giving way to a multi-sensory awareness – one that allows individuals to perceive beyond the physical world and understand themselves as more than minds and bodies. </b>Through clear, grounded examples, Gary helps listeners recognize evolution unfolding both around them and within themselves, especially during moments of emotional challenge, conflict, and inner discomfort.</p>
<p>Gary goes deeper into how this unprecedented transformation reveals itself in everyday life – through social structures breaking down, heightened discord, and the collapse of systems built on external power. </p>
<p>At the same time, he explains how <b>emotional awareness and inner examination help individuals witness evolution internally: in their physical sensations, their thoughts, and their movement between fear and love. </b>This inside–outside perspective helps listeners see why the discomfort of the old world dissolving is part of the birth of a new, more conscious humanity.</p>
<p>Ultimately, Gary shows that evolution is not something to wait for – it is something each person can actively observe and participate in. <b>The new consciousness expresses itself through emotional awareness, authentic power, and the growing recognition that love – not fear – is the true source of strength and meaning.</b></p>

<p><b>What You’ll Discover in This Soul Feast:</b></p>
<p>(01:12) — Why the shift from five-sensory to multisensory perception is happening at unprecedented speed</p>
<p>(03:40) — How discord, division, and collapsing social structures are signs of evolution – not deterioration</p>
<p>(06:45) — Why attempts to “fix” the old world with external power only create more conflict</p>
<p>(08:12) — How emotional awareness reveals the inner landscape of evolution through physical sensation and thought</p>
<p>(11:20) — The role of love and fear as the core dualities of Earth School</p>
<p>(13:01) — What it means to recognize yourself as “your perceptions” and why observer and observed are inseparable</p>
<p>(17:03) — A powerful soul step for experiencing the new consciousness directly</p>

<p><b>Embrace the Soul Step Challenge</b></p>
<p>Take out your Soul Notebook and reflect on the phrase Gary offers in this Soul Feast: “I am my perceptions.” Instead of asking what it makes you think, explore what it makes you experience. Write down any sensations, shifts, doubts, openings, or insights that arise as you sit with these words. Return to the question multiple times: What did this cause me to experience?</p>
<p>Then observe where you notice evolution taking place both inside and outside yourself. Note how these moments feel in your body and how they shape your choices toward love or fear. Let this reflection help you participate consciously in your own transformation.</p>"
Soul Snack #62: Supporting vs. Projecting,soul-snack-62-supporting-vs-projecting,Are you making choices in love or fear?,https://seatofthesoul.com/wp-content/uploads/2026/02/Copy-of-GaryZukav_Ep62.5_Graphic-01.jpg,https://seatofthesoul.com/wp-content/uploads/2026/02/Copy-of-GaryZukav_Ep62.5_Graphic-01.jpg,Gary Zukav,,Soul Snack,Are you making choices in love or fear?,https://www.youtube.com/watch?v=Mye_RemibAE,"<p><b>Are you making choices in love or fear? <a href=""https://seatofthesoul.com/cultivating-love-optin/"">Take this self-assessment today to find out</a>.</b></p>

<p><b>A new consciousness is reshaping the human experience – one that challenges everything we thought was “real.” </b>In this Soul Snack, Gary explores one of its most important skills: recognizing the difference between genuine support and unconscious projection. When a spiritual partner comments on what they believe they see in you – perhaps pointing to a frightened part of your personality – it can be a moment of clarity or a moment of misdirection. Gary reveals how offering observations to others requires deep self-awareness, and why</p>
<p>Our strongest emotional reactions often reveal more about ourselves than about anyone else.</p>
<p>Gary goes deeper into how projection operates: the tendency to see in others what we cannot bear to see in ourselves. <b>He shows how a sudden emotional charge – annoyance, anger, defensiveness – is the universe signaling a part of us needing healing.</b> He shares a personal experience in which judging a friend’s spiritual shift revealed his own unrecognized rigidity. This <b>examination of inner reactions becomes the path toward compassion, connection, and authentic power.</b></p>
<p>Ultimately, the Soul Snack illuminates the truth that <b>real support begins with self-honesty.</b> We help others only when we’re not speaking from our own frightened parts. And we free ourselves from projection the moment we’re willing to look inward before we react outward.</p>
<p><b>What You’ll Discover in This Soul Snack:</b></p>
<p><b>(00:02) — What “support” truly requires</b><b><br>
</b>Why offering spiritual insight to someone else only helps when you’re aware of <i>your own</i> frightened parts – and how easily support turns into projection. </p>
<p><b>(01:05) — How to recognize projection in real time</b><b><br>
</b>The key sign that you’re projecting: a strong emotional reaction. Gary explains why irritation, anger, or defensiveness reveal something in <i>you</i> asking for attention. </p>
<p><b>(03:09) — The anatomy of projection</b><b><br>
</b>How unrecognized shame or pain gets pushed outward onto others, distorting how you interpret their behavior. If it triggers you, it’s in you. </p>
<p><b>(04:10) — A personal story of healing through self-honesty</b><b><br>
</b>Gary shares how judging a friend’s religious conviction exposed his own rigid, fundamentalist parts – and how seeing them dissolved his judgment and restored compassion. </p>
<p><b>(05:58) — The transformation that follows self-recognition</b><b><br>
</b>Why compassion naturally replaces judgment once you identify the part of yourself that is reacting – and how this shift builds authentic power. </p>
<h3><b>Embrace the Soul Step Challenge</b></h3>
<p>This week, notice the moments when someone’s comment – or even a stranger’s expression – triggers a reaction in you. Before you respond, pause. Ask yourself: <i>What part of me is reacting? Is this support or projection?</i> Each time you choose to look inward before looking outward, you loosen the grip of a frightened part and strengthen your ability to create authentic power.</p>"
Soul Feast #62: Compassion is Not for Cowards,soul-feast-62-compassion-is-not-for-cowards,Are you making choices in love or fear?,https://seatofthesoul.com/wp-content/uploads/2026/02/Copy-of-GaryZukav_Ep62_Graphic-02.jpg,https://seatofthesoul.com/wp-content/uploads/2026/02/Copy-of-GaryZukav_Ep62_Graphic-02.jpg,Gary Zukav,,Soul Feast,Are you making choices in love or fear?,https://www.youtube.com/watch?v=v5py_EuViRQ,"<p><b>Are you making choices in love or fear? <a href=""https://seatofthesoul.com/cultivating-love-optin/"">Take this self-assessment today to find out</a>.</b></p>

<p>In this powerful Soul Feast, <b>Gary explores compassion as a living experience rather than a concept.</b> He guides listeners into the inner world where fear and love shape every perception and interaction. Through clear examples, Gary shows how <b>genuine compassion arises only when we are willing to face our own frightened parts of the personality with courage, emotional awareness, and honesty</b> – and how this inner work opens the heart to others in a way no external practice can.</p>
<p>Gary explains why compassion cannot be created through caretaking, sympathy, or trying to “fix” others. Instead, it emerges naturally when we recognize the pain behind another person’s fear-driven behavior by first recognizing it in ourselves. As he walks listeners through the mechanics of frightened and loving parts of the personality, </p>
<p>Gary reveals how emotional literacy, presence, and authentic power transform the way we relate to ourselves and others.</p>
<p><b>Ultimately, compassion grows as we develop the courage to feel our own emotional pain directly – without acting on it, repressing it, or projecting it outward.</b> This is the road to authentic power, and it’s the same road that dissolves judgment, softens the heart, and allows love to lead the way.</p>
<p><b>What You’ll Discover in This Soul Feast:</b></p>
<p>(01:10) — Why compassion requires courage – and why it cannot be accessed from fear</p>
<p>(03:00) — How emotional awareness helps you recognize fear-based parts of your personality</p>
<p>(06:01) — The moment authentic power is created: choosing love while feeling the pull of fear</p>
<p>(08:40) — Why emotional pain <i>is</i> physical pain – and how this shifts your understanding of inner work</p>
<p>(11:35) — Recognizing fear in others: the key to seeing their pain and dissolving judgment</p>
<p>(13:55) — Why compassion for others begins with compassion for yourself</p>
<p><b>Embrace the Soul Step Challenge</b></p>
<p>Take out your Soul Notebook and record every moment you notice yourself contracting in fear –  whether through judgment, irritation, withdrawal, or the impulse to control. Note the physical sensations, the thoughts, and the reactions that arise in those moments. Then write down moments when you felt yourself soften, open, or act from love – even while fear was still present. Observe what changed inside you. At the end of the day or week, review your notes with curiosity, not judgment. Let them show you how often fear or love shaped your experience, and how your heart naturally expands when you choose compassion for yourself and others.</p>"
Soul Snack #61: Emotional Indulgence,soul-snack-61-emotional-indulgence,Your emotions are messages from your soul.,https://seatofthesoul.com/wp-content/uploads/2026/02/Copy-of-GaryZukav_Ep61.5_Graphic-02.jpg,https://seatofthesoul.com/wp-content/uploads/2026/02/Copy-of-GaryZukav_Ep61.5_Graphic-02.jpg,Gary Zukav,,Soul Snack,Your emotions are messages from your soul.,https://www.youtube.com/watch?v=a7cHU9SWiOQ,"<p><b>Your emotions are messages from your soul.</b><b> <a href=""http://www.seatofthesoul.com/emotionalawarenesscourse"">Learn How to Tune In and </a></b><b>Listen HERE.</b></p>

<p><br>
In this Soul Snack of <i>The Gary Zukav Deepcast</i>, <b>Gary Zukav and Linda Francis explore why even those with emotional awareness can still choose to act from fear.</b> This powerful dynamic – <b>knowing a frightened part is active yet siding with it anyway – is what they call emotional indulgence,</b> and it’s more common than most of us like to admit.</p>
<p><b>The conversation goes deeper into the spectrum from emotional ignorance to emotional indulgence.</b> Linda describes how many people don’t recognize the physical sensations of emotions at all, while Gary explains how even spiritually aware individuals can notice a frightened part and still choose to act from it. <b>They discuss how spiritual partnership helps us see what we can’t in the moment, and why self-honesty is the turning point between indulging fear and creating authentic power.</b></p>
<p>Ultimately, this soul snack reminds listeners that awareness is only the first step – transformation happens when you choose differently. </p>
<p><b>Recognizing a frightened part is meaningful, but consciously choosing not to act from it is where authentic power is born.</b></p>
<p><b>What You’ll Discover in This Soul Snack:</b></p>
<p><b>(00:02) — Emotional Ignorance vs. Illiteracy</b><b><br>
</b>Why so many people can name emotions but still have no awareness of their physical sensations — and why that matters. </p>
<p><b>(01:11) — The Problem of Metaphor-Emotions</b><b><br>
</b>How “I feel light,” or “I feel heavy” are poetic labels, not sensations — and how this blocks true emotional awareness. </p>
<p><b>(01:52) — What Emotional Indulgence Really Is</b><b><br>
</b>When you <i>know</i> a frightened part is active, feel it in your body, understand what’s happening — and act from it anyway. </p>
<p><b>(02:35) — The Role of Spiritual Partnership</b><b><br>
</b>How spiritual partners help you regain awareness when you momentarily lose it and can’t feel what’s happening in your body. </p>
<p><b>(03:07) — Choice as the Turning Point</b><b><br>
</b>Why emotional literacy isn’t enough — and how choosing not to indulge a frightened part creates authentic power. </p>
<h3><b>Embrace the Soul Step Challenge</b></h3>
<p>This week, notice the moments when you’re aware of a frightened part – the tight chest, the heat, the clench – and ask yourself whether you’re choosing to indulge it or to challenge it. Pause before acting. Ask: <i>What part of me is making this choice?</i> Each time you choose not to act from fear, you strengthen authentic power and realign your personality with your soul.</p>"
Soul Feast #61: How You Experience Things Depends on How You Hold Them,soul-feast-61-how-you-experience-things-depends-on-how-you-hold-them,Discover a new way of seeing and experiencing the world.,https://seatofthesoul.com/wp-content/uploads/2026/02/GaryZukav_Ep61_Graphic-01.jpg,https://seatofthesoul.com/wp-content/uploads/2026/02/GaryZukav_Ep61_Graphic-01.jpg,Gary Zukav,,Soul Feast,Discover a new way of seeing and experiencing the world.,https://www.youtube.com/watch?v=lqjsHr222lY,"<p><b>Discover a new way of seeing and experiencing the world. <a href=""https://seatofthesoul.com/mutli-five-sensory/"">Start your journey to multisensory perception HERE</a>.</b></p>

<p><b>In this illuminating Soul Feast, Gary reveals one of the most empowering understandings of the Earth School: you don’t experience the world as it is – you experience it as you are.</b> Your perception of every event is shaped by the part of your personality that’s active in the moment. Through vivid examples, <b>Gary shows how the same circumstance becomes either a catastrophe or an opportunity depending entirely on whether it is held through fear or through love.</b></p>
<p>In the new consciousness now emerging, the old barrier between “in here” and “out there” dissolves, allowing us to see how our inner choices shape our outer experiences.</p>
<p>Building on this foundation, <b>Gary demonstrates how fear distorts what we see – turning neutral events into disasters – while love reveals them accurately. </b>Whether facing conflict, disappointment, natural disasters, or global uncertainty, your interpretation reflects the intentions within you. This Soul Feast guides listeners to recognize frightened parts of their personality, challenge them, and shift into loving parts that see life clearly, compassionately, and powerfully.</p>
<p>The final lesson is this: <b>you are the creator of your experiences through the choices you make. </b>Because your choices are always in the present moment, you are never without power. The Earth School continually brings you to points of choice so you can fully develop authentic power, expand your emotional awareness, and live as the artist of your own life.</p>
<p><b>What You’ll Discover in This Soul Feast:</b></p>
<p>(01:13) — The dissolving barrier between “in here” and “out there” in the new consciousness</p>
<p>(02:50) — How perception is shaped by fear or love, and why the same event can feel devastating or neutral depending on how it’s held</p>
<p>(04:15) — Why fear produces distorted, inaccurate interpretations — and how love reveals what is actually happening</p>
<p>(06:12) — How painful consequences repeat when fear remains unchallenged — and how choosing love breaks the cycle</p>
<p>(08:02) — Authentic power: choosing love no matter what is happening inside or outside of you</p>
<p>(11:11) — Seeing frightened parts as experiences — not identity — and shifting into loving parts of your personality</p>
<p>(13:20) — A Soul Step practice to track moments of fear-based perception and moments of clear, loving awareness</p>
<p><b>Embrace the Soul Step Challenge</b></p>
<p>Take out your Soul Notebook and write down every moment when you realize you are seeing the world through fear. Note the circumstance and the physical sensations, thoughts, and reactions that arose. Then record each moment when you clearly saw an experience as an opportunity to grow spiritually – when you perceived through love. As you read what you’ve written, ask yourself what you can learn and how you can choose differently next time. Don’t concern yourself with changing the world; focus instead on the choices you are making now. Honor every experience – pleasant or painful – as a lesson in the Earth School, and meet each one with awareness, compassion, and curiosity.</p>"
Soul Snack #60: Discern Your Intentions,soul-snack-60-discern-your-intentions,Your emotions are messages from your soul.,https://seatofthesoul.com/wp-content/uploads/2026/02/GaryZukav_Ep60.5_Graphic-02.jpg,https://seatofthesoul.com/wp-content/uploads/2026/02/GaryZukav_Ep60.5_Graphic-02.jpg,Gary Zukav,,Soul Snack,Your emotions are messages from your soul.,https://www.youtube.com/watch?v=TJp8AL_DewM,"<p><b>Your emotions are messages from your soul. </b><b><a href=""http://www.seatofthesoul.com/emotionalawarenesscourse"">Learn How to Tune In and Listen HERE</a>.</b></p>

<p><br>
<b>Every action you take, every word you speak, carries an intention – a silent energy that determines the quality of your experiences. </b>In this episode of <i>The Gary Zukav Deepcast</i>, Gary Zukav invites listeners to look beyond appearances and explore what truly drives their choices. Authentic power, he reminds us, is born not from what we do, but <i>why</i> we do it.</p>
<p>Gary explains that even spiritual insights can be twisted by the frightened parts of our personalities.</p>
<p><b>When our intentions stem from fear – from the need to control, impress, or be right – we misuse spiritual knowledge as a tool of manipulation. But when they come from love, our actions align with our soul’s purpose, leading to genuine connection and growth.</b></p>
<p>The solution lies in conscious awareness.<b> By pausing before speaking or acting and asking ourselves, “What is my intention?” we begin to discern whether our energy comes from love or fear.</b> This awareness is the key to transforming our relationships and creating authentic power.</p>
<p><b>What You’ll Discover in This Episode:</b></p>
<ul>
<li><b>(00:45) — The Frightened Parts of Personality</b><b><br>
</b>How the need to control, manipulate, or impress arises — and why it always leads to suffering.</li>
<li><b>(01:40) — Misusing Spiritual Wisdom</b><b><br>
</b>Gary explains how spiritual language and insights can be distorted when our intentions come from fear rather than love.</li>
<li><b>(02:35) — The Role of Spiritual Partnership</b><b><br>
</b>How genuine spiritual partners help us see when our words or actions come from frightened parts of our personality.</li>
<li><b>(03:20) — Authentic Power Can’t Be Misused</b><b><br>
</b>Gary closes with a reminder that true spiritual growth begins with self-honesty — and that we can’t fool the universe, only ourselves.</li>
</ul>
<h3><b>Embrace the Soul Step Challenge</b></h3>
<p>This week, pause before you speak or act. Ask yourself: <i>What is my intention?</i> Notice whether it’s rooted in love or fear – in a desire to connect or to control. Each moment of awareness helps you build authentic power, transforming fear into love and aligning your personality with your soul.</p>"
Soul Feast #60: The Universe Doesn’t Judge,soul-feast-60-the-universe-doesnt-judge,"Explore your full potential, so you can give the gifts you were born to give.",https://seatofthesoul.com/wp-content/uploads/2026/02/GaryZukav_Ep60_Graphic-01.jpg,https://seatofthesoul.com/wp-content/uploads/2026/02/GaryZukav_Ep60_Graphic-01.jpg,Gary Zukav,,Soul Feast,"Explore your full potential, so you can give the gifts you were born to give.",https://www.youtube.com/watch?v=_Q12WtB2FNU,"<p><b>Explore your full potential, so you can give the gifts you were born to give. Your soul has been waiting for you to take this journey!</b></p>
<p><b><a href=""http://www.seatofthesoul.com/soulthemescourse"">Learn More Here</a>.</b></p>

<p>In this transformative episode of <i>The Gary Zukav Deepcast</i>, <b>Gary shares one of the most liberating truths of the Earth School: the universe doesn’t judge.</b> What we perceive as justice or injustice, fairness or unfairness, are human projections rooted in fear. <b>Gary invites listeners to see that every experience – pleasant or painful – is not a punishment or reward but a reflection of our own choices, designed to serve our soul’s growth.</b></p>
<p>Through stories and profound insights, Gary dismantles the illusion of “right” and “wrong,” showing how judgment fuels suffering and separation. </p>
<p>Instead of seeking justice through blame, we are called to understand karma as an impartial, non-judgmental teacher that mirrors our intentions back to us. </p>
<p><b>From wealth and poverty to oppression and privilege, every circumstance is an opportunity to learn love over fear – nothing more, nothing less.</b></p>
<p>Ultimately, <b>Gary reminds us that life’s power lies in conscious choice.</b> When we let go of judgment – toward ourselves, others, and the world – we step into authentic power, grounded in gratitude, compassion, and awe. <b>Justice, as the universe knows it, is not moral verdict but divine balance: the continuous unfolding of learning, love, and evolution.</b></p>
<p><b>What You’ll Discover in This Episode:</b></p>
<ul>
<li><b>(01:13) —</b> Why <i>the universe doesn’t judge</i> — and how this changes the meaning of justice</li>
<li><b>(02:56) —</b> The Earth School as a realm of non-judgmental justice and karmic learning</li>
<li><b>(05:55) —</b> How judgment is born from fear and creates painful consequences</li>
<li><b>(09:02) —</b> Understanding karma as cause and effect — not reward or punishment</li>
<li><b>(12:13) —</b> The power of conscious choice — love vs. fear as the only real options</li>
<li><b>(17:47) —</b> Letting go of “right” and “wrong” to live with gratitude, compassion, and awe</li>
<li><b>(21:12) —</b> A Soul Step reflection exercise to notice and release judgment in daily life</li>
</ul>
<p><b>Embrace the Soul Step Challenge</b></p>
<p>Take out your Soul Notebook and notice every time you judge – yourself, another person, or a situation. Write it down. Then write each moment when judgment disappeared and you simply saw another soul. Reflect on what those moments reveal about your frightened and loving parts. The next time judgment arises, pause, breathe, and choose love instead. Each choice to stop judging is a lesson in non-judgmental justice – the universe’s only kind.</p>"
Soul Snack #59: How Can I Heal Anxiety?,soul-snack-59-how-can-i-heal-anxiety,Your emotions are messages from your soul.,https://seatofthesoul.com/wp-content/uploads/2026/02/GaryZukav_Ep59.5_Graphic-02.jpg,https://seatofthesoul.com/wp-content/uploads/2026/02/GaryZukav_Ep59.5_Graphic-02.jpg,Gary Zukav,,Soul Snack,Your emotions are messages from your soul.,https://www.youtube.com/watch?v=7lXxehSKhjk,"<p><b>Your emotions are messages from your soul. <a href=""http://www.seatofthesoul.com/emotionalawarenesscourse"">Learn How to Tune In and </a></b><b>Listen Here.</b></p>

<p>In this Soul Snack, <b>Gary Zukav explores what anxiety truly is – and what it isn’t.</b> He reveals that the vague, overwhelming feeling so many call<b> “generalized anxiety” is actually emotional illiteracy</b>: the inability to recognize and name the physical sensations that accompany our emotions.</p>
<p>True healing begins not with suppression or medication, but with awareness.</p>
<p><b>Gary guides listeners to look inward – to the energy processing centers (the throat, chest, and solar plexus) – where emotions manifest as sensations.</b> By identifying these feelings precisely, we dissolve the fog of fear and reclaim our power of choice. Each sensation, he explains, is a message from the soul, inviting us to move from reaction to responsibility.</p>
<p><b>Healing anxiety, then, is not about eliminating discomfort but learning from it.</b> When we name and feel our emotions rather than numbing them, we create authentic power – the ability to choose love over fear in every moment.</p>
<p><b>What You’ll Discover in This Soul Snack:</b></p>
<ul>
<li><b>(00:02) — Anxiety as a Messenger</b><b><br>
</b>Why “generalized anxiety” is too vague to heal—and how becoming emotionally literate transforms your experience.</li>
<li><b>(01:13) — The Practice of Emotional Literacy</b><b><br>
</b>How to turn inward and identify the specific physical sensations that reveal your emotional state.</li>
<li><b>(03:48) — Naming the Pain Removes the Fear</b><b><br>
</b>How describing sensations precisely (tightness, pressure, burning) dissolves the “boogeyman” of anxiety.</li>
<li><b>(05:22) — The Myth of Tranquilizers</b><b><br>
</b>Why medicating emotional pain only numbs it temporarily—and what it means to make a responsible, conscious choice instead.</li>
<li><b>(06:03) — Choosing Authentic Power</b><b><br>
</b>How recognizing your role as the source of your pain opens the path to freedom, love, and inner strength.</li>
</ul>
<h3><b>Embrace the Soul Step Challenge</b></h3>
<p>This week, notice moments when you feel anxious or unsettled. Pause and bring your attention to your throat, chest, or solar plexus. Describe what you feel – tension, heat, constriction – and stay with it. Ask yourself: <i>What is this feeling teaching me?</i> Each time you recognize an emotion instead of running from it, you strengthen your emotional literacy and move closer to authentic power.</p>"
Soul Feast #59: Everyone is Fighting a Great Battle,soul-feast-59-everyone-is-fighting-a-great-battle,Your journey to Authentic Power begins here.,https://seatofthesoul.com/wp-content/uploads/2026/02/GaryZukav_Ep59_Graphic-02.jpg,https://seatofthesoul.com/wp-content/uploads/2026/02/GaryZukav_Ep59_Graphic-02.jpg,Gary Zukav,,Soul Feast,Your journey to Authentic Power begins here.,https://www.youtube.com/watch?v=iK2gH03reqU,"<p><b>Your journey to Authentic Power begins here. <a href=""https://seatofthesoul.com/apg-optin/"">Download your copy of the Authentic Power Guidelines today</a>.</b></p>

<p>We’ve all heard the saying,<b> “Be gentle with everyone you meet, for everyone is fighting a great battle.” </b>In this deeply reflective Soul Feast, Gary explores what this really means –  that </p>
<p>The great battle we face isn’t with others, but within ourselves. </p>
<p>He reveals that our inner conflicts arise when a frightened part of our personality takes control, leading us into fear, judgment, jealousy, and pain. Yet within the same personality, loving parts are also waiting to emerge – the parts that express gratitude, compassion, and awe.</p>
<p><b>Gary shares how the “great battle” is not about conquering others or suppressing emotions, but about consciously choosing which part of ourselves we act from</b>. As we learn to recognize fear-based impulses and shift our focus toward love, we begin to create authentic power – a power born from choice, awareness, and love rather than control and manipulation.</p>
<p><b>This Soul Feast invites you to see life as Michelangelo saw his David: the masterpiece already exists within you. The battle is in chipping away the marble of fear that conceals it.</b></p>
<p><b>What You’ll Discover in This Soul Feast:</b></p>
<ul>
<li><b>(01:12) —</b> What the “great battle” truly is — and why it’s fought within, not against others</li>
<li><b>(04:46) —</b> The many parts of your personality: frightened vs. loving</li>
<li><b>(09:15) — </b>How acting from fear creates painful consequences in your life</li>
<li><b>(12:21) —</b> The difference between external power and authentic power</li>
<li><b>(17:50) — </b>Michelangelo’s lesson on transformation and how to “chip away” fear with love</li>
<li><b>(19:45) —</b> The path to peace: choosing love no matter what arises</li>
</ul>
<p><b>Embrace the Soul Step Challenge</b></p>
<p>Take out your Soul Notebook and reflect on the “great battle” within you. When have you felt anger, jealousy, or resentment –  and what loving choice was available instead? Notice the physical sensations of fear when they arise, and practice redirecting your attention to a loving part of your personality. Each time you choose love instead of fear, you carve away another layer of the marble hiding your true self.</p>"
Soul Snack #58: The Higher Logic of the Heart,soul-snack-58-the-higher-logic-of-the-heart,Are you ready to live Beyond the Five Sense?,https://seatofthesoul.com/wp-content/uploads/2026/02/GaryZukav_Ep58.5_Graphic-01.jpg,https://seatofthesoul.com/wp-content/uploads/2026/02/GaryZukav_Ep58.5_Graphic-01.jpg,Gary Zukav,,Soul Snack,Are you ready to live Beyond the Five Sense?,https://www.youtube.com/watch?v=r0uvd-_odf8,"<p><strong>Are you ready to live Beyond the Five Sense? <a href=""http://www.seatofthesoul.com/beyondthefivesensescourse"">Learn How Here</a>.</strong></p>

<p>In this Soul Snack, Gary Zukav shares that authentic power begins with emotional awareness – learning to <b>recognize the energy of your emotions as messages from your soul</b>. The heart, he reveals, is not just a symbol of love. It is the center of deeper understanding and a source of wisdom that goes beyond the intellect.</p>
<p>Gary describes how most people live unaware of their emotions, stacking unacknowledged feelings like unopened letters. </p>
<p>Yet every feeling – no matter how uncomfortable – carries valuable guidance about whether we are creating from love or fear. <b>When we ignore these messages, we remain trapped in the old consciousness of reaction and pain.</b> But when we bring awareness to them, we step into the new consciousness that is reshaping humanity itself.</p>
<p>The key to spiritual evolution, Gary teaches, is choosing love over fear in every moment, with every word and every action. <b>Emotional awareness allows us to discern our intentions, respond with clarity, and live from the heart</b> – where compassion, wisdom, and authentic power reside.</p>
<p><b>What You’ll Discover in This Soul Snack:</b></p>
<ul>
<li><b>(00:02) — A New World Emerges</b><br>
How humanity is shifting from five-sensory perception to multisensory awareness.</li>
<li><b>(01:12) — The Limits of the Intellect</b><br>
Why understanding your soul requires a higher logic that originates in the heart.</li>
<li><b>(03:34) — The Power of Emotional Awareness</b><br>
How recognizing sensations in your body helps you decode the messages of your emotions.</li>
<li><b>(05:20) — Love and Fear: The Two Intentions</b><br>
Discover how every action arises from either love or fear—and how to tell the difference.</li>
<li><b>(06:48) — Choosing Responsibly</b><br>
Why conscious choice from love creates authentic power and meaningful consequences.</li>
</ul>
<h3><b>Embrace the Soul Step Challenge</b></h3>
<p>This week, notice how your heart responds to the world around you. When you feel emotional energy – joy, irritation, sadness, or awe – pause and sense where it moves in your body. Ask yourself: <i>Am I acting from love or from fear?</i> Each moment of awareness strengthens your connection to the higher logic of your heart and deepens your ability to create authentically from love.</p>"
Soul Feast #58: Moving Beyond Stress,soul-feast-58-moving-beyond-stress,Discover a new way of seeing and experiencing the world.,https://seatofthesoul.com/wp-content/uploads/2026/02/GaryZukav_Ep58_Graphic-01.jpg,https://seatofthesoul.com/wp-content/uploads/2026/02/GaryZukav_Ep58_Graphic-01.jpg,Gary Zukav,,Soul Feast,Discover a new way of seeing and experiencing the world.,https://www.youtube.com/watch?v=xdYaMBwtVtU,"<p><b>Discover a new way of seeing and experiencing the world. <a href=""https://seatofthesoul.com/mutli-five-sensory/"">Start your journey to multisensory perception HERE</a>.</b></p>

<p><br>
<strong>What if stress isn’t caused by the world around you – but by what’s happening inside you? </strong></p>
<p>In this Soul Feast of The Gary Zukav Deepcast, <b>Gary explores the true nature of stress – not as a reaction to external pressure, but as a signal from a frightened part of your personality</b>. It’s not the deadlines, the traffic, or the conversations that create stress – it’s how we interpret them through fear. With vivid, practical examples and gentle guidance, Gary invites you to shift your focus inward. <b>He shows how stress, when met with emotional awareness, becomes a doorway to authentic power – a chance to choose love over fear, response over reaction.</b></p>
<p>Gary explains that stress is simply another name for fear – a fear that narrows your vision and distorts your perception of reality. When you’re consumed by stress, you don’t see clearly; you see through fear’s lens. <b>But when you turn your attention inward and develop emotional awareness, you begin to recognize stress for what it truly is:</b> physical sensations generated by fear-based parts of the self. <b>This awareness opens the door to choice</b> – the power to act from love rather than fear.</p>
<p><b>By choosing love – trusting the universe, relaxing, doing your best, and enjoying yourself – you move beyond stress into authentic power. </b>Each stressful moment becomes an invitation to align your personality with your soul.</p>
<p><b>What You’ll Discover in This Soul Feast:</b></p>
<ul>
<li><b>(01:08) — </b>What stress really is and why it’s rooted in fear, not circumstance</li>
</ul>
<ul>
<li><b>(05:33) — </b>How to identify the physical sensations of stress in your body</li>
</ul>
<ul>
<li><b>(10:50) — </b>Why avoiding or numbing emotions keeps you stuck in stress</li>
</ul>
<ul>
<li><b>(12:27) — </b>The moment of choice: shifting attention from fear to love</li>
</ul>
<ul>
<li><b>(17:36) — </b>Gary’s four keys to move beyond stress—Trust, Relax, Do Your Best, Enjoy Yourself</li>
</ul>
<ul>
<li><b>(21:36) — </b>How authentic power turns daily challenges into spiritual growth</li>
</ul>
<p><b>Embrace the Soul Step Challenge</b></p>
<p>Take out your Soul Notebook and write down Gary’s four reminders: Trust, Relax, Do Your Best, Enjoy Yourself.Reflect on the moments when you felt overwhelmed or afraid – how might those moments have changed if you had trusted life instead of resisting it? Notice where stress arises in your body, and practice choosing love instead of fear. Each conscious choice to act from love is a step toward authentic power.</p>"
Soul Snack #57: Why Does Challenging Anger Bring More Anger?,soul-snack-57-why-does-challenging-anger-bring-more-anger,Create the life you desire by choosing love over fear.,https://seatofthesoul.com/wp-content/uploads/2026/02/GaryZukav_Ep57.5_Graphic-02.jpg,https://seatofthesoul.com/wp-content/uploads/2026/02/GaryZukav_Ep57.5_Graphic-02.jpg,Gary Zukav,,Soul Snack,Create the life you desire by choosing love over fear.,https://www.youtube.com/watch?v=p8u039ca-QM,"<p><b>Create the life you desire by choosing love over fear. <a href=""https://seatofthesoul.com/love-fear/"">Learn how HERE</a>.</b></p>

<p><br>
In this Soul Snack, <b>Gary Zukav explains why setting an intention to release anger often seems to attract </b><b><i>more</i></b><b> of it.</b> He reveals that when you decide to challenge a fear-based part of your personality, the universe cooperates – not to punish you, but to help you grow. </p>
<p>Each irritating encounter or judgmental thought becomes an opportunity to strengthen your authentic power and to choose love over fear.</p>
<p><b>Gary shares that anger is not an external force but an energy that arises from a  frightened part of your personality.</b> By recognizing the physical sensations – tightness in your chest, tension in your throat, or heat in your solar plexus – you can begin to observe your anger rather than act from it. <b>This awareness transforms destructive reactions into conscious choices that align with your soul’s intention.</b></p>
<p><b>When you stop blaming and judging and instead reach for gratitude, patience, and compassion, anger begins to lose its control over you. </b>What once felt like chaos and conflict becomes a practice ground for spiritual mastery and co-creation with the universe.</p>
<p><b>What You’ll Discover in This Soul Snack:</b></p>
<ul>
<li><b>(00:02) — The Spiritual Context of Anger</b><i><br>
</i>Why the universe mirrors your intentions to help you grow in awareness.</li>
<li><b>(01:12)</b> <b>— Recognizing the Roots of Fear</b><i><br>
</i>How anger, jealousy, and revenge are all fear-based parts of the personality.</li>
<li><b>(02:30)</b> <b>— Experiencing Anger Consciously</b><i><br>
</i>How to identify anger’s sensations in your body and observe its critical, judgmental thoughts.</li>
<li><b>(03:34)</b> <b>— Challenging the Frightened Part</b><i><br>
</i>Why choosing not to act on anger creates authentic power and weakens its control.</li>
<li><b>(04:30) — The Universe as a Co-Creative Partner</b><i><br>
</i>How life brings repeated opportunities to transform anger into love, patience, and appreciation.</li>
</ul>
<h3><b>Embrace the Soul Step Challenge</b></h3>
<p>This week, notice when anger arises. Instead of reacting or suppressing it, pause and observe where you feel it in your body. Ask yourself: <i>What fear might be underneath this?</i> Then consciously reach for gratitude, patience, or compassion. Each time you do this, you dissolve a layer of fear and move closer to living in authentic power.</p>"
Soul Feast #57: What’s Real? The New Consciousness,soul-feast-57-whats-real-the-new-consciousness,Your emotions are messages from your soul.,https://seatofthesoul.com/wp-content/uploads/2026/02/GaryZukav_Ep57_Graphic-02.jpg,https://seatofthesoul.com/wp-content/uploads/2026/02/GaryZukav_Ep57_Graphic-02.jpg,Gary Zukav,,Soul Feast,Your emotions are messages from your soul.,https://www.youtube.com/watch?v=uFuDutQkRDk,"<p><b>Your emotions are messages from your soul. <a href=""http://www.seatofthesoul.com/emotionalawarenesscourse"">Learn How to Tune In and Listen Here</a>.</b></p>

<p><b>A new consciousness is transforming the human experience –  a shift so vast that it’s redefining what we call “reality.”</b> In this Soul Feast, Gary explores how this unprecedented evolution is dissolving the boundaries of five-sensory perception and awakening humanity to a larger, multisensory reality. He shares vivid personal experiences that illustrate how connection with the nonphysical world – with souls, angels, and divine intelligence – reveals that <b>love is not just an emotion but the very fabric of existence.</b></p>
<p>As Gary contrasts the old world built on manipulation and fear with the emerging one built on love, cooperation, and reverence for life, he shows how the human story is shifting from survival to spiritual growth. </p>
<p>Power is no longer defined by control, but by alignment – the alignment of personality with soul. </p>
<p><b>Every thought, word, and action is a choice between love and fear – and with awareness, we can now consciously choose love.</b></p>
<p>The new consciousness calls us to remember who we are: immortal souls creating with the energy of love. As Gary reminds us,<b> what’s real is not what we can weigh or measure – it’s the awareness expanding within us, awakening us to our true power and purpose.</b></p>
<p><b>What You’ll Discover in This Soul Feast:</b></p>
<ul>
<li><b>(00:42) — </b>The profound personal moment that revealed the presence of the nonphysical world</li>
<li><b>(06:56) — </b>What the “new consciousness” means and how it’s transforming human perception</li>
<li><b>(14:56) —</b> Why external power based on control and manipulation leads to destruction — and how authentic power transforms it</li>
<li><b>(18:33) —</b> The difference between love and fear — and how every choice creates either pain or peace</li>
<li><b>(22:04) —</b> How to live from love even amid fear, conflict, or injustice</li>
<li><b>(25:12) —</b> Practical ways to develop emotional awareness and align personality with soul</li>
</ul>
<p><b>Embrace the Soul Step Challenge</b></p>
<p>Take out your Soul Notebook and reflect on the moments that resonated with you in this Soul Feast. Which parts of Gary’s message awakened a sense of recognition, resistance, or curiosity? Write honestly about the choices you’ve made from fear – and the ones you’ve made from love. Each reflection brings you closer to living as a multisensory being, aware that love is what’s real, and it always has been.</p>"
Soul Snack #56: How Can I Change My Overwhelm?,soul-snack-56-how-can-i-change-my-overwhelm,Your emotions are messages from your soul.,https://seatofthesoul.com/wp-content/uploads/2026/02/GaryZukav_Ep56.5_Graphic-02.jpg,https://seatofthesoul.com/wp-content/uploads/2026/02/GaryZukav_Ep56.5_Graphic-02.jpg,Gary Zukav,,Soul Snack,Your emotions are messages from your soul.,https://www.youtube.com/watch?v=t61zsMwmEOw,"<p><b>Your emotions are messages from your soul. <a href=""http://www.seatofthesoul.com/emotionalawarenesscourse"">Learn How to Tune In and Listen Here</a>.</b></p>

<p><br>
In this episode, Gary Zukav explores one of life’s most common and painful emotions – overwhelm – and reveals how to move beyond it permanently. He explains that true freedom from overwhelm doesn’t come from fixing external problems like money, work, or relationships but from understanding where overwhelm really begins: inside yourself. Through deep emotional awareness, Gary shows that trying to control the outside world for relief is a form of external power, while lasting transformation comes only through authentic power – the conscious choice to look inward.</p>
<p>By examining how emotions are freestanding energies that arise within, Gary helps listeners identify overwhelm as a fear-based part of their personality. The practice of noticing these sensations in your body, experiencing them fully, and responding with healthier qualities like gratitude or patience is how you create authentic power. This inner mastery frees you from being controlled by fear and allows you to consciously shape your own experiences.</p>
<p>When you choose to respond from love – rather than react from fear – you begin to dissolve the causes of your overwhelm. What was once a cycle of stress and avoidance becomes an opportunity for growth, gratitude, and conscious creation.</p>
<p><b>What You’ll Discover in This Episode:</b></p>
<ul>
<li><b>(00:02) — The Source of Overwhelm</b><b><br>
</b>Why emotions don’t come from external circumstances but originate within you.</li>
<li><b>(02:45) — Addictions and Distractions</b><b><br>
</b>How workaholism, perfectionism, and other habits are just ways of avoiding painful emotions.</li>
<li><b>(04:39) — Emotional Awareness</b><b><br>
</b>How to locate overwhelm as physical sensations in the body and recognize its root in fear.</li>
<li><b>(07:06) — Creating Authentic Power</b><b><br>
</b>Why choosing gratitude, patience, and appreciation dissolves the control of fear.</li>
<li><b>(09:45) — Mastery and Responsible Choice</b><b><br>
</b>How responding from love instead of fear transforms every area of your life.</li>
</ul>
<h3><b>Embrace the Soul Step Challenge</b></h3>
<p>This week, notice moments when you feel overwhelmed. Instead of trying to fix external situations, pause and look inward. Ask yourself: <i>What am I feeling in my body right now?</i> <i>What fear might be underneath this?</i> Then consciously shift your focus to gratitude, patience, or appreciation. Each time you do this, you create authentic power and take one step closer to freedom from overwhelm.</p>"
Soul Feast #56: What’s Real? What Should I Do Now?,soul-feast-56-whats-real-what-should-i-do-now,Discover a new way of seeing and experiencing the world.,https://seatofthesoul.com/wp-content/uploads/2026/02/GaryZukav_Ep56_Graphic-02.jpg,https://seatofthesoul.com/wp-content/uploads/2026/02/GaryZukav_Ep56_Graphic-02.jpg,Gary Zukav,,Soul Feast,Discover a new way of seeing and experiencing the world.,https://www.youtube.com/watch?v=zmkLt-Dyzb4,"<p><b>Discover a new way of seeing and experiencing the world. <a href=""https://seatofthesoul.com/mutli-five-sensory/"">Start your journey to multisensory perception HERE</a>.</b></p>
<p>A new consciousness is reshaping the human experience – and this Soul Feast of <i>The Gary Zukav Deepcast</i> invites you to step consciously into it. In <i>What’s Real? What Should I Do Now? </i>Gary explores the dramatic tension between the fading five-sensory world – built on manipulation, control, and fear – and the emerging multi-sensory world founded on love, cooperation, and reverence for life. He illustrates how today’s global crises mirror an inner crossroads each of us faces: will we cling to external power, or choose authentic power instead?</p>
<p>As Gary unpacks the illusions of fear-based living, he reveals how every act of anger, righteousness, or superiority reinforces the old consciousness, while every act of compassion builds the new. Through examples ranging from authoritarian politics to our most intimate relationships, he shows that transforming the world begins by transforming the self.</p>
<p>In the end, the path forward is disarmingly simple yet profoundly challenging: choose love over fear. By doing so, you align your personality with your soul – the true source of real power and the only force capable of changing the world.</p>
<p><b>What You’ll Discover in This Soul Feast:</b></p>
<ul>
<li><b>(00:45) —</b> The urgent question of “What’s real?” amid global turmoil, AI, and climate change</li>
<li><b>(03:19) —</b> How two worlds – old and new consciousness – exist side by side</li>
<li><b>(08:57) —</b> The illusion of separation between “in here” and “out there”</li>
<li><b>(12:44) —</b> Why every choice is between love and fear—and how to see the parts of your personality that drive each</li>
<li><b>(15:54) —</b> What it means to live as a “chooser” in the Earth School</li>
<li><b>(17:43) —</b> How to respond to fear-based leaders and systems without losing your humanity</li>
<li><b>(22:41) —</b> Why authentic power, not external power, is the only force that truly transforms the world</li>
</ul>
<p><b>Embrace the Soul Step Challenge</b></p>
<p>Take out your <i>Soul Notebook</i> and reflect on the moments in this Soul Feast that stirred something in you – agreement, resistance, or curiosity. Which ideas felt true? Which challenged you? Write honestly about how you relate to fear and love in your daily choices. Each reflection deepens your awareness of what is <i>real</i> in your own life and strengthens your ability to create authentic power.</p>"
Soul Snack #55: Can There Be Multiple Intentions?,soul-snack-55-can-there-be-mulitple-intentions,Create the life you desire by choosing love over fear.,https://seatofthesoul.com/wp-content/uploads/2026/02/GaryZukav_Ep55.5_Graphic-02.jpg,https://seatofthesoul.com/wp-content/uploads/2026/02/GaryZukav_Ep55.5_Graphic-02.jpg,Gary Zukav,,Soul Snack,Create the life you desire by choosing love over fear.,https://www.youtube.com/watch?v=og-huCsf2YQ,"<p><b>Create the life you desire by choosing love over fear. </b><b><a href=""https://seatofthesoul.com/love-fear/"">Learn how HERE</a>.</b></p>

<p><br>
Every action begins with an intention, but can one action carry more than one? In this Soul Snack, Gary Zukav explores the essence of intention at the deepest level, showing how all intentions can ultimately be traced back to either love or fear. Through practical examples, he illustrates how the same action – a charitable donation, for instance – can manifest entirely different outcomes depending on the intention behind it.</p>
<p>Gary explains that while one person may act from pure love, another may act from fear-driven motives like seeking approval, recognition, or superiority. The energy of your intention determines the consequences in your life and the kinds of people you attract. Love creates harmony, trust, and connection, while fear creates painful consequences and relationships built on second agendas.</p>
<p>Ultimately, the choice of intention is the most important creative decision you make in the Earth School. Each choice determines not only your experiences but also the community of energy and people that surrounds you.</p>
<p><b>What You’ll Discover in This Soul Snack:</b></p>
<ul>
<li><b>(00:02) — Two Fundamental Intentions</b><b><br>
</b>Why every action and word is rooted in either love or fear.</li>
<li><b>(00:51) — Love and Fear Cannot Coexist</b><b><br>
</b>How love and fear are mutually exclusive and why the same action cannot hold both intentions at once.</li>
<li><b>(02:49) — Charity Example</b><b><br>
</b>How the same donation can create different outcomes depending on whether the intention is love or fear.</li>
<li><b>(03:48) — Law of Attraction and Intention</b><b><br>
</b>Why the energy behind your intention draws people and experiences of the same energy to you.</li>
<li><b>(05:15) — Intention as the Creative Force</b><b><br>
</b>How intention shapes karma, brings energy into matter, and determines your experiences in the Earth School. </li>
</ul>
<h3><b>Embrace the Soul Step Challenge</b></h3>
<p>This week, pause to reflect on the intentions behind your daily actions. Ask yourself: <i>Am I acting from love, or from fear?</i>Notice the energy you bring into even small choices, and observe how it affects not only your experience but also the people and situations that come into your life. Experiment with shifting your actions toward love-based intentions and see what changes.</p>"
Soul Feast #55: What’s Real? Creating Authentic Power,soul-feast-55-whats-real-creating-authentic-power,Your journey to Authentic Power begins here.,https://seatofthesoul.com/wp-content/uploads/2026/02/GaryZukav_Ep55_Graphic-01.jpg,https://seatofthesoul.com/wp-content/uploads/2026/02/GaryZukav_Ep55_Graphic-01.jpg,Gary Zukav,,Soul Feast,Your journey to Authentic Power begins here.,https://www.youtube.com/watch?v=r2FbaS7JfiE,"<p><b>Your journey to Authentic Power begins here. <a href=""https://seatofthesoul.com/apg-optin/"">Download your copy of the Authentic Power Guidelines today</a>.</b></p>

<p>A new human consciousness is emerging – one that challenges everything we thought was “real.” In this Soul Feast, Gary explores the tension between the old five-sensory consciousness, rooted in control and fear, and the new multi-sensory consciousness, grounded in love, cooperation, and reverence for life. Through powerful examples – from AI and climate change to authoritarian politics – he illustrates why the question “What’s real?” has never been more urgent.</p>
<p>At the heart of this conversation is the difference between external power and authentic power. The old consciousness equates power with domination and manipulation, but the new consciousness reveals that real power is created when your personality aligns with your soul. This transformation is not abstract – it is happening now, across the entire human species, and within each of us.</p>
<p>Authentic power is born when you recognize that you are more than your body and mind. It grows as you cultivate harmony, cooperation, sharing, and reverence for life. In this Soul Feast, Gary explains why external power has become toxic, how to recognize the new consciousness rising in you, and what steps you can take to live authentically in today’s world.</p>
<p><b>What You’ll Discover in This Soul Feast:</b></p>
<ul>
<li><b>(00:45) </b>— The urgent question of “what’s real?” in a world shaped by AI, climate change, and authoritarian politics</li>
</ul>
<ul>
<li><b>(03:19) </b>— The emergence of a new consciousness and why old five-sensory awareness can no longer define reality</li>
</ul>
<ul>
<li><b>(06:51) </b>— How authentic power transcends domination and control by aligning personality with soul</li>
</ul>
<ul>
<li><b>(10:11) </b>— Why manipulation and fear—once humanity’s survival tools—are now toxic to our evolution</li>
</ul>
<ul>
<li><b>(13:12) </b>— The contrast between fundamentalism/authoritarianism and the new archetypes of harmony, cooperation, and reverence for life</li>
</ul>
<ul>
<li><b>(19:00) </b>— Lessons from history: how fear-driven leaders exploit old consciousness, and what the new consciousness asks instead</li>
</ul>
<p><b>Embrace the Soul Step Challenge:</b></p>
<p>Take out your Soul Notebook and write down the parts of this Soul Feast that stirred something in you – whether resonance or rejection. Which ideas sounded true? Which felt uncomfortable? Which made you pause? Reflect honestly, and in doing so, notice the emergence of your new consciousness. This practice deepens your ability to recognize what is real in your own life.</p>"
Soul Snack #54: Feeling Sorrow,soul-snack-54-feeling-sorrow,Discover a new way of seeing and experiencing the world.,https://seatofthesoul.com/wp-content/uploads/2026/02/GaryZukav_Ep54.5_Graphic-02.jpg,https://seatofthesoul.com/wp-content/uploads/2026/02/GaryZukav_Ep54.5_Graphic-02.jpg,Gary Zukav,,Soul Snack,Discover a new way of seeing and experiencing the world.,https://www.youtube.com/watch?v=aRZEQzIeQ1A,"<p><b>Discover a new way of seeing and experiencing the world. <a href=""https://seatofthesoul.com/mutli-five-sensory/"">Start your journey to multisensory perception HERE</a>.</b></p>

<p>An unprecedented transformation of human consciousness is unfolding, and every personal challenge is an invitation to explore the deeper meaning of your emotional experiences. In this powerful soul snack, Gary Zukav answers a heartfelt listener’s question: how to move forward after losing a husband to cancer, recovering from illness, and facing the loneliness of an empty home. He shares how sorrow doesn’t come from external events themselves, but from the fear-based parts of our personality that interpret them.</p>
<p>Gary explains that painful emotions such as grief, loneliness, and despair are not life sentences but experiences of frightened parts of the personality. These painful dynamics, once seen clearly, can be transformed through multisensory perception – recognizing that love-based parts of our personality are also present. By shifting our awareness toward gratitude, appreciation, and awe, even the most heartbreaking circumstances can reveal spiritual gifts and opportunities for growth.</p>
<p>This Soul Snack invites you to explore sorrow not as an unchangeable reality, but as an opening to discover authentic power. The choice lies in which parts of your personality you nurture: the fearful or the loving parts.</p>
<p><b>What You’ll Discover in This Soul Snack:</b></p>
<ul>
<li><b>(00:22) — The Source of Emotional Pain</b><b><br>
</b>Why sorrow doesn’t originate from external events but from a fear-based part of the personality.</li>
<li><b>(01:12) —</b> <b>Fear vs. Love in Our Personality</b><b><br>
</b>How frightened parts create pain while loving parts create healing, patience, and gratitude.</li>
<li><b>(04:39) —</b> <b>Finding Meaning in Loss</b><b><br>
</b>How cancer, death, and change can be seen as gifts for spiritual development.</li>
<li><b>(06:45) —</b> <b>Lakota Tradition of Wiping Away the Tears</b><b><br>
</b>How rituals of grieving and celebration reveal new ways to relate to loss.</li>
<li><b>(09:31) —</b> <b>The Safety of Death</b><b><br>
</b>Why, from a soul perspective, death is not an end but a safe passage, and how awareness of this shifts our relationship to sorrow.</li>
</ul>
<h3><b>Embrace the Soul Step Challenge</b></h3>
<p>This week, pause and reflect on times when sorrow has touched your life. Instead of seeing pain only as the product of circumstances, ask yourself: <i>Which part of my personality is experiencing this—fearful or loving?</i> Experiment with shifting your attention toward gratitude for what was given, rather than focusing only on what was lost. Notice how this change in perspective alters not only your experience of sorrow but also the kind of energy and people you attract into your life.</p>"
Soul Feast #54: What’s Real? Authentic Power,soul-feast-54-whats-real-authentic-power,Your emotions are messages from your soul.,https://seatofthesoul.com/wp-content/uploads/2026/02/GaryZukav_Ep54_Graphic-02.jpg,https://seatofthesoul.com/wp-content/uploads/2026/02/GaryZukav_Ep54_Graphic-02.jpg,Gary Zukav,,Soul Feast,Your emotions are messages from your soul.,https://www.youtube.com/watch?v=DSS-LfyShGg,"<p><b>Your emotions are messages from your soul. <a href=""http://www.seatofthesoul.com/emotionalawarenesscourse"">Learn How to Tune In and Listen Here</a>.</b></p>

<p>In this Soul Feast, Gary explores what it truly means to create authentic power. He explains how authentic power emerges from love – gratitude, patience, appreciation, and awe – while external power, rooted in fear, belongs to the old consciousness. Through vivid stories and reflections, Gary reveals how to recognize when fear is active and how to make the quantum leap into love.</p>
<p>Fear and love cannot coexist. When fear controls your choices, you experience pain, judgment, and power struggles. When love guides your actions, you experience harmony, joy, and connection with your soul. Authentic power is not about domination or control – it is about aligning your personality with your soul, moment by moment.</p>
<p>The solution is both simple and challenging: notice when fear is present in your body and mind, then choose to act from love instead. Over time, frightened parts of your personality lose control, and loving parts become your new way of being. This is the practice of authentic power – and it transforms everything.</p>
<p><b>What You’ll Discover in This Soul Feast:</b></p>
<ul>
<li><b>(00:45)</b> — The new consciousness: why authentic power belongs to the emerging world, and external power to the old one.</li>
<li><b>(03:00)</b> — Love vs. fear: why these two states are mutually exclusive and how they shape your relationships.</li>
<li><b>(06:08)</b> — Emotional awareness: how to recognize frightened parts of your personality through physical sensations and judgmental thoughts.</li>
<li><b>(09:02)</b> — The Michelangelo story: how authentic power is like removing fear to reveal the love already within you.</li>
<li><b>(12:04)</b> — The choice point: how to use free will to shift from fear into love in the moment.</li>
<li><b>(17:48)</b> — Becoming authentically powerful: how patience, gratitude, and awe bring your soul’s energy into the Earth School.</li>
<li><b>(20:55)</b> — The soul notebook: how to experiment with insights and discover what’s worth keeping in your life.</li>
</ul>
<p><b>Embrace the Soul Step Challenge:</b></p>
<p>This week, take out your Soul Notebook and reflect on the moments when you noticed fear—judgment, anger, or impatience—and when you chose love—gratitude, patience, or compassion. Ask yourself: <i>What did fear cost me? What did love give me?</i> Write down what you discover, and choose to strengthen the loving parts of your personality by practicing them in real time.</p>"
Soul Snack #53: Is Painful Karma From a Good Deed Possible?,soul-snack-53-is-painful-karma-from-a-good-deed-possible,Learn how to connect with your intuition every day.,https://seatofthesoul.com/wp-content/uploads/2026/02/GaryZukav_Ep53.5_Graphic-02.jpg,https://seatofthesoul.com/wp-content/uploads/2026/02/GaryZukav_Ep53.5_Graphic-02.jpg,Gary Zukav,,Soul Snack,Learn how to connect with your intuition every day.,https://www.youtube.com/watch?v=A6D9hRfhMDk,"<p><b>Learn how to connect with your intuition every day. <a href=""https://seatofthesoul.com/daily-intuition-practice/"">Click here to start your journey</a> to authentic power!</b></p>

<p><b>An unprecedented new consciousness is reshaping humanity, and with it comes a deeper understanding of karma.</b> In this Soul Snack, Gary Zukav answers a profound question:</p>
<p>If you act with the intention of love but accidentally cause harm, will you still create painful karma?</p>
<p><b>Gary explains that karma is precise, accurate, and always aligned with the intention behind your actions.</b> Painful karma arises not from accidents but from the fear-based energy that fuels unconscious deeds. If love is the true source of your action, then what returns to you will be constructive and beneficial, regardless of unintended consequences.</p>
<p>The key is awareness of intention. <b>Every word and deed carries the energy of either love or fear, and that energy shapes your experiences.</b> When you choose love consciously, you create authentic power and a life of growth and compassion.</p>
<p><b>What You’ll Discover in This Soul Snack:</b></p>
<ul>
<li><b>(00:22) — What Karma Really Reflects</b><br>
Why karma is less about consequences of accidents and more about the intention behind every action.</li>
<li><b>(01:12) — The Role of Intention in Karma</b><br>
How the quality of consciousness—love or fear—determines what you experience.</li>
<li><b>(03:09) — Everyday Examples of Intention</b><br>
Why even something as ordinary as driving reflects whether you are living with gratitude or fear.</li>
<li><b>(04:00) — Karma as a Spiritual Delivery System</b><br>
How life returns to you the same intention you send out, teaching you exactly what you need for growth.</li>
<li><b>(05:34) — Becoming Conscious Creators</b><br>
Why awareness of your intentions allows you to shape your life and create authentic power.</li>
</ul>
<h3><b>Embrace the Soul Step Challenge</b></h3>
<p>This week, pause and reflect on your daily actions. Ask yourself: <i>What intention is fueling my words and deeds right now—love or fear?</i> Consider moments when you may have caused unintended harm. Instead of fearing painful karma, explore the consciousness behind your choices. Notice how consciously choosing love shifts the energy you send into the world, and how it transforms what you receive in return. </p>"
Soul Feast #53: What’s Real? Love or Fear,soul-feast-53-whats-real-love-or-fear,Are you ready to live Beyond the Five Sense?,https://seatofthesoul.com/wp-content/uploads/2026/02/GaryZukav_Ep53_Graphic-01.jpg,https://seatofthesoul.com/wp-content/uploads/2026/02/GaryZukav_Ep53_Graphic-01.jpg,Gary Zukav,,Soul Feast,Are you ready to live Beyond the Five Sense?,https://www.youtube.com/watch?v=L8PNfHFx_FE,"<p><b>Are you ready to live Beyond the Five Sense? <a href=""http://www.seatofthesoul.com/beyondthefivesensescourse"">Learn How Here</a>.</b></p>

<p><br>
In this Soul Feast, Gary continues his exploration of “What’s Real?” with a focus on one of life’s most fundamental questions: <b>Are you making a conscious choice to live from love or from fear? </b>Through stories, reflections, and practical insights, Gary reveals how learning to distinguish between the two transforms your entire perception and creates authentic power in your life.</p>
<p>Fear often masquerades as reality through worry, jealousy, anger, or the belief that you are incomplete. </p>
<p>Yet these are illusions – perceptions created when a frightened part of your personality is active. Love, by contrast, is the compass of the soul. It is expressed as gratitude, patience, contentment, awe, and caring. <b>Learning to recognize whether your experiences are born of fear or love is the key to stepping into the new consciousness now unfolding on Earth.</b></p>
<p>At its essence, this Soul Feast reveals that only love is real. Fear is an illusion. By choosing love over fear – moment by moment – you align your personality with your soul and begin to live from a place of authentic power.</p>
<p><b>What You’ll Discover in This Soul Feast:</b></p>
<ul>
<li><b>(01:11) </b>— The Illusion of AI and Projection: Why appearances like AI or jealousy in others aren’t “real,” but reflections of the personality.</li>
<li><b>(05:36) </b>— Love Is All That’s Real: Why the entire realm of fear is an illusion and love is the only compass that aligns you with your soul.</li>
<li><b>(10:21) </b>— Creating Authentic Power: How aligning your personality with your soul brings harmony, cooperation, sharing, and reverence for life.</li>
<li><b>(15:15) </b>— The Consequences of Choice: How choosing fear contracts and limits you, while choosing love expands your joy, meaning, and potential.</li>
<li><b>(19:32) </b>— A New You Is Emerging: Why the new consciousness reveals your true identity as soul, not just personality, and how this transforms your life.</li>
</ul>
<p><b>Embrace the Soul Step Challenge:</b></p>
<p>This week, take out your Soul Notebook and write down the moments in your day when you notice yourself acting from fear—whether jealousy, resentment, or worry—or from love—such as gratitude, appreciation, or awe. At the end of each day, reflect: Which choices expanded you, and which contracted you? Over time, you will begin to see how choosing love consistently transforms your awareness and your life.</p>"
Soul Snack #52: How Can I Judge in Jury Duty?,soul-snack-52-how-can-i-judge-in-jury-duty,Are you ready to live Beyond the Five Sense?,https://seatofthesoul.com/wp-content/uploads/2026/02/GaryZukav_Ep52.5_Graphic-02.jpg,https://seatofthesoul.com/wp-content/uploads/2026/02/GaryZukav_Ep52.5_Graphic-02.jpg,Gary Zukav,,Soul Snack,Are you ready to live Beyond the Five Sense?,https://www.youtube.com/watch?v=doozb-SylSU,"<p><b>Are you ready to live Beyond the Five Sense? </b><b><a href=""http://www.seatofthesoul.com/beyondthefivesensescourse"">Learn How Here</a>.</b></p>

<p><br>
An unprecedented new consciousness is transforming the human species, and even <b>everyday experiences can open the door to greater awareness.</b><b> </b></p>
<p>In this Soul Snack, Gary Zukav takes a common situation – being called for jury duty – and explores the deeper spiritual question it raises: Is it my duty to judge my peers?</p>
<p>Gary explains that it is never our responsibility to judge another person. <b>Judgment creates painful consequences for ourselves.</b> In jury duty, however, you are not asked to judge a person – you are asked to evaluate their actions against a specific standard: the law. <b>The larger lesson is to separate the person from the action, responding to harmful behaviors without condemning the individual.</b></p>
<p>Ultimately, <b>the path of authentic power means experiencing life’s painful moments with courage, while choosing love over fear. </b>This shift allows us to engage responsibly in the world without stepping into judgment or creating new painful karma.</p>
<p><b>What You’ll Discover in This Soul Snack:</b></p>
<ul>
<li><b>(00:22) – Jury Duty and Judgment</b><b><br>
</b>Why serving on a jury is about judging actions, not people.</li>
</ul>
<ul>
<li><b>(01:42) – Separating Person from Action</b><b><br>
</b>How Gandhi’s ahimsa shows the power of responding to harmful actions without condemning individuals.</li>
</ul>
<ul>
<li><b>(02:30) – Preventing Harm Without Judgment</b><b><br>
</b>Why it’s appropriate to stop abuse, but harmful to judge the abuser or the abused.</li>
</ul>
<ul>
<li><b>(03:10) – The Bigger Perspective</b><b><br>
</b>How unseen circumstances—or even lifetimes—shape interactions, reminding us we never know the full picture.</li>
</ul>
<ul>
<li><b>(04:10) – Choosing Love Over Fear</b><b><br>
</b>What it means to experience pain deeply, yet still choose love instead of fear.</li>
</ul>
<h3><b>Embrace the Soul Step Challenge</b></h3>
<p>This week, reflect on times when you have judged another person instead of discerning their actions. Ask yourself: How could I separate the action from the individual? Where can I intervene with love and clarity, without condemnation? Pause, breathe, and notice how shifting from judgment to compassion changes your experience.</p>"
Soul Feast #52: What’s Real? Reverence,soul-feast-52-whats-real-reverence,Are you making choices in love or fear?,https://seatofthesoul.com/wp-content/uploads/2026/02/GaryZukav_Ep52_Graphic-01.jpg,https://seatofthesoul.com/wp-content/uploads/2026/02/GaryZukav_Ep52_Graphic-01.jpg,Gary Zukav,,Soul Feast,Are you making choices in love or fear?,https://www.youtube.com/watch?v=hVC61L8ekVc,"<p><b>Are you making choices in love or fear? <a href=""https://seatofthesoul.com/cultivating-love-optin/"">Take this self-assessment today to find out</a>.</b></p>

<p>In this Soul Feast, Gary deepens the “What’s Real?” exploration, turning toward reverence – the awareness that life in all its forms is precious, valuable, and sacred. <b>Beyond appearances, reverence opens us to the essence of others, ourselves, and the world around us.</b></p>
<p>Reverence is not simply another word for authentic power, though they are inseparable. </p>
<p><b>While authentic power arises from aligning your personality with your soul, reverence allows you to experience life without cruelty, to see its inherent worth even when disempowered.</b> It transforms how you perceive people, plants, animals, and even the most ordinary moments.</p>
<p>At its heart, this Soul Feast reveals that love and reverence are what’s truly real. <b>When we move beyond personality-to-personality reactions into soul-to-soul connections, we begin to live with awe, compassion, and a deeper recognition of life’s uniqueness.</b></p>
<p><b>What You’ll Discover in This Soul Feast:</b></p>
<ul>
<li><b>(00:00)</b> — A New World Emerging: Why humanity is moving beyond external power and into soul-based authentic power.</li>
<li><b>(05:48) </b>— Personality vs. Soul Connections: How to recognize the difference between surface-level attraction/repulsion and meaningful soul-to-soul connection.</li>
<li><b>(09:13) </b>— Seeing the Soul in Others: Why acknowledging both frightened and loving parts in yourself helps you honor them in others.</li>
<li><b>(11:46) </b>— Even Hitler Had a Soul: What extreme examples of human shadow teach us about complexity and hidden loving parts.</li>
<li><b>(14:56) </b>— From Judgment to Reverence: How shifting from personality-to-personality judgments to soul awareness creates reverence for life.</li>
<li><b>(18:13) </b>— Why Reverence Matters: Why life without reverence becomes destructive—and how reverence restores compassion and meaning.</li>
</ul>

<p><b>Embrace the Soul Step Challenge:</b></p>
<p>This week, take out your Soul Notebook and jot down the insights, phrases, or ideas from this episode that resonated most deeply with you. Each day, reflect on them: Did you experience moments of reverence in your interactions – with people, animals, or even simple experiences? Where did you miss the opportunity to see the preciousness of life? At the end of the week, review your reflections to see how reverence is beginning to transform your awareness.</p>"
Soul Snack #51: Are There Evil People in the World?,soul-snack-51-are-there-evil-people-in-the-world,Your emotions are messages from your soul.,https://seatofthesoul.com/wp-content/uploads/2026/02/GaryZukav_Ep51.5_Graphic-01.jpg,https://seatofthesoul.com/wp-content/uploads/2026/02/GaryZukav_Ep51.5_Graphic-01.jpg,Gary Zukav,,Soul Snack,Your emotions are messages from your soul.,https://www.youtube.com/watch?v=lz3QKwLJBAQ,"<p><b>Your emotions are messages from your soul. <a href=""http://www.seatofthesoul.com/emotionalawarenesscourse"">Learn How to Tune In</a> and Listen Here.</b></p>

<p><b>What does it really mean when we talk about “evil” in the world?</b> In this Soul Snack, Gary Zukav addresses a powerful and often-asked question: <i>Are there truly evil people?</i> </p>
<p><b>His answer challenges conventional ideas and reveals why evil is not a “thing” but rather the absence of love, consciousness, and light.</b></p>
<p>Gary explains that evil is not an independent force to be imprisoned, eradicated, or legislated away. Instead, it is only ever the absence of love – and the only remedy is love itself. When we condemn others, even those we see as hateful, we join them in the darkness. <b>When we choose compassion, patience, and kindness instead, we step into authentic power and contribute light to the world.</b></p>
<p>Ultimately, Gary shows that the path to healing begins with each of us. <b>By choosing love, moment by moment, we not only transform our own lives but also shape a world free of darkness.</b></p>
<p><b>What You’ll Discover in This Soul Snack:</b></p>
<ul>
<li><b>(00:42) – What Is Evil?</b><b><br>
</b>Gary redefines evil as the absence of love and consciousness, not a separate force.</li>
<li><b>(01:42) – Responding to Hatred</b><b><br>
</b>Why condemning those without compassion only deepens the darkness—and how to be the remedy instead.</li>
<li><b>(02:42) – Why Evil Cannot Be Controlled</b><b><br>
</b>Evil cannot be imprisoned or legislated away; it can only be transformed through love.</li>
<li><b>(03:28) – Choice by Choice</b><b><br>
</b>How every choice toward fear or love shapes who we become—and how figures like Hitler came into being through fear.</li>
<li><b>(03:55) – Becoming the Remedy</b><b><br>
</b>Why choosing love in your own personality is the only way to contribute to a world without darkness.</li>
</ul>
<h3><b>Embrace the Soul Step Challenge</b></h3>
<p>This week, notice when you are tempted to condemn or judge others. In that very moment, ask yourself: <i>Am I contributing to darkness, or am I bringing love where it is absent?</i> Practice reaching for a loving part of your personality—gratitude, patience, caring, or kindness—and reflect on how it shifts your experience.</p>"
Soul Feast #51: What’s Real? Connection,soul-feast-51-whats-real-connection,Your journey to Authentic Power begins here.,https://seatofthesoul.com/wp-content/uploads/2026/02/GaryZukav_Ep51_Graphic-01.jpg,https://seatofthesoul.com/wp-content/uploads/2026/02/GaryZukav_Ep51_Graphic-01.jpg,Gary Zukav,,Soul Feast,Your journey to Authentic Power begins here.,https://www.youtube.com/watch?v=sCONCR45Y7M,"<p><b>Your journey to Authentic Power begins here. <a href=""https://seatofthesoul.com/apg-optin/"">Download your copy</a> of the Authentic Power Guidelines today!</b></p>

<p><b>A profound transformation in human consciousness is unfolding</b>, inviting us to see beyond the five-sensory world and into the multisensory reality of the soul. In this Soul Feast, Gary continues his exploration of “What’s Real?”- this time focusing on connection. </p>
<p>What does it mean to truly connect, and why is it inseparable from authentic power and spiritual growth?</p>
<p>Gary reveals that connection is not found in devices, games, or external validation, but in the interior world of the soul. <b>Through our interactions with others, we learn to distinguish between fear and love, frightened and loving parts of our personality.</b> These choices shape the consequences we create, opening the path to authentic power – the alignment of personality with soul.</p>
<p>At its essence, this conversation illuminates a timeless truth: only love is real. Fear produces emptiness and pain, but love generates joy, meaning, and fulfillment. <b>Authentic connection begins when we choose love over fear, cultivating harmony, cooperation, and reverence for life.</b></p>
<p><b>What You’ll Discover in This Soul Feast:</b></p>
<ul>
<li><b>(00:00) </b>— A New Consciousness: Why humanity is shifting from five-sensory to multisensory perception.</li>
</ul>
<ul>
<li><b>(04:50) </b>— What Real Connection Is (and Isn’t): How true connection arises from shared inner experiences, not devices or distractions.</li>
</ul>
<ul>
<li><b>(07:21) </b>— Love vs. Fear: Why learning to distinguish these inner states determines the quality of our consequences.</li>
</ul>
<ul>
<li><b>(10:17) </b>— Authentic Power: How aligning your personality with your soul creates lasting fulfillment.</li>
</ul>
<ul>
<li><b>(13:17) </b>— External Power vs. Authentic Power: Why manipulation and control always collapse, while authentic power cannot be lost.</li>
</ul>
<ul>
<li><b>(16:14) </b>— Joy as a Revelator: How joy reveals the presence of love and why fear can never bring fulfillment.</li>
</ul>
<ul>
<li><b>(18:42) </b>— The Tools of Love: How emotional awareness and responsible choice stabilize love as the ongoing experience of life.</li>
</ul>
<p><b>Embrace the Soul Step Challenge:</b></p>
<p>This week, take out your Soul Notebook and write down the insights, words, or moments from this episode that resonated with you. Notice what felt meaningful and what did not. At the end of the week, reflect on your notes: How did you experience love or fear in your interactions? What did these choices create in your life? Use this practice to prepare for the next episode, where Gary will share a new dimension of connection that will transform how you experience life.</p>
<p>.</p>"
Soul Snack #50: Does Protecting My Business Come From Fear?,soul-snack-50-does-protecting-my-business-come-from-fear-2,Create the life you desire by choosing love over fear.,https://seatofthesoul.com/wp-content/uploads/2026/02/GaryZukav_Ep50.5_Graphic-02.jpg,https://seatofthesoul.com/wp-content/uploads/2026/02/GaryZukav_Ep50.5_Graphic-02.jpg,Gary Zukav,,Soul Snack,Create the life you desire by choosing love over fear.,,"<p><b>Create the life you desire by choosing love over fear. </b><b>Learn how <a href=""https://seatofthesoul.com/love-fear/"">HERE</a></b></p>
<p><a href=""https://youtu.be/RekD5QF217"">https://youtu.be/RekD5QF217</a></p>

<p>Everyday choices – especially in business – can feel like a test between protecting what’s yours and staying true to your values. But <b>how do you know if your actions come from authentic power or from fear? </b>In this Soul snack, Gary Zukav answers a listener’s question about dealing with someone who seems deceitful in business. His response reveals <b>the deeper difference between acting from fear and acting from love.</b></p>
<p>Gary explains that fear always separates – through blame, judgment, or superiority – while love unites and creates authentic power. Even when protecting yourself and your livelihood is necessary, the intention behind your actions determines whether you are contributing to harmony or to painful consequences.</p>
<p><b>The key takeaway is that it isn’t the circumstance that matters most, but the conscious intention you bring to it.</b> If your actions flow from appreciation, gratitude, and love, you are creating authentic power. If they arise from blame, worry, or judgment, you are creating a world of painful consequences from a place of fear.</p>
<p><b>What You’ll Discover in This Soul Snack:</b></p>
<ul>
<li><b>(00:42) – Fear or Authentic Power?</b><b><br>
</b>Gary responds to a listener asking if protecting their business and family comes from fear or authentic power.</li>
<li><b>(01:43) – The Two Intentions: Love and Fear</b><b><br>
</b>Understand why only two choices exist—love or fear—and how to tell which one is guiding you.</li>
<li><b>(02:43) – The Umbrella Analogy</b><b><br>
</b>Discover how preparing for challenges, like bringing an umbrella for the rain, can be done from love rather than fear.</li>
<li><b>(03:43) – Closing Your Heart Creates Fear</b><b><br>
</b>Learn why judging or blaming others—even those who may have deceived you—keeps you trapped in fear.</li>
<li><b>(04:39) – Choosing Love in Every Relationship</b><b><br>
</b>Gary shares how you can thank difficult people for giving you the chance to shift from fear to love.</li>
</ul>
<h3><b>Embrace the Soul Step Challenge</b></h3>
<p>This week, notice when you feel the need to protect yourself – whether in business, relationships, or everyday life. Ask yourself: Am I closing my heart and acting from fear, or am I choosing love, appreciation, and authentic power? Reflect on how your intention shapes not just your actions, but the consequences you create.</p>"
Soul Feast #50: What’s Real? Meaning,soul-feast-50-whats-real-meaning,Your journey to Authentic Power begins here.,https://seatofthesoul.com/wp-content/uploads/2026/02/GaryZukav_Ep50_Graphic-01.jpg,https://seatofthesoul.com/wp-content/uploads/2026/02/GaryZukav_Ep50_Graphic-01.jpg,Gary Zukav,,Soul Feast,Your journey to Authentic Power begins here.,https://www.youtube.com/watch?v=N7EFfYTMM3k,"<p><b>Your journey to Authentic Power begins here. <a href=""https://seatofthesoul.com/apg-optin/"">Download your copy of the Authentic Power Guidelines today</a>!</b></p>
<p>A profound shift in human consciousness is underway. In this Soul Feast, <b>Gary invites listeners to explore what it truly means to live a life of meaning.</b> While the five-sensory world measures worth in achievements, possessions, and external validation, Gary shows us that meaning comes from a deeper source – the soul.</p>
<p>Through stories, teachings, and timeless wisdom, </p>
<p>Gary illustrates the difference between living from fear and illusion versus aligning with love and authentic power. </p>
<p>Meaning is not found in intellect, appearances, or artificial intelligence. Instead, <b>we experience true meaning when we recognize and use the unique gifts we were born to give.</b></p>
<p>At its heart,<b> this conversation is an invitation to remember that authentic power and true fulfillment come only when we align our personality with our soul.</b> Meaning isn’t something we chase – it’s something we live by choosing love over fear in every moment.</p>
<p><b>What You’ll Discover in This Soul Feast:</b></p>
<ul>
<li><b>(00:00)</b> — A New Consciousness Emerging: Why humanity is moving from a five-sensory to a multisensory way of experiencing reality.</li>
<li><b>(03:07)</b> — Beyond Intellect: Why real meaning cannot be found in data, analysis, or AI, but in the deeper knowing of the soul.</li>
<li><b>(06:00)</b> — Shadows and the Cave: How ancient wisdom illustrates the shift from illusion to authentic perception of reality.</li>
<li><b>(08:44)</b> — Choice and Responsibility: Why Earth School always brings us back to the same decision—love or fear.</li>
<li><b>(11:56)</b> — Illusion of Fear vs. Reality of Love: How fear distorts perception and why meaning only arises when we choose love.</li>
<li><b>(18:05)</b> — No Separation: The realization that there are no “others,” only oneness, and why authentic power is inseparable from love.</li>
<li><b>(21:01)</b> — A Life of Meaning: How aligning with the soul brings harmony, cooperation, and reverence for life.</li>
</ul>
<p><b>Embrace the Soul Step Challenge:</b></p>
<p>This week, take out your Soul Notebook. Write down the words, phrases, or moments from this episode that felt deeply <i>meaningful</i> to you – not intellectually, but as a deeper knowing. Notice how these insights resonate with your life. Ask yourself: <i>Am I choosing fear or love in the way I live today?</i> Return to your notes at the end of the week and reflect on how these choices shape your sense of meaning.</p>"
Soul Snack #49: How Can I Make Amends for Past Behaviors?,soul-snack-49-how-can-i-make-amends-for-past-behaviors,Discover a new way of seeing and experiencing the world.,https://seatofthesoul.com/wp-content/uploads/2025/09/GaryZukav_Ep49.5_Graphic-01.jpg,https://seatofthesoul.com/wp-content/uploads/2025/09/GaryZukav_Ep49.5_Graphic-01.jpg,Gary Zukav,,Soul Snack,Discover a new way of seeing and experiencing the world.,https://www.youtube.com/watch?v=ZKt0H11k_Eg,"<p><strong>Discover a new way of seeing and experiencing the world. Start your journey to <a href=""https://seatofthesoul.com/mutli-five-sensory/"">multisensory perception HERE</a></strong></p>

<p>We all carry memories of actions we wish we had done differently. The desire to go back and “fix” the past can feel overwhelming – but is that really the path to healing? In this Soul Snack, Gary Zukav explores the true nature of making amends and why authentic forgiveness and transformation are always rooted in the present moment, not the past.</p>
<p>Gary reveals how feelings of guilt, remorse, and the need for approval stem from a frightened part of our personality, and why seeking forgiveness from others can actually be an attempt to control how they see us.</p>
<p>Instead, he explains that genuine healing begins with becoming aware of your intention now, in this moment.The power to make amends is not found in rewriting the past – it is a conscious choice of love, clarity, and authentic power today.</p>
<p><strong>What You’ll Discover in This Soul Snack:</strong></p>
<p><strong>(00:43) – Do You Really Need to Revisit the Past?: </strong>Gary responds to the question of whether apologizing for past wrongs is necessary and reframes the true meaning of amends.<br>
<strong>(01:11) – The Roots of Guilt and Remorse: </strong>Discover how guilt, shame, and the need for approval arise from frightened parts of your personality—and why acting from these energies only creates more pain.</p>
<p><strong>(01:56) – The Only Question That Matters Now</strong>: Learn why the key to healing is not the past, but the present: What intention are you holding in this moment?</p>
<p><strong>(02:45) – The Trap of Seeking Forgiveness: </strong>Gary explains why asking others to forgive you can be a form of manipulation—and how forgiveness must come from within.</p>
<p><strong>(03:25) – Forgiveness as Freedom: </strong>Understand forgiveness as the release of a heavy burden, like putting down a suitcase full of bricks, and discover how it frees you to live with authentic power.</p>
<p><strong>Embrace the Soul Step Challenge:</strong></p>
<p>This week, reflect on moments when you’ve felt the urge to “fix” the past by seeking forgiveness or approval.</p>
<p>Pause and ask yourself:</p>
<ol>
<li>Am I trying to change someone else so I can feel better – or am I acting from love in this present moment?
<ul>
<li>Notice how your body feels when guilt or shame arises, and then experiment with shifting your intention toward connection and authentic power.</li>
</ul>
</li>
</ol>"
Soul Feast #49: What’s Real? AI,soul-feast-49-whats-real-ai,Are you ready to live Beyond the Five Sense?,https://seatofthesoul.com/wp-content/uploads/2025/08/GaryZukav_Ep49_Graphic-01.jpg,https://seatofthesoul.com/wp-content/uploads/2025/08/GaryZukav_Ep49_Graphic-01.jpg,Gary Zukav,,Soul Feast,Are you ready to live Beyond the Five Sense?,https://www.youtube.com/watch?v=x0W5LBFB5jQ,"<p>Are you ready to live Beyond the Five Sense? <a href=""http://www.seatofthesoul.com/beyondthefivesensescourse"">Learn How Here</a></p>
<p>Artificial Intelligence is everywhere – from classrooms to boardrooms – and it’s changing the way humans behave. But is AI really as powerful as we think?</p>
<p>In this Soul Feast of The Gary Zukav Podcast, Gary explores the deeper truth: AI can analyze, replicate, and accelerate behavior, but it cannot evolve the soul. Spiritual evolution is not created from machines. It is created by the concious choices we make between love and fear.</p>
<p>Gary unpacks the difference between external power – the drive to manipulate and control – and authentic power, which is born when our personality aligns with our soul. While AI can amplify old patterns, only human beings can create authentic power. The question is not whether AI will shape us, but how we will choose love or fear with it.</p>
<p>True transformation isn’t about technology; it’s about you. By making conscious choices of love, patience, gratitude, and reverence for life over fear, anger, and control, you contribute to the evolution of humanity – a creation only you can make.</p>
<p><strong>What You’ll Discover in This Soul Feast:</strong></p>
<p><strong>(00:00) — A New Consciousness Emerging:</strong> Why humanity is shifting from an old, five-sensory world to a new multisensory consciousness.</p>
<p><strong>(01:12) — AI and Human Behavior:</strong> How AI shapes behavior—making what we already do faster and more effective—but cannot touch evolution.</p>
<p><strong>(07:09) — Old Power vs. Authentic Power:</strong> Why external power is based in fear and control, and why creating authentic power is humanity’s necessity.</p>
<p><strong>(11:56) — The Soul’s Intentions:</strong> Harmony, cooperation, sharing, and reverence for life—and how aligning with these evolves the soul.</p>
<p><strong>(14:32) — AI and Human Evolution:</strong> Why AI is only pattern recognition, and why authentic power—not machines—drives true human growth.</p>
<p><strong>(17:00) — The Real Work Ahead:</strong> Why spiritual growth, not technological progress, determines whether humanity evolves or repeats old patterns.</p>
<p><strong>Embrace the Soul Step Challenge:</strong><br>
This week, take out your Soul Notebook and write down what resonated most with you from this episode. Reflect on how often you’ve applied that insight in your own life and notice the results it produced. Just like AI processes data, you’re “training” yourself – only your data is love, fear, and the choices you make. At the end of the week, look at the different consequences and ask yourself: Which future am I choosing?</p>"
Soul Snack #48: How to Trust: Part 2,soul-snack-48-how-to-trust-2,Learn how to connect with your intuition every day.,https://seatofthesoul.com/wp-content/uploads/2025/08/GaryZukav_Ep48.5_Graphic-02.jpg,https://seatofthesoul.com/wp-content/uploads/2025/08/GaryZukav_Ep48.5_Graphic-02.jpg,Gary Zukav,,Soul Snack,Learn how to connect with your intuition every day.,https://www.youtube.com/watch?v=AxuIxGY--kY,"<p><strong>Learn how to connect with your intuition every day. <a href=""https://seatofthesoul.com/daily-intuition-practice/"">Click here to start your journey to authentic power!</a></strong></p>
<p>Trust isn’t just about believing in people or circumstances – it’s about recognizing that everything you experience, without exception, is here to support your spiritual growth. In this Soul Snack, Gary Zukav takes the conversation from How To Trust: Part 1 even deeper, exploring how trust works within the “Earth School” of life, where every event is a lesson and every emotion is an opportunity to choose between love and fear.</p>
<p>Through practical wisdom, Gary explains how frightened parts of our personality are driven by fear – trying to control the outside world to feel safe, valuable, or in control.</p>
<p>But real trust begins when you see beyond these illusions and act from a loving part of your personality, even when fear is active. This is the gateway to authentic power: living intentionally, aligned with your soul, and seeing life as a constant opportunity to grow.</p>
<p><strong>The essence of trust isn’t passive faith</strong> – it’s an active, daily practice of emotional awareness, responsible choice, and love. And when you live this way, you realize that no matter what happens, it’s exactly what you need for your soul’s evolution.</p>

<p><strong>What You’ll Discover in This Episode:</strong></p>
<p><strong>(00:02) – Two Worlds, One Choice: </strong>Gary describes the shift in human consciousness and how you can choose to live in gratitude, patience, and awe – or in anger, fear, and despair.</p>
<p><strong>(01:11) – How the Earth School Works: </strong>Learn why everything you experience is a lesson for your spiritual development and a chance to choose love over fear.</p>
<p><strong>(02:00) – Fear’s One Intention: </strong>Discover how all frightened parts of your personality share the same intention: to change the external world to avoid inner pain.</p>
<p><strong>(03:07) – The Roller Coaster of Emotional Reactivity: </strong>Gary explains how highs and lows are created when we react to life’s events without awareness – and how to step off the ride.</p>
<p><strong>(04:10) – Recognizing Energy Frequencies: </strong>Understand the difference between low-frequency fear-based energies and high-frequency loving energies – and why your choice matters.</p>
<p><strong>(05:31) – What You Can Truly Trust: </strong>Gary shares the ultimate truth: everything in your life serves your soul’s growth, and your role is to align with the right intention, appropriate timing, and trust.</p>

<p><strong>Embrace the Soul Step Challenge:</strong></p>
<p>Reflect on a recent moment when you felt reactive or anxious. What fear-based intention was driving your response? This week, when you notice fear or judgment, pause. Ask yourself: “What would love do right now?” Then act from your loving part, trusting that this moment is here for your spiritual growth.</p>"
Soul Feast #48: Are Current World Events the Cause of My Emotional Pain?,soul-feast-48-are-current-world-events-the-cause-of-my-emotional-pain,https://youtu.be/77PY76vdwNg Are you practicing judgment or discernment?,https://seatofthesoul.com/wp-content/uploads/2025/09/GaryZukav_Ep48_Graphic-02.jpg,https://seatofthesoul.com/wp-content/uploads/2025/09/GaryZukav_Ep48_Graphic-02.jpg,Gary Zukav,,Soul Feast,https://youtu.be/77PY76vdwNg Are you practicing judgment or discernment?,,"<p><a href=""https://youtu.be/77PY76vdwNg"">https://youtu.be/77PY76vdwNg</a></p>

<p><strong>Are you practicing judgment or discernment? Learn more as <a href=""https://seatofthesoul.com/judgment/"">Gary explains the difference in this illuminating video</a>.</strong></p>
<p>In this thought-provoking Soul Feast of The Gary Zukav Podcast, Gary explores the root of emotional pain in the midst of current world events. <strong>While it’s easy to believe that the turmoil “out there” is the source of our suffering, Gary reveals that our pain actually comes from within – from a frightened part of our personality that reacts from fear.</strong> These parts create a cycle of pain and destructive choices, keeping us locked in the old consciousness.</p>
<h3>Gary offers a new way to break free: by becoming aware of our emotions and using them as a compass to distinguish between fear and love.</h3>
<p>This awareness opens the door to creating authentic power – aligning our personality with our soul – and allows us to act consciously, even when fear is active.</p>
<p>The path forward is not about changing the world to end our pain; it’s about transforming our internal experience. By choosing to respond from a loving part of our personality, we create different, life-enhancing consequences for ourselves and contribute to a more compassionate world.</p>
<p><strong>What You’ll Discover in This Episode:</strong></p>
<p><strong>(00:42) — The True Source of Emotional Pain:</strong> Why world events aren’t causing your suffering—and what is</p>
<p><strong>(03:04) — Escaping the Wheel of Suffering:</strong> How fear-based reactions create a cycle of pain and how to break it</p>
<p><strong>(05:59) — Old Consciousness vs. New Consciousness:</strong> Moving from external power to authentic power</p>
<p><strong>(08:55) — Fear’s Painful Signature:</strong> How to recognize the physical sensations and judgmental thoughts that signal fear</p>
<p><strong>(11:51) — Choosing Love Consciously:</strong> Why love can only be created through intentional choice</p>
<p><strong>(15:14) — Becoming the Master of Your Life:</strong> How to move beyond the control of frightened parts of your personality</p>

<p><strong>Embrace the Soul Step Challenge:</strong></p>
<p>This week, carry a small notebook with you. Write down every time you act impulsively from a frightened part of your personality – moments when you react in anger, jealousy, resentment, or superiority. Also record the times you feel a frightened part active in you but choose instead to act from love – responding with patience, gratitude, or care while fear pushes you to react. At the end of the week, reflect on the different consequences each choice created. Which do you choose?</p>"
Soul Snack #47: How to Trust: Part 1,soul-snack-47-how-to-trust,Are you ready to live Beyond the Five Sense?,https://seatofthesoul.com/wp-content/uploads/2025/08/GaryZukav_Ep47.5_Graphic-01.jpg,https://seatofthesoul.com/wp-content/uploads/2025/08/GaryZukav_Ep47.5_Graphic-01.jpg,Gary Zukav,,Soul Snack,Are you ready to live Beyond the Five Sense?,https://www.youtube.com/watch?v=wGjR9xK9GV8,"<p><strong>Are you ready to live Beyond the Five Sense? <a href=""http://www.seatofthesoul.com/beyondthefivesensescourse"">Learn How Here.</a></strong></p>
<p><strong>Trust is often viewed as something you place in others – your partner, your job, your children’s well-being – what if the deepest kind of trust isn’t about the outside world at all?</strong></p>
<p>In this powerful episode, Gary Zukav invites us to rethink trust as a spiritual practice, one that begins not with certainty about the external, but with radical acceptance of everything – inside and out- as a pathway to our spiritual growth.</p>
<p>Through personal reflection, <strong>Gary explains how a frightened part of your personality pursues external power by attempting to control outcomes and avoid pain.</strong> But as he shares, true trust is found in releasing that need for control and making the responsible choice to act from a loving part, even while the painful energy of a frightened part is active.</p>
<p><strong>The path to authentic power is paved with trust: trusting that every experience is here to serve your soul’s evolution</strong>. This episode offers a profound reminder that choosing love – no matter what – is the most courageous and transformative act we can take.</p>
<p><strong>What You’ll Discover in This Soul Snack:</strong></p>
<p><strong>(00:00) – Two Worlds, One Choice:</strong> Gary introduces the choice we face in every moment: to live in love or fear—and how this defines our experience of trust.</p>
<p><strong>(01:12) – You Can’t Control Anyone:</strong> We often try to trust people or circumstances, but Gary reminds us that control is an illusion—and surrendering it opens the door to real trust.</p>
<p><strong>(01:50) – What Can You Trust?:</strong> Learn why trusting that everything (inside and outside) is for your benefit is essential to your spiritual growth.</p>
<p><strong>(02:42) – Recognizing the Frightened Parts:</strong> From anger and jealousy to addiction and compulsion, Gary explores how fear-based reactions reveal where we are not trusting life.</p>
<p><strong>(04:38) – The True Meaning of Authentic Power:</strong> Discover how choosing love in every moment—no matter what—is the key to aligning your personality with your soul.</p>
<p><strong>Embrace the Soul Step Challenge:</strong></p>
<p>Reflect on a moment when you felt anxious, reactive, or out of control. What were you trying to resist or change? This week, when you notice yourself slipping into fear or judgment, pause. Ask yourself: “What would love do right now?” Practice trusting that what’s happening is here to support your growth – and choose love, no matter what.</p>"
Soul Feast #47: What to Do about Polarization in My Family or Workplace?,soul-feast-47-what-to-do-about-polarization-in-my-family-or-workplace,Learn how to align your personality with your soul and create authentic power in your life.,https://seatofthesoul.com/wp-content/uploads/2025/08/GaryZukav_Ep47_Graphic-02.jpg,https://seatofthesoul.com/wp-content/uploads/2025/08/GaryZukav_Ep47_Graphic-02.jpg,Gary Zukav,,Soul Feast,Learn how to align your personality with your soul and create authentic power in your life.,https://www.youtube.com/watch?v=5-Kz_C8hKbE,"<p>Learn how to align your personality with your soul and create authentic power in your life. The Authentic Power Guidelines will guide you on this powerful journey. <a href=""http://www.seatofthesoul.com/authenticpowerguidelinescourse"">Learn More Here.</a></p>
<p>In this eye-opening episode of The Gary Zukav Podcast, <strong>Gary explores the rising tension of polarization in our families, workplaces, communities, and across the globe.</strong> He offers a perspective from the new consciousness: we cannot change polarization “out there,” but we can transform our internal experience of it – starting with our own reactions and perceptions. With clarity and compassion, Gary reframes division not as an external battle, but as a reflection of our inner state.</p>
<h4>At the heart of polarization is a choice.</h4>
<p><strong>When you experience judgment, frustration, or anger, you are reacting from a frightened part of your personality.</strong> The pursuit of external power is the attempt to fix others or the world. Gary invites you to instead use your emotional awareness to see your own inner divides. Polarization is a feature of duality in the Earth school. You cannot eradicate it, but you can make a responsible choice about which part of your personality you act from: a frightened part or a loving part.</p>
<p><strong>The path to healing the division you see in the world is the creation of authentic power and the alignment of your personality with your soul.</strong> That journey begins with your emotional awareness and your responsible choice. When you choose to look inward, you cultivate the loving parts of your personality, like patience, gratitude, and compassion. This is how you contribute to a more loving world, because what is in one, is in the whole.</p>
<p><strong>What You’ll Discover in This Soul Feast:</strong></p>
<p><strong>(00:42) — Why You Can’t Fix Polarization Out There:</strong> The only place to change polarization is within yourself</p>
<p><strong>(03:09) — The Myth of External Power:</strong> Why trying to change others comes from fear—and why it no longer works in the new multisensory consciousness</p>
<p><strong>(05:50) — Love or Fear? The Only Two Options</strong>: How every experience brings you to a choice point between love and fear</p>
<p><strong>(08:14) — The Power of Perception:</strong> Why “others” are projections—and how recognizing this shifts your experience of life</p>
<p><strong>(13:24) — Creating Authentic Power:</strong> What it means to align with your soul and evolve spiritually</p>
<p><strong>(18:13) — Your Role in Polarized Environments:</strong> A new way to respond in families, workplaces, and society at large</p>

<p><strong>Embrace the Soul Step Challenge:</strong></p>
<p>This week, carry a small notebook with you. Each time you experience frustration, fear, or judgment about polarization – whether in your family, workplace, or society – write it down. Note which frightened part of your personality is reacting. Ask yourself: Am I choosing fear or love? At the end of the week, reflect on your notes. You can’t remove duality from the Earth School, but you can choose which side of it you live from. Choose love.</p>"
Soul Snack #46: Addiction and Spiritual Growth,soul-snack-46-addiction-and-spiritual-growth,Discover a new way of seeing and experiencing the world.,https://seatofthesoul.com/wp-content/uploads/2025/08/GaryZukav_Ep46.5_Graphic-02.jpg,https://seatofthesoul.com/wp-content/uploads/2025/08/GaryZukav_Ep46.5_Graphic-02.jpg,Gary Zukav,,Soul Snack,Discover a new way of seeing and experiencing the world.,https://www.youtube.com/watch?v=pwZTwXtDmZ8,"<p><strong>Discover a new way of seeing and experiencing the world. <a href=""https://seatofthesoul.com/mutli-five-sensory/"">Start your journey to multisensory perception HERE</a>.</strong></p>
<p>In this powerful and personal soul snack, <strong>Gary Zukav explores the true nature of addiction – not as a clinical disorder, but as a spiritual challenge rooted in fear and the pain of powerlessness.</strong> Drawing from his own experiences and the teachings in <em>The Seat of the Soul</em>, Gary reframes addiction as a frightened part of the personality that every human being possesses.</p>
<p><strong>By understanding that addiction is an intense attempt to cover inner pain, listeners are guided toward a new definition of healing</strong> – one that involves emotional awareness, conscious choice, and spiritual responsibility. Gary reveals that healing addiction isn’t about suppressing behavior but facing the pain beneath it with compassion and courage.</p>
<h3>If you’ve ever struggled with addiction – or thought you didn’t have one – this soul snack offers a soul-level perspective that invites reflection, growth, and a path to authentic power.</h3>
<p><strong>What You’ll Discover in This Soul Snack:</strong></p>
<p><strong>(00:02) – Two Realities, One Choice:</strong> How addiction is rooted in the choice between love and fear—and why both exist in all of us.</p>
<p><strong>(01:13) – Personality Is Not One Thing:</strong> Why your personality has many parts—and how identifying them helps you understand addiction.</p>
<p><strong>(04:04) – What Addiction Really Is:</strong> Addiction as a frightened part of your personality—and how it functions to mask deep emotional pain.</p>
<p><strong>(07:28) – The Pain Beneath Addiction:</strong> The root of all addiction: the pain of powerlessness, and how every frightened part tries to hide it.</p>
<p><strong>(10:53) – Healing as a Spiritual Journey:</strong> Why overcoming addiction is not clinical or medical—it’s a spiritual endeavor that calls for emotional awareness and alignment with your soul.</p>
<p><strong>(12:49) – Addictions as Spiritual Teachers:</strong> Your addictions are not failures—they are the most important teachers on your path to authentic power.</p>
<p><strong>Embrace the Soul Step Challenge:</strong></p>
<p>Think about an addiction – or recurring behavior – you may have denied, minimized, or ignored. Ask yourself: What pain might this behavior be masking? Are you willing to look at that pain with compassion and courage? How might your life change if you approached it with the intention to heal, rather than avoid?</p>"
Soul Feast #46: Resisting Political Divisiveness and Conforming To Fear,soul-feast-46-resisting-political-divisiveness-and-conforming-to-fear,Create the life you desire by choosing love over fear.,https://seatofthesoul.com/wp-content/uploads/2025/08/GaryZukav_Ep46_Graphic-01.jpg,https://seatofthesoul.com/wp-content/uploads/2025/08/GaryZukav_Ep46_Graphic-01.jpg,Gary Zukav,,Soul Feast,Create the life you desire by choosing love over fear.,https://www.youtube.com/watch?v=ROChCafzuBo,"<p><strong>Create the life you desire by choosing love over fear. <a href=""https://seatofthesoul.com/love-fear/"">Learn how HERE.</a></strong></p>
<p>When political chaos surrounds us and fear seems to dominate public discourse, how can we respond from a place of love? In this Soul Feast,<strong> Gary Zukav explores how both resisting political divisiveness and conforming to fear are expressions of the same underlying energy: fear itself.</strong> He offers listeners a powerful reframing of current events, emphasizing that our external world reflects our internal awareness – and that real change always begins within.</p>
<h3>Gary explains that we are living in a historic transformation from an old consciousness rooted in external power and fear to a new consciousness based in love, soul-alignment, and authentic power.</h3>
<p>Whether we conform to the fear around us or attempt to resist the divisiveness we see, we are still often reacting from fear.</p>
<p><strong> The path forward lies not in ignoring or fighting fear, but in consciously choosing to act from a loving part of your personality instead</strong> – by recognizing the frightened parts of our personality and shifting toward emotional awareness and responsible choice.</p>
<p>Creating authentic power doesn’t require the external world to become peaceful first – it begins by choosing love even when fear is present. When we cease blaming the external world and instead begin to examine our internal reactions, we gain the capacity to respond with compassion, clarity, and courage. The choice is always ours to make.</p>
<p><strong>What You’ll Discover in This Soul Feast:</strong></p>
<p><strong>(01:05) — What It Means to Conform to Fear:</strong> How fear disguises itself as anger, judgment, competition—and what happens when we unconsciously join it</p>
<p><strong>(05:03) — Reading the Signals:</strong> Where fear shows up in your body and how to recognize frightened parts of your personality</p>
<p><strong>(07:50) — Love vs. Fear:</strong> Why choosing love is the foundation of authentic power and the key to personal transformation</p>
<p><strong>(09:56) — The Illusion of Divisiveness:</strong> How political divisiveness is a mirror of our inner landscape—not a fixed external reality</p>
<p><strong>(13:45) — The Shift Toward Authentic Power:</strong> Why changing yourself is the most powerful way to change the world</p>
<p><strong>(20:06) — Your Role in the New Human Consciousness:</strong> How to align your personality with your soul and live from harmony, cooperation, and reverence for life</p>
<p><strong>Embrace the Soul Step Challenge:</strong></p>
<p>This week, carry a small notebook with you. Each time you have a reaction to political divisiveness – whether it’s anger, fear, frustration, or judgment – write it down. Note the frightened parts of your personality that arise, even if you only fear the idea of conforming to fear. At the end of the week, reflect on what you’ve written. Recognize that you are the one who experienced these reactions – and you are the one with the power to choose differently. This is where authentic power is born: not from changing the world, but from choosing love in each moment.</p>"
Soul Snack #45: Energy Into Matter,soul-snack-45-energy-into-matter-2,Learn how to connect with your intuition every day.,https://seatofthesoul.com/wp-content/uploads/2025/07/GaryZukav_Ep45.5_Graphic-02.jpg,https://seatofthesoul.com/wp-content/uploads/2025/07/GaryZukav_Ep45.5_Graphic-02.jpg,Gary Zukav,,Soul Snack,Learn how to connect with your intuition every day.,https://www.youtube.com/watch?v=ACZeUGB0e7I,"<p><strong>Learn how to connect with your intuition every day. <a href=""https://seatofthesoul.com/daily-intuition-practice/"">Click here to start your journey to authentic power!</a></strong></p>
<p>In this thought-provoking Soul Snack, Gary Zukav explains how your<strong> intentions create your reality – literally.</strong> Drawing from a multisensory perception now available to our species, Gary illustrates how the choice of intention is the powerful force that shapes the Light that flows through you into the matter of your life.</p>
<p><strong>Whether your intention comes from a frightened part or a loving part of your personality, each choice creates your experiences and the unfolding of your personal karma.</strong></p>
<p>Gary explains the relationship between your soul and your personality, showing how each choice of intention creates your reality. He explains that your actions and words are carriers of your intent, which is often unconscious. When you make a responsible choice to act from a loving part of your personality, you create experiences that nourish your soul. But when you react from a frightened part, you create experiences of separation, pain, and a struggle for external power.</p>
<p>Ultimately, this episode reminds us that every responsible choice is an opportunity to create a reality aligned with the intentions of your soul: harmony, cooperation, sharing, and reverence for Life. <strong>The power to transform your life is yours</strong>, and it begins with your conscious choice to act from a loving part of your personality.</p>
<p><strong>What You’ll Discover in This Soul Snack:</strong></p>
<p><strong>(00:02) – Two Worlds, One Choice:</strong> Why we’re living in a time of transition between the old consciousness of external power and the new consciousness of authentic power—and how your intention determines which reality you create.</p>
<p><strong>(01:10) – What Intention Really Means:</strong> The difference between unconsciously reacting from a frightened part and consciously choosing the intention of a loving part of your personality.</p>
<p><strong>(03:50) – The Power of Emotional Awareness:</strong> How paying attention to the physical sensations in your energy centers allows you to become conscious of your choices and create with intention.</p>
<p><strong>(06:08) – How Intention Shapes Reality:</strong> Why every loving or fearful intention you choose shapes the Light that flows through you into the matter of your life.</p>
<p><strong>(08:53) – Soul and Personality:</strong> Understanding the relationship between your personality and your immortal soul on its journey of evolution in the Earth school.</p>
<p><strong>(10:20) – The Path to Authentic Power:</strong> How making a responsible choice to act from a loving part of your personality is the path to creating authentic power.</p>
<p><strong>Embrace the Soul Step Challenge</strong></p>
<p>Think about a moment when your reaction created a reality you didn’t intend. Did you act from anger, fear, or judgment? Now revisit that moment and ask: What would it have looked like to choose an intention of love instead? What reality might you have created? Each moment is an opportunity to bring a new world into being – energy into matter – through the power of conscious intention.</p>"
Soul Feast #45: How Can You Respond with Love When There is Chaos and Political Upheaval All Around You?,soul-feast-45-how-can-you-respond-with-love-when-there-is-chaos-and-political-upheaval-all-around-you-2,Are you making choices in love or fear?,https://seatofthesoul.com/wp-content/uploads/2025/08/GaryZukav_Ep45_Graphic-01.jpg,https://seatofthesoul.com/wp-content/uploads/2025/08/GaryZukav_Ep45_Graphic-01.jpg,Gary Zukav,,Soul Feast,Are you making choices in love or fear?,https://www.youtube.com/watch?v=6BwzRKW3UgA,"<p>Are you making choices in love or fear? <a href=""https://seatofthesoul.com/cultivating-love-optin/"">Take this self-assessment today</a> to find out.</p>
<p>When the world feels like it’s unraveling – filled with political upheaval, social disintegration, and emotional overwhelm – how can you stay centered in love? In this episode, Gary Zukav answers a deeply relevant question: How can I respond with love when everything around me feels chaotic?</p>
<h3>Drawing from the principles of the new consciousness, Gary reminds us that real change begins within.</h3>
<p>It does not come from the pursuit of external power, but through emotional awareness and responsible choice.</p>
<p>He explains that we are living in a historic transformation – <strong>from the old consciousness rooted in fear, manipulation, and control – to a new consciousness based in love, gratitude, and aligning your personality with your soul.</strong> In the midst of chaos, we’re invited to look inward, become aware of the frightened parts of our personality, and consciously choose to respond from a loving part. This choice is not just spiritual rhetoric – it’s the creation of authentic power and <strong>the path to personal and collective healing.</strong></p>
<p>Creating authentic power doesn’t require the world to calm down first. In fact, the outer world often activates the inner work that is necessary for your soul’s growth. <strong>When you use your emotional awareness to feel the painful physical sensations of fear in your energy centers, you see that a frightened part of your personality is active.</strong> That is a signal. It is a point of choice. By making the responsible choice to respond with love in that moment, <strong>you become an empowered creator of your life, not a victim of your circumstances.</strong></p>
<p><strong>What You’ll Discover in This Soul Feast:</strong></p>
<p><strong>(01:34)</strong> — <strong>The Rise of a New Consciousness:</strong> Why this transformation is unlike anything humanity has experienced before<br>
<strong>(04:52)</strong> — <strong>Old vs. New Power:</strong> How control and manipulation are now toxic, and how soul-alignment is the new strength<br>
<strong>(06:44)</strong> — <strong>Why Changing the World Doesn’t Work:</strong> The truth about external power and the inner shift that truly matters<br>
<strong>(09:50)</strong> — <strong>Reading Your Body’s Signals:</strong> How energy processing centers reveal whether fear or love is active within you<br>
<strong>(12:15)</strong> — <strong>Mastering the Moment:</strong> What it really means to respond from love—and how to keep choosing it, again and again<br>
<strong>(17:40)</strong> — <strong>The Most Powerful Place to Look Is Within:</strong> Why your inner world holds more power than anything outside of you</p>
<p><strong>Embrace the Soul Step Challenge:</strong><br>
This week, notice when the world around you feels chaotic or overwhelming. Instead of reacting, pause. Feel into your energy centers—your throat, chest, and solar plexus. What physical sensations are present? Is fear active? What thoughts are surfacing? Then, shift your awareness to a loving part of your personality. Remember a moment of deep love or appreciation, and let that energy guide your response.</p>
<p>This is how you create authentic power—through emotional awareness and responsible choice, one moment at a time.</p>"
Soul Snack #44: Unsplinter Your Personality,soul-snack-44-unsplinter-your-personality,"In this illuminating Soul Snack, Gary Zukav explains that your intentions create your reality and what it means to live with a splintered personality.",https://seatofthesoul.com/wp-content/uploads/2025/07/GaryZukav_Ep44.5_Graphic-02.jpg,https://seatofthesoul.com/wp-content/uploads/2025/07/GaryZukav_Ep44.5_Graphic-02.jpg,Gary Zukav,,Soul Snack,"In this illuminating Soul Snack, Gary Zukav explains that your intentions create your reality and what it means to live with a splintered personality.",https://www.youtube.com/watch?v=PkM1TJRVfQg,"<p>In this illuminating Soul Snack, <b>Gary Zukav explains that your intentions create your reality </b>and what it means to live with a splintered personality.</p>
<p>The intentions of the different parts of your personality – a loving part and a frightened part – are always creating the experiences of your life, whether you are conscious of them or not .</p>
<p>The fundamental creative act is your choice of intention. Every part of your splintered personality – a frightened part and a loving part – has an intention. When you are not conscious of these parts, your reactions create painful experiences. <b>Using your emotional awareness gives you the clarity to make a responsible choice. Choosing to align with a loving part of your personality is how you create authentic power .</b></p>
<p><b>By learning to pay attention to the physical sensations in your energy centers and to observe your  thoughts without judgment, you will see the intentions of the different parts of your personality. </b>This is how you heal a splintered part. You make a responsible choice to act from a loving part, even while feeling the energy of a frightened part .</p>

<p><b>What You’ll Discover in This Soul Snack:</b></p>
<ul>
<li><b>(01:12) – </b>The Deeper Meaning of Intention: Why your intention is the cause that creates the effect of every experience in your life.</li>
<li><b>(02:30) – </b>A Splintered Personality in Action: A relatable example of the conflicting intentions between a frightened part and a loving part of your personality.</li>
<li><b>(03:50) – </b>How Your Actions Create Your Life: Why you create painful experiences each time you act from the intentions of a frightened part of your personality.</li>
<li><b>(07:06) – T</b>he Key to Becoming Conscious: How using your emotional awareness to feel the physical sensations in your energy centers reveals your unconscious intentions .</li>
<li><b>(10:30) – </b>Thoughts of a Frightened Part: Recognizing the thoughts of judging, analyzing, and comparing that signal a frightened part of your personality is active.</li>
<li><b>(12:29) – </b>The Pathway to Authentic Power: How making a responsible choice to act from a loving part of your personality is how you create authentic power .</li>
</ul>

<h3><b>Embrace the Soul Step Challenge</b></h3>
<p>Think back to a time when your words or actions didn’t align with what you <i>thought</i> your intentions were. What were the physical sensations in your chest, throat, or solar plexus? What thoughts ran through your mind – were they judgmental, fearful, or avoidant? Now pause. Revisit that moment and imagine responding from a loving part of your personality. What choice would you make instead? This is the sacred work of unsplintering your personality—moment by moment, intention by intention.</p>"
Soul Feast #44: The Gifts of Temptation,soul-feast-44-the-gifts-of-temptation,For many the persistent need to cover their pain with an addiction is very real.,https://seatofthesoul.com/wp-content/uploads/2025/07/GaryZukav_Ep44_Graphic-02.jpg,https://seatofthesoul.com/wp-content/uploads/2025/07/GaryZukav_Ep44_Graphic-02.jpg,Gary Zukav,,Soul Feast,For many the persistent need to cover their pain with an addiction is very real.,https://www.youtube.com/watch?v=jrC4xEJ8_BY,"<p><b>For many the persistent need to cover their pain with an addiction is very real. Learn more from Gary Zukav <a href=""https://seatofthesoul.com/addiction/"">HERE</a>.</b></p>
<p>What if temptation wasn’t a trap – but a sacred opportunity for soul growth? In this episode, </p>
<p>Gary Zukav deepens the conversation on temptation, revealing its role as a “dress rehearsal for a negative karmic event.” </p>
<p><b>Rather than something to avoid or fear, temptation becomes a revealing messenger – an invitation to notice which part of you is speaking: a frightened part of your personality or a loving part. of your personality. </b></p>
<p>From rage to jealousy to the need to please, every temptation is an opportunity to see a frightened part of your personality in action. </p>
<p>It is a moment of choice between reacting from that frightened part, or consciously responding from a loving part . <b>When you choose to act from a loving part of your personality, you align yourself with your soul and create authentic power .</b></p>
<p>This episode offers a liberating shift in perspective. <b>Temptation is not evidence of failure or evil, but a compassionate signal from the Universe to pause,</b> become emotionally aware, and make a responsible choice . In that conscious choice lies your power to shape your reality with love by creating authentic power.</p>

<p><b>What You’ll Discover in This Soul Feast:</b></p>
<ul>
<li><b>(00:42) —</b> Temptation, Reframed: Why temptation is not a punishment, but a compassionate “dress rehearsal for a negative karmic event”.</li>
<li><b>(01:57) —</b> There is No “Evil”: Understanding evil as an absence of Light and Love, not an outside force to resist.</li>
<li><b>(03:49) — </b>Everyday Temptations: Recognizing how currents of energy like rage and superiority are signals from a frightened part of your personality.</li>
<li>(06:40) — The Point of Choice: How every temptation is your opportunity to create authentic power by choosing to come from love, not fear.</li>
<li><b>(11:45) —</b> Emotional Awareness as a Compass: How to use the physical sensations in your energy centers to know if a frightened part or a loving part of your personality is active.</li>
<li>(<b>13:28) — </b>The Spiritual Gift of Temptation: Why temptation is a compassionate gift that is essential to your soul’s evolution.</li>
<li><b>(17:35) —</b> You Are a Chooser: Understanding that making a responsible choice is the fundamental creative act of your life.</li>
</ul>

<p><b>Embrace the Soul Step Challenge:</b></p>
<p>This week, take a moment to write in your journal each time you notice a tempting thought or impulse. Ask yourself: <i>Which frightened part of my personality is behind this?</i> Describe what it wants to do. Then, ask: <i>What would my life feel like if I didn’t follow this impulse?</i> Shift your attention to a loving part of your personality and choose your response from there. That is how you create authentic power—one conscious choice at a time.</p>"
Soul Snack #43: How Can I Be Authentic and Grieve a Loss?,soul-snack-43-how-can-i-be-authentic-and-grieve-a-loss,"In this soul-nourishing Soul Snack, Gary Zukav answers a heartfelt listener question: How do I live an authentic life while grieving a deep loss?",https://seatofthesoul.com/wp-content/uploads/2025/08/GaryZukav_Ep43.5_Graphic-01.jpg,https://seatofthesoul.com/wp-content/uploads/2025/08/GaryZukav_Ep43.5_Graphic-01.jpg,Gary Zukav,,Soul Snack,"In this soul-nourishing Soul Snack, Gary Zukav answers a heartfelt listener question: How do I live an authentic life while grieving a deep loss?",https://www.youtube.com/watch?v=uU00-ewaYjY,"<p>In this soul-nourishing Soul Snack, Gary Zukav answers a heartfelt listener question: <i>How do I live an authentic life while grieving a deep loss?</i> With clarity and compassion, <b>Gary explains why emotions like grief and loss are not barriers to authenticity – they are part of it. </b>In fact, developing emotional awareness through our deepest pain is one of the most essential steps toward creating authentic power.</p>
<p><b>Grieving doesn’t mean abandoning authenticity – it’s an invitation to experience life more deeply.</b> Gary describes how fear-based emotions like grief and loss activate a frightened part of our personality, while emotions rooted in love connect us to our soul and who we really are.</p>
<p>The challenge is not to eliminate difficult feelings, but to become aware of them, and to choose love – again and again – even in the midst of suffering.</p>
<p>Ultimately, Gary shows that we don’t have to wait until the pain is gone to live authentically. <b>By using your emotional awareness to make the responsible choice of love over fear, the frightened parts of your personality lose their control over you,</b> and you begin to give the gifts that you were born to give.</p>
<h3><b>What You’ll Discover in This Soul Snack:</b></h3>
<ul>
<li><b>(00:50)</b> – The listener’s question: Is it possible to live authentically and grieve at the same time?</li>
<li><b>(01:12)</b> – Avenues to Growth: Why painful emotions are not obstacles, but avenues to your spiritual growth </li>
<li><b>(02:10)</b> – How to become aware of your emotions by feeling the physical sensations in your energy centers, such as your chest and solar plexus .</li>
<li><b>(03:12)</b> – Why emotions like grief and loss activate a frightened part of your personality</li>
<li><b>(05:08)</b> – How a loving parts of our personality offer a new perspective on loss</li>
<li><b>(06:10)</b> – The power of responsible choice: How to consciously choose to act from a loving part of your personality, such as gratitude, while a frightened part is active.</li>
<li><b>(07:04)</b> – How frightened parts of your personality lose their control over you each time you challenge them by choosing love </li>
</ul>
<h3><b>Embrace the Soul Step Challenge:</b></h3>
<p>Think of a time when grief or loss pulled you away from your sense of self. What physical sensations did you notice in your body? What thoughts accompanied them—were they filled with comparison or fear? Now gently shift your attention. Can you recognize a gift that came from the person or situation you lost? Practice holding that memory with love and gratitude. This is how authentic power is born: not by avoiding pain, but by choosing love in the midst of it.</p>"
Soul Feast #43: Temptation,soul-feast-43-temptation,"For many, the temptation of addiction is very real.",https://seatofthesoul.com/wp-content/uploads/2025/07/GaryZukav_Ep43_Graphic-01.jpg,https://seatofthesoul.com/wp-content/uploads/2025/07/GaryZukav_Ep43_Graphic-01.jpg,Gary Zukav,,Soul Feast,"For many, the temptation of addiction is very real.",https://www.youtube.com/watch?v=ZYHaZSao5RA,"<p><strong>For many, the temptation of addiction is very real. Learn more from Gary Zukav <a href=""https://seatofthesoul.com/addiction/"">HERE</a>.</strong></p>
<p><strong>What if temptation isn’t something to fear</strong>, but a powerful guide for your soul’s evolution? From a multisensory perspective, <strong>temptation is a gift from the Universe</strong>. It is not a punishment or a trap set by an external evil, but a preview of the plans of a frightened part of your personality. It is a “dress rehearsal for a negative karmic event,” <strong>an opportunity to see what a frightened part of your personality intends to create before it becomes a painful reality</strong>.</p>
<p>Diving into what we label as “evil,” Gary offers a transformative lens: <strong>evil is not a presence to be fought, but an absence of Love</strong>. This episode shows you <strong>how to use your emotional awareness – by feeling the physical sensations in your energy center – to recognize the difference between fear and love</strong>.</p>
<p>It is in the moment of temptation that you are given the ultimate choice: to react unconsciously from fear, or to consciously respond from the most loving part of your personality and create authentic power.</p>
<p>Ultimately, this episode reminds us that <strong>your life is the result of your choices</strong>. When you choose to respond with love instead of reacting with fear, you align your personality with the intentions of your soul and <strong>create authentic power in your life</strong>.</p>
<p><strong>What You’ll Discover in This Soul Feast:</strong></p>
<p><strong>(00:42) — </strong>Temptation, redefined: Why it’s not a punishment, but a preview of karmic events<br>
<strong>(03:49) — </strong>How temptation serves you: The moment it appears is the moment you get to choose<br>
<strong>(06:40) — </strong>Temptation vs. action: Why dress rehearsals for fear-based decisions are your greatest gift<br>
<strong>(08:00) —</strong> There is no “evil”: Understanding evil as an absence of Light and Love, and why the only appropriate response is to choose to fill that absence with the presence of love<br>
<strong>(11:45) — </strong>Emotional awareness as a guide: How to feel the difference between a frightened and a loving parts of your personality<br>
<strong>(13:28) — </strong>Don’t resist – recognize: Why resisting temptation isn’t the goal, but recognizing its origin is<br>
<strong>(17:35) — </strong>Creating authentic power: The soul-level choice to shift from fear to love in real time</p>
<p><strong>Embrace the Soul Step Challenge:</strong></p>
<p>This week, take out your journal and notice each time a tempting thought or impulse arises. Ask yourself: What frightened part of my personality is showing me this? Then, reflect—what would my life feel like if I didn’t follow this temptation? As you write, shift your attention to a loving part of your personality and choose to act from that space. That’s the essence of creating authentic power.</p>"
Soul Snack #42: Spiritual Growth Requires Relationships,soul-snack-42-spiritual-growth-requires-relationships,Discover how intentional choices can transform your life.,https://seatofthesoul.com/wp-content/uploads/2025/07/GaryZukav_Ep42.5_Graphic-02.jpg,https://seatofthesoul.com/wp-content/uploads/2025/07/GaryZukav_Ep42.5_Graphic-02.jpg,Gary Zukav,,Soul Snack,Discover how intentional choices can transform your life.,https://www.youtube.com/watch?v=ZENmYONEm0M,"<p><strong>Discover how intentional choices can transform your life. <a href=""https://seatofthesoul.com/responsible-choice/"">Download this meditation</a> on Responsible Choice today!</strong></p>
<p>In this insightful episode, Gary Zukav articulates why spiritual growth cannot occur without each other. He reveals that relationships – whether romantic, familial, or casual – are essential for awakening authentic power. These relationships activate both the loving and frightened parts of our personalities, giving us the opportunity to grow by consciously choosing love, even when fear arises.</p>
<p>Gary explains that while emotional awareness and responsible choice are personal choices, they must be exercised in the context of real interactions with others.</p>
<p>Through relationships, we are continually given the chance to challenge fear and cultivate love inside of us – moment by moment, choice by choice. </p>
<p>This is how we create authentic power, not only for ourselves, but for the collective consciousness of humanity.</p>
<p>Ultimately, this episode reminds us that spiritual partnership is not reserved for the few. Every relationship can become a spiritual partnership if it is approached with the intention to grow . It’s in these sacred partnerships that we learn and evolve from the frightened parts of our personalities, into love souls infusing our families, communities, and world with authentic power.</p>
<p><strong>What You’ll Discover in This Soul Snack:</strong></p>
<p>(01:12) – Why relationships are the only arena where spiritual growth can take place<br>
(02:05) – How frightened and loving parts of the personality are activated in relationship<br>
(03:41) – The core practices: emotional awareness and responsible choice<br>
(05:08) – Why we can only create authentic power for ourselves—and never for others<br>
(07:30) – What spiritual partnership is, and how it differs from traditional relationships<br>
(09:50) – How creating authentic power transforms your relationships and humanity</p>
<p><strong>Embrace the Soul Step Challenge:</strong></p>
<p>Think of a moment when someone in your life “pushed your buttons.” What parts of your personality did that moment activate? Were you responding from fear or love? Take a breath and tune into your emotional awareness. What sensations arise in your chest, solar plexus, or throat? Now imagine how that moment could have shifted if you had chosen to respond from patience, gratitude, or compassion. </p>
<p>This is how relationships become the training ground for authentic power – and the path to your soul.</p>"
Soul Feast #42: Non-Physical Teachers: Part 1,soul-feast-44-non-physical-teachers-pt-1,Are you ready to live Beyond the Five Sense?,https://seatofthesoul.com/wp-content/uploads/2025/07/GaryZukav_Ep42_Graphic-01.jpg,https://seatofthesoul.com/wp-content/uploads/2025/07/GaryZukav_Ep42_Graphic-01.jpg,Gary Zukav,,Soul Feast,Are you ready to live Beyond the Five Sense?,https://www.youtube.com/watch?v=D5F5SNTPSlk,"<p><strong>Are you ready to live Beyond the Five Sense? <a href=""http://www.seatofthesoul.com/beyondthefivesensescourse"">Learn how HERE.</a></strong></p>
<p>In this deeply personal and revealing episode, Gary Zukav opens a window into the unseen world of non-physical teachers – beings of wisdom and compassion who support our spiritual evolution beyond the limits of our five senses. </p>
<p>As we move from five-sensory to multisensory perception, we begin to become aware of and communicate with guidance that has always been available to us.</p>
<p>Previously, we have been incapable of accessing this guidance due to the limitations within a five-sensory perspective. Gary shares how his own life was transformed after his own communications with one of these teachers and invites listeners to reflect on the possibility that they too are being guided in ways they may not yet recognize.</p>
<p>In this Episode, Gary remembers the story of his encounter with Ambrose, a non-physical teacher who he encountered during a difficult time in his life. From a painful breakup, to a solo journey into the desert, to a transformative conversation with a channeled being in Sweden, Gary describes how this extraordinary interaction awakened him to the reality of non-physical support. This moment marked the beginning of a lifelong relationship with the unseen world – and the realization that love, guidance, and wisdom transcend form.</p>
<p>Ultimately, Gary reminds us that we are never alone. When we expand our awareness, we can begin to perceive and communicate with non-physical teachers, those compassionate intelligences that exist to support our journey toward love, wholeness, and authentic power.</p>
<p><strong>What You’ll Discover in This Soul Feast:</strong></p>
<p>(00:00) — Why every human has non-physical teachers, and how multisensory perception allows us to connect with them</p>
<p>(02:50) — The difference between five-sensory and multisensory awareness—and how the shift expands our understanding of time, space, and reality</p>
<p>(06:44) — Gary’s honest account of addiction, relationships, and the pain that opened the door to spiritual transformation</p>
<p>(11:05) — A mystical meeting with Ambrose: how a non-physical teacher knew what no one else could</p>
<p>(15:20) — What Ambrose taught Gary about keeping a “light alive” and speaking to others from the soul</p>
<p>(17:20) — The many ways intuition shows up – and why your unique way of connecting is exactly right for you</p>
<p><strong>Embrace the Soul Step Challenge:</strong></p>
<p>Take a moment with your soul notebook and reflect: Have you ever felt a presence or received wisdom that seemed to come from beyond the physical world? Maybe it was a dream, a sudden insight, or a quiet knowing that helped you through a difficult time. </p>
<p>Write down these moments – what you felt, what guidance you received, and how it changed you. </p>
<p><strong>Consider:</strong> Is it possible you’ve already received support from a non-physical teacher and did not realize it?</p>"
Soul Snack #41:  Psychology – Balancing a Shattered Soul,soul-snack-41-psychology-balancing-a-shattered-soul,"Explore your full potential, so you can give the gifts you were born to give.",https://seatofthesoul.com/wp-content/uploads/2025/06/GaryZukav_Ep41.5_Graphic-01.jpg,https://seatofthesoul.com/wp-content/uploads/2025/06/GaryZukav_Ep41.5_Graphic-01.jpg,Gary Zukav,,Soul Snack,"Explore your full potential, so you can give the gifts you were born to give.",https://www.youtube.com/watch?v=tARmPmjyfME,"<p><strong>Explore your full potential, so you can give the gifts you were born to give. <a href=""http://www.seatofthesoul.com/soulthemescourse"">Enroll in Soul Themes</a> Today. Your soul has been waiting for you to take this journey!</strong></p>
<p>In this powerful Soul Snack, Gary explores the limitations of traditional psychology and introduces a radically expanded view of healing – one rooted in the soul. He explains why psychology, as it’s typically practiced, cannot fully understand or address the true causes of emotional and behavioral dysfunction. The conversation leads into the spiritual dimensions of healing, karma, and the journey toward authentic power.</p>
<p>Gary shares how <strong>our five-sensory perception is giving way to a multisensory awareness – one that sees not just personality, but the soul behind every action and emotion</strong>.</p>
<p>This shift reveals that every emotional wound or destructive behavior stems from a fractured connection between the personality and the soul.</p>
<p>What we often diagnose as neurosis or emotional breakdowns are, in fact, signs of a soul struggling to reclaim its wholeness.</p>
<p>The key to integrating a shattered soul lies in creating authentic power: aligning your personality with your soul by choosing love over fear.</p>
<p><strong>Through emotional awareness and responsible choice, we can challenge the frightened parts of our personalities and instead nurture the loving parts that restore balance, harmony, and meaning to our lives.</strong></p>
<p><strong>What You’ll Discover in This Soul Snack:</strong><br>
<strong>(01:12)</strong> – Why psychology as we know it is incomplete without the recognition of the soul<br>
<strong>(03:37) </strong>– How emotional dysfunction is rooted in karmic experiences and soul fragmentation<br>
<strong>(06:00)</strong> – What it means to interact with others as souls, not just personalities<br>
<strong>(08:45)</strong> – Why the behaviors we consider toxic are actually damaging our soul’s energy<br>
<strong>(10:02) </strong>– How to understand neurosis, psychosis, and breakdowns as symptoms of a shattered soul<br>
<strong>(13:55) </strong>– A new path forward: how loving choices nourish the soul and reshape the world</p>
<p><strong>Embrace the Soul Step Challenge:</strong></p>
<p>Think of a time when you acted from a frightened part of your personality – perhaps with jealousy, anger, or resentment. What sensations did you feel in your energy processing centers at that moment? What fears were driving your choices? Now consider: what effect might those actions have had on your soul? Take a quiet moment to reflect, breathe, and bring forward the loving parts of your personality – gratitude, compassion, patience. What would it look like to choose those instead, even in difficult moments? This is the beginning of integrating your soul and contributing to a new world.</p>"
Soul Feast #41: What Am I Responsible For?,soul-feast-41-what-am-i-responsible-for,"Join the Seat of the Soul monthly newsletter and receive weekly, wisdom filled, insights from Gary.",https://seatofthesoul.com/wp-content/uploads/2025/07/GaryZukav_Ep41_Graphic-01.jpg,https://seatofthesoul.com/wp-content/uploads/2025/07/GaryZukav_Ep41_Graphic-01.jpg,Gary Zukav,,Soul Feast,"Join the Seat of the Soul monthly newsletter and receive weekly, wisdom filled, insights from Gary.",https://www.youtube.com/watch?v=poB0oehr5tQ,"<p><strong>Join the Seat of the Soul <a href=""https://seatofthesoul.com/soul-connections-newsletter/"">monthly newsletter</a> and receive weekly, wisdom filled, insights from Gary.</strong></p>
<p>In this illuminating Soul Snack, Gary explores the deeper meaning of responsibility – not in the conventional, duty-bound sense, but as <strong>a sacred invitation to become conscious of your choices</strong>.</p>
<p>As our world experiences massive transformation and old structures begin to dissolve, Gary guides listeners to focus not on controlling outcomes, but on cultivating authentic power from within.</p>
<p>The question at the heart of this Soul Feast is not what you should be responsible for, but what <strong>you truly are responsible for: your intentions</strong>.</p>
<p>Gary invites us to see our lives not as random or externally controlled, but as reflections of our own soul-level choices. He shares how responsibility is not about changing the world or managing others’ feelings – it’s about choosing your intention in each moment.</p>
<p>Through powerful metaphors and soul-centered insights, Gary highlights how everything we experience, from joy to pain, is an opportunity for spiritual growth – an invitation from the universe to choose love rather than fear every moment.</p>
<p>Ultimately, this Soul Feast reveals that true responsibility is not a burden, but a blessing.</p>
<p>By aligning with our soul’s intentions and choosing love over fear, we begin to co-create a life of meaning, harmony, and authentic power.</p>
<p><strong>What You’ll Discover in This Soul Feast:</strong></p>
<p><strong>(01:08)</strong> — Why trying to manage others’ emotions leads to depletion, and how to release that false sense of control<br>
<strong>(03:06)</strong> — How the new consciousness empowers you to create authentic power by changing yourself, not the world<br>
<strong>(05:42)</strong> — The metaphor of the Earth School and how your life is being shaped by the choices of your soul<br>
<strong>(10:28)</strong> — The drifting boat parable and how it reveals your role in co-creating each life experience<br>
<strong>(13:55)</strong> — Why intention—not action—is what you are truly responsible for, and how it shapes your karma<br>
<strong>(16:54) </strong>— How the universe responds to love and fear not with judgment, but with opportunities for learning</p>
<p><strong>Embrace the Soul Step Challenge:</strong><br>
Take out your soul notebook and reflect on this: When was the last time the universe gave you something that supported your spiritual growth? Write freely and honestly. Consider the events – both joyful and painful – that shaped your day. What intentions did you bring to them? How might you shift your perspective to see these experiences as soul-given opportunities for growth and expansion?</p>"
Soul Snack #40: How Do I Change My Self-Destructive Behaviors?,soul-snack-40-how-do-i-change-my-self-destructive-behaviors,Are you creating with love or fear in your life?,https://seatofthesoul.com/wp-content/uploads/2025/06/GaryZukav_Ep40.5_Graphic-02.jpg,https://seatofthesoul.com/wp-content/uploads/2025/06/GaryZukav_Ep40.5_Graphic-02.jpg,Gary Zukav,,Soul Snack,Are you creating with love or fear in your life?,https://www.youtube.com/watch?v=-FVdPPInVps,"<p><strong>Are you creating with love or fear in your life? <a href=""https://seatofthesoul.com/cultivating-love-optin/"">Take this self-assessment</a> today to find out.</strong></p>
<p>In this powerful Soul Snack, Gary Zukav responds to a heartfelt listener question about navigating overwhelming life circumstances and coping through cannabis use. The listener shares her journey of raising a son with quadriplegia, born after an intrauterine stroke, and her struggle with self-medication.</p>
<p>With deep compassion, Gary explores how to begin releasing self-destructive behaviors by seeing beyond victimhood and awakening to the deeper spiritual meaning behind our challenges.</p>
<p>At the heart of this Soul Snack is the invitation to shift from identifying with fear-based parts of our personality to aligning with our soul’s intentions to create harmony, cooperation, sharing and reverence for Life.</p>
<p>Gary shares that even the most painful, persistent emotional states – like overwhelm, despair, or addictive cravings – are opportunities to create authentic power by choosing awareness, presence, and love.</p>
<p>This episode encourages listeners to recognize every life experience, no matter how difficult, as part of a soul agreement offering profound growth.</p>
<p>The path out of self-destruction begins by honoring the pain without numbing it, and instead choosing to respond with gratitude, appreciation, and responsibility.<br>
Healing starts by seeing yourself – and those around you – as powerful souls in Earth school, walking a journey of transformation.</p>
<p><strong>What You’ll Discover in This Soul Snack:</strong></p>
<p><strong>(00:40) </strong>– The listener’s story: parenting a child with special needs and coping with emotional overwhelm through cannabis<br>
<strong>(01:12)</strong> – Why seeing yourself as a victim is inaccurate—and how this belief limits your power<br>
<strong>(02:41)</strong> – A spiritual perspective: your child as a soul who chose this path and brings gifts into your life<br>
<strong>(03:40) </strong>– How to recognize fear-based parts of your personality and shift toward love-based responses<br>
<strong>(04:34)</strong> – Practical ways to respond to overwhelm with awareness instead of distraction or addiction<br>
<strong>(05:30)</strong> – How deep soul connection and spiritual responsibility can transform your sense of self</p>
<p><strong>Embrace the Soul Step Challenge:</strong></p>
<p>Reflect on a moment when you turned to distraction – like substances, overwork, or emotional withdrawal – to avoid inner pain. What sensations arose in your body? Can you identify the frightened part of your personality seeking comfort or escape? Instead of numbing the experience, take time to feel it fully. Then, reach for the healthiest, most loving part of yourself. Imagine being grateful – for your child, your challenges, or simply for the opportunity to grow. Ask yourself: What would it feel like to respond with love rather than fear?</p>"
Soul Feast #40: The Point of Power in Turbulent Times,soul-feast-40-the-point-of-power-in-turbulent-times,Discover how intentional choices can transform your life.,https://seatofthesoul.com/wp-content/uploads/2025/07/GaryZukav_Ep40_Graphic-01.jpg,https://seatofthesoul.com/wp-content/uploads/2025/07/GaryZukav_Ep40_Graphic-01.jpg,Gary Zukav,,Soul Feast,Discover how intentional choices can transform your life.,https://www.youtube.com/watch?v=e81EAj3Ju50,"<p><strong>Discover how intentional choices can transform your life. <a href=""https://seatofthesoul.com/responsible-choice/"">Download this meditation</a> on Responsible Choice today!</strong></p>
<p>In this powerful and timely Soul Feast, Gary Zukav explores how turbulent times – both globally and personally – reveal the deepest choices we can make. He revisits the spiritual lessons of World War II and its terrifying echoes in today’s world, illustrating how the pursuit of external power continues to create destruction.</p>
<p>But this Soul Feast isn’t about fear – it’s about what is possible when we awaken to the truth of our soul and claim our point of power.</p>
<p>As Gary describes, the old world – rooted in fear, judgment, and domination is collapsing, while a new world of authentic power is being born.</p>
<p>Standing with one foot in each, we are now called to choose every moment.</p>
<p>Will we react from frightened parts of our personality? Or will we respond from loving parts of our personality with love, awareness, and compassion – recognizing that how we perceive others is how we relate to ourselves? The solution? Our moment-to-moment choices to respond with love.</p>
<p>This is the “point of power”- the sacred space where authentic power is created, and where transformation becomes not only possible, but inevitable.</p>
<p><strong>What You’ll Discover in This Soul Feast:</strong><br>
<strong>(01:00)</strong>— Why remembering World War II is crucial to understanding our choices today<br>
<strong>(09:41)</strong> — What it means to align your personality with your soul—and why that’s the new definition of power<br>
<strong>(14:03)</strong> — How recognizing and choosing between loving and frightened parts of your personality creates authentic power<br>
<strong>(19:54)</strong> — The difference between judgment and discernment—and why it matters in political and personal contexts<br>
<strong>(24:51)</strong> — Why changing the world begins with changing yourself—and how that’s more than just a spiritual idea<br>
<strong>(29:51) </strong>— How love leads to lasting joy, while fear only brings pain and destruction—and why this choice is available in every moment</p>
<p><strong>Embrace the Soul Step Challenge:</strong></p>
<p>Reflect on moments when a frightened part of your personality was activated—through judgment, anger, or fear—and recall what you chose to do in that moment. Did you respond from love or react in fear? Write in your soul notebook the instances when you consciously chose love instead of fear—even in the face of misunderstanding, insult, or anger. And then, write down the times you didn’t. What do those moments reveal about the different parts of your personality? How might you offer compassion to both?</p>"
Soul Snack # 39: How Do I Deal with a “Bad” Decision (Someone Else’s),soul-snack-39-how-do-i-deal-with-a-bad-decision,Learn how to align your personality with your soul and create authentic power in your life.,https://seatofthesoul.com/wp-content/uploads/2025/06/GaryZukav_Ep39.5_Graphic-02.jpg,https://seatofthesoul.com/wp-content/uploads/2025/06/GaryZukav_Ep39.5_Graphic-02.jpg,Gary Zukav,,Soul Snack,Learn how to align your personality with your soul and create authentic power in your life.,https://www.youtube.com/watch?v=EcC88lRbefc,"<p><br>
Learn how to align your personality with your soul and create authentic power in your life. The Authentic Power Guidelines course will guide you on this powerful journey.<a href=""http://www.seatofthesoul.com/authenticpowerguidelinescourse""> Learn More Here</a>.</p>
<p>When someone makes a decision that affects you – and it feels wrong, unfair, or completely illogical – it can trigger deep emotional reactions. In this Soul Snack, Gary reframes the question many of us ask: “How do I deal with this person?” Instead, he invites us to start somewhere far more powerful – within ourselves.</p>
What we feel in response to others’ choices reveals where our awareness is needed.

<strong>Rather than focusing on whether someone’s decision is rational or justified</strong>, Gary encourages listeners to <strong>turn inward and explore what parts of their personality are being activated.</strong>
Is it a frightened part that reacts in familiar ways that feel powerless or superior? Or is it a loving part of your personality that can respond with clarity and compassion?
<p>This Soul Snack reminds us that <strong>how we choose to engage with others begins with how we relate to ourselves.</strong></p>
<p>The solution isn’t about changing others – <strong>it’s about becoming conscious of our emotions and choosing responses rooted in love rather than fear</strong>.</p>
That’s how we stop painful patterns and create authentic power.
<p><strong>What You’ll Discover in This Soul Snack:</strong></p>
<p><strong>(01:08)</strong> — Why your emotional reaction is more important than the logic behind someone else’s decision<br>
<strong>(02:10)</strong> — How to recognize whether a frightened or loving part of your personality is being activated<br>
<strong>(03:25)</strong> — What it means to challenge a frightened part of yourself by not reacting<br>
<strong>(04:40)</strong> — Practical guidance on choosing loving, conscious responses even when you’re triggered<br>
<strong>(05:55)</strong> — Why dealing with yourself comes before trying to “deal with” another person</p>
<p><strong>Embrace the Soul Step Challenge:</strong></p>
<p>Think of a moment when someone made a decision you didn’t agree with—especially one that affected you. What did you feel? Did your reaction come from a loving or a frightened part of your personality? Write about that experience in your soul notebook. Notice where the sensations showed up in your body. Ask yourself: What would it look like to respond from love instead of fear the next time?</p>"
Soul Feast #39: The Danger of Forgetting: Let’s Not Repeat the Past,soul-feast-39-the-danger-of-forgetting,Are you practicing judgment or discernment?,https://seatofthesoul.com/wp-content/uploads/2025/06/GaryZukav_Ep39_Graphic-02.jpg,https://seatofthesoul.com/wp-content/uploads/2025/06/GaryZukav_Ep39_Graphic-02.jpg,Gary Zukav,,Soul Feast,Are you practicing judgment or discernment?,https://www.youtube.com/watch?v=FFId-oSBn1A,"<p>Are you practicing judgment or discernment? Learn more as Gary explains the difference in this illuminating <a href=""https://seatofthesoul.com/judgment/"">video.</a></p>
<p>In this thought-provoking Soul Feast, Gary <strong>invites us to examine the present moment through the lens of spiritual responsibility and historical awareness</strong>. Reflecting on both personal and collective suffering – from the recent crash of an Air India flight to the atrocities of World War II – <strong>Gary draws a striking connection between the past and the choices we face today.</strong></p>
He challenges us to recognize the recurring patterns of fear and domination and to choose instead the path of authentic power grounded in love, compassion, and soul-alignment.
<p>Gary discusses how the <strong>emergence of a new human consciousness offers us a greater context from which to understand our experiences.</strong> Rather than seeing ourselves only as five-sensory personalities trapped by time and fear, we are encouraged to embrace our true identity as souls navigating the Earth School. With this awareness comes the responsibility to make different choices – ones that create rather than destroy.</p>
<p>This Soul Feast closes with a compelling call to action: it is not enough to remember the past; we must use our expanded awareness to shift the course of history now. The next episode will offer concrete suggestions. Today, Gary encourages us to begin within.</p>
<p><strong>What You’ll Discover in This Soul Feast:</strong></p>
<p><strong>(03:56)</strong> — How a tragic event in India awakened deep compassion and clarity about suffering across the globe<br>
<strong>(09:48)</strong> — Why the new consciousness changes the way we see pain, purpose, and power<br>
<strong>(13:50)</strong> — What it means to live as both the small “you” (personality) and the big “You” (soul) at the same time<br>
<strong>(22:44)</strong> — The historical roots of fascism and fear-based leadership—and how those patterns are reappearing today<br>
<strong>(28:20)</strong> — The truth behind Hitler’s rise to power and how it mirrors present-day rhetoric<br>
<strong>(34:01)</strong> — Why remembering the past is essential to changing the future</p>
<p><strong>Embrace the Soul Step Challenge:</strong><br>
Reflect on the state of the world today and record it in your soul notebook. What parallels do you see between current events and those of the past? What role does fear play in shaping collective decisions, and how can you choose differently? Write honestly, knowing that both loving and frightened parts of your personality may surface. Then ask yourself: What could I do to create change? What would I do if I were living from my soul?</p>"
Soul Snack # 38: Guided Meditation (Partnership Between Equals),soul-snack-38-guided-meditation-partnership-between-equals,Join Gary LIVE every month as he shares his wisdom and answers your questions live.,https://seatofthesoul.com/wp-content/uploads/2025/06/GaryZukav_Ep38.5_Graphic-02.jpg,https://seatofthesoul.com/wp-content/uploads/2025/06/GaryZukav_Ep38.5_Graphic-02.jpg,Gary Zukav,,Soul Snack,Join Gary LIVE every month as he shares his wisdom and answers your questions live.,https://www.youtube.com/watch?v=7ZsJdx0YBl0,"<p>Join Gary LIVE every month as he shares his wisdom and answers your questions live. <a href=""http://www.seatofthesoul.com/eveningwithgaryzukav"">REGISTER HERE</a> for An Evening with Gary Zukav.</p>
<p>In this Soul Snack, Gary Zukav offers a powerful guided meditation centered on the experience of equality – soul-to-soul connection that transcends fear and invites you to create authentic power. </p>
<p>As he gently guides listeners into stillness, Gary explores how spiritual partnership is rooted not in hierarchy, but in mutual support for spiritual growth.</p>
<p>The Soul Snack dives deeper into the essence of equality – not as a surface-level dynamic, but as a lived experience made possible through aligning personality with the soul. </p>
<p>He explains that superiority and inferiority are rooted in fear, and only through cultivating love – gratitude, patience, and compassion – can we experience true equality.</p>
<p>Listeners are encouraged to observe how fear-based feelings of inferiority or superiority block authentic connection, and how the path to spiritual partnership begins by challenging those parts of ourselves. </p>
<p>This meditation supports you in doing just that – gently, consciously, and with compassion.</p>
<p>What You’ll Discover in This Soul Snack:</p>
<p>(00:30) – A grounding introduction to the meditation and reminder to listen only when in a safe, undistracted environment<br>
(01:15) – Beginning the meditation: breathwork, relaxation, and releasing tension into the earth<br>
(02:50) – The core teaching: equality is a soul-to-soul experience rooted in authentic power<br>
(04:10) – Understanding superiority and inferiority as expressions of fear<br>
(05:00) – How creating authentic power transforms us and our relationships<br>
(06:00) – Returning to presence: opening your eyes and carrying the insight forward</p>
<p>Embrace the Soul Step Challenge:<br>
Reflect on a moment when you felt superior or inferior to someone. What sensations were present in your energy processing centers? What thoughts were this frightened part of your personality having? Can you identify a frightened part of your personality that was active? Take time to sit in stillness and reconnect with the loving parts of yourself – gratitude, caring, appreciation, patience, and compassion. In this space, can you feel the soul-to-soul equality that Gary describes? Let this meditation be your practice ground for creating authentic power.</p>"
Soul Feast #38: Together Miniseries #8: The Biggest Surprise,soul-feast-38-together-miniseries-8-the-biggest-surprise,"Join the Seat of the Soul monthly newsletter and receive weekly, wisdom filled, insights from Gary.",https://seatofthesoul.com/wp-content/uploads/2025/06/GaryZukav_Ep38_Graphic-01.jpg,https://seatofthesoul.com/wp-content/uploads/2025/06/GaryZukav_Ep38_Graphic-01.jpg,Gary Zukav,,Soul Feast,"Join the Seat of the Soul monthly newsletter and receive weekly, wisdom filled, insights from Gary.",https://www.youtube.com/watch?v=0ghvjyl1G0g,"<p>Join the Seat of the Soul <a href=""https://seatofthesoul.com/soul-connections-newsletter/"">monthly newsletter</a> and receive weekly, wisdom filled, insights from Gary.</p>
<p>In this final Soul Feast of the Together miniseries, Gary Zukav reveals what may be the most profound spiritual realization of all: love is not only the path forward – it’s the very essence of who we are. </p>
<p>Drawing from personal reflections, history, and spiritual teachings, Gary invites us to understand why love is not just a feeling or a virtue, but the only force that can transform the world from the inside out.</p>
<p>This Soul Feast explores the epic divide between the old consciousness driven by fear and external power, and the emerging new consciousness rooted in multisensory perception and authentic power. Gary shares vivid metaphors, such as the coal-powered train of the old world, to show how this outdated system has run out of fuel. He explains why attempting to fight fear with more fear is futile – and why our evolution now depends on a radical shift inward.</p>
<p>The solution is as surprising as it is necessary: We must love even those we find most difficult to love – those rooted in brutality and fear. </p>
<p>From Gandhi and Martin Luther King Jr. to Jesus of Nazareth, Gary illustrates how inner transformation is the only true path to outer change. </p>
<p>You cannot change the world without changing yourself. This is the biggest surprise.</p>
<p>What You’ll Discover in This Soul Feast:<br>
(00:58) – Why the old world of fear and external power has run out of fuel—and what that means for all of us<br>
(05:45) – The stark contrast between five-sensory and multisensory humans—and the inner split we’re all facing<br>
(11:50) – Why fighting the old world with its own tools will never create lasting change<br>
(14:10) – The transformational examples of Gandhi, MLK Jr., and Jesus—and what they reveal about real power<br>
(21:30) – The “biggest surprise” of our evolution: loving those we fear or hate is essential for growth<br>
(29:30) – Why our inner change is not optional—and how every choice contributes to the evolution of the soul</p>
<p>Embrace the Soul Step Challenge:<br>
This week, Gary invites you to reflect on the biggest surprise: the requirement to love even those who frighten, anger, or oppose you. Take out your soul notebook and ask yourself – What parts of me resist this love? What frightened parts want to retaliate instead of respond with love? Write them down. Then write about the part of you that can love in spite of fear. Let this contrast guide your evolution this week.</p>"
Soul Snack # 37: Guided Meditation (Meeting a Friend),soul-snack-37-meditation-meeting-a-friend,"https://youtu.be/4CbOkS4it-Q In this Soul Snack, Gary invites listeners to experience a guided meditation designed to foster inner connection, self-awareness, and peace.",https://seatofthesoul.com/wp-content/uploads/2025/06/GaryZukav_Ep37.5_Graphic-01.jpg,https://seatofthesoul.com/wp-content/uploads/2025/06/GaryZukav_Ep37.5_Graphic-01.jpg,Gary Zukav,,Soul Snack,"https://youtu.be/4CbOkS4it-Q In this Soul Snack, Gary invites listeners to experience a guided meditation designed to foster inner connection, self-awareness…",,"<p>https://youtu.be/4CbOkS4it-Q</p>

<p>In this Soul Snack, Gary invites listeners to experience a guided meditation designed to foster inner connection, self-awareness, and peace. Rather than a discussion, this Soul Snack offers a direct experience – an opportunity to step away from external noise and journey inward toward clarity and presence.</p>
<p>Set on an imagined beach, this meditation leads listeners to a serene encounter with a “friend” – a wise, intuitive presence that offers personal guidance and reassurance. Gary emphasizes the importance of safety and presence during the meditation, encouraging listeners to pause real-world activity and engage fully with the inner journey.</p>
<p>This short, nourishing experience reminds us that we can always return to ourselves, ask meaningful questions, and receive profound insights. </p>
<p>The answers you seek may already be within you – this meditation simply helps you listen.</p>
<p>Please do not take anything that Gary or Linda share as true just because they say it. If it resonates with you, experiment with it in your life. If it doesn’t, let it go.</p>
<p>What You’ll Discover in This Soul Snack:</p>
<p>(00:30) – A warm welcome and invitation to experience a guided inner journey<br>
(01:00) – Why you shouldn’t listen while driving or in an unsafe space<br>
(02:10) – Visualization begins: walking along a peaceful beach<br>
(03:15) – Encountering your “friend” and asking the most important question in your life<br>
(05:20) – Returning from the meditation with new insight and calm</p>
<p>Embrace the Soul Step Challenge:<br>
Find a quiet, safe space and take a few moments to be still. What question is most pressing in your life right now? Can you quiet your thoughts and listen for an answer from within? Trust that you have access to wisdom when you pause, breathe, and connect. Use this meditation whenever you need grounding, reassurance, or a sense of companionship.</p>
<p>Learn how to connect with your intuition every day. Click<a href=""https://seatofthesoul.com/daily-intuition-practice/""> HERE </a>to start your journey to authentic power!</p>"
Soul Feast #37: Together Miniseries #7: Where We’re Going,soul-feast-37-together-miniseries-7-where-were-going,"In this Soul Feast of the Together miniseries, Gary brings the spiritual journey full circle by exploring where we’re going as individuals and as a species.",https://seatofthesoul.com/wp-content/uploads/2025/06/GaryZukav_Ep37_Graphic-02.jpg,https://seatofthesoul.com/wp-content/uploads/2025/06/GaryZukav_Ep37_Graphic-02.jpg,Gary Zukav,,Soul Feast,"In this Soul Feast of the Together miniseries, Gary brings the spiritual journey full circle by exploring where we’re going as individuals and as a species.",https://www.youtube.com/watch?v=VQ11JQjpJ1E,"<p>In this Soul Feast of the Together miniseries, Gary brings the spiritual journey full circle by exploring where we’re going as individuals and as a species. </p>
<p>A profound shift in consciousness is underway, moving humanity from fear-driven external power to love-based authentic power. </p>
<p>Gary reflects on the arc of human evolution and explains why this transformation – already unfolding – is the most significant shift our species has ever faced.</p>
<p>Gary contrasts the old world, defined by five-sensory perception and fear, with the new, multisensory world rooted in the soul. Drawing on examples from history and personal awareness, he reveals how this shift is not just philosophical – it’s personal. </p>
<p>We are living at the tipping point between two vastly different paradigms, and each of us must choose where to stand: in the past of manipulation and control, or in the present of emotional awareness and soul-alignment.</p>
<p>Authentic power – rooted in love, patience, and reverence for life – is the destination. The path begins in you.</p>
<p>As Gary emphasizes, this journey isn’t abstract or someday—it’s here and now. We are all standing in the great divide between fear and love. Which will you choose?</p>
<p>Please do not take anything that Gary or Linda share as true just because they say it. If it resonates with you, experiment with it in your life. If it doesn’t, let it go.</p>
<p>What You’ll Discover in This Soul Feast:</p>
<p>(00:02) – Why both the old and new worlds are calling you – and how to recognize the difference<br>
(02:52) – How external power lost its purpose and why the new consciousness is emerging<br>
(06:12) – What authentic power really is – and how it transforms your inner world<br>
(09:03) – The two inner journeys: one into fear, one into love – and the outcomes of each<br>
(11:58) – Why the new consciousness is no longer visionary, but real and here<br>
(15:01) – What history’s most brutal leaders reveal about the old consciousness<br>
(18:05) – The great divide: why your soul’s evolution depends on which side you choose</p>
<p>Embrace the Soul Step Challenge:<br>
This week, Gary invites you to tune into resonance. Take out your soul notebook and write down anything from this episode that stirred something inside you – not just what you thought about, but what you felt. What made your inner strings vibrate? These are the messages your soul wants you to remember. Return to them throughout the week and notice what emerges. What speaks to your soul today may guide you into your most aligned tomorrow.</p>
<p>Explore your full potential, so you can give the gifts you were born to give.<a href=""http://www.seatofthesoul.com/soulthemescourse""> Enroll in Soul Themes Today</a>. Your soul has been waiting for you to take this journey!</p>"
Soul Snack # 36: The Pain of Powerlessness,the-pain-of-powerlessness,In this Soul Snack Gary explores one of the deepest and most universal human experiences: the pain of powerlessness.,https://seatofthesoul.com/wp-content/uploads/2025/05/GaryZukav_Ep36.5_Graphic-01.jpg,https://seatofthesoul.com/wp-content/uploads/2025/05/GaryZukav_Ep36.5_Graphic-01.jpg,Gary Zukav,,Soul Snack,In this Soul Snack Gary explores one of the deepest and most universal human experiences: the pain of powerlessness.,https://www.youtube.com/watch?v=2qAEPrd97-Y,"<p>In this Soul Snack Gary explores one of the deepest and most universal human experiences: <b>the pain of powerlessness</b>. He reveals how this pain manifests as feelings of unworthiness, isolation, and the belief that we are flawed beyond repair – and how these <b>internal experiences have historically led us to seek external power </b>as a form of relief. But in today’s evolving world, that strategy no longer works. Gary shares how this shift marks a turning point in our spiritual evolution.</p>
<h2>As humanity crosses into a new era of multisensory perception, Gary urges us to redirect our focus inward.</h2>
<p> True healing and transformation require us to <b>respond to life not by controlling the world around us, but by cultivating authentic power from within</b>. </p>
<h2>The pain we’ve long tried to escape is actually our greatest teacher – guiding us to deeper awareness and love.</h2>
<p>This Soul Snack invites listeners to stop resisting painful experiences and instead see them as essential to their spiritual growth. <b>When we meet our powerlessness with compassion and curiosity, we begin to transform fear into meaning, connection, and joy.</b></p>

<p><em>Please do not take anything that Gary or Linda share as true just because they say it. If it resonates with you, experiment with it in your life. If it doesn’t, let it go.</em></p>

<p><b>What You’ll Discover in This Soul Snack:</b></p>
<ul>
<li><b>(00:42)</b> – What the “pain of powerlessness” really is and how it shows up in everyday life</li>
</ul>
<ul>
<li><b>(01:15) </b>– Why our pursuit of external power has been humanity’s survival strategy for millennia</li>
</ul>
<ul>
<li><b>(02:10) </b>– How our evolution now requires us to face this pain rather than mask it</li>
</ul>
<ul>
<li><b>(03:00) </b>– Why everything, even trauma, can be a perfect opportunity for growth</li>
</ul>
<ul>
<li><b>(04:31) </b>– The unprecedented transformation of human consciousness underway – and your role in it</li>
</ul>

<p><b>Embrace the Soul Step Challenge:</b></p>
<p>Think of a moment when you felt unworthy, unloved, or incapable of love. How did you react? Did you try to change your outer world to escape those feelings? Now, reflect on how you might respond differently next time. Could you bring compassion to yourself instead of judgment? Could you see that moment as a call for healing—not proof of your inadequacy? This is your opportunity to begin creating authentic power.</p>

<p><b>Are you making choices in love or fear? Take this </b><a href=""https://seatofthesoul.com/cultivating-love-optin/""><b>self-assessment</b></a><b> today to find out.</b></p>"
Soul Feast #36: Together Miniseries #6: The Journey Inside – Love,together-miniseries-6-the-journey-inside-love,"In this powerful continuation of the Together miniseries, Gary invites listeners deeper into the journey inward – this time into the heart-opening terrain of love.",https://seatofthesoul.com/wp-content/uploads/2025/05/GaryZukav_Ep36_Graphic-01.jpg,https://seatofthesoul.com/wp-content/uploads/2025/05/GaryZukav_Ep36_Graphic-01.jpg,Gary Zukav,,Soul Feast,"In this powerful continuation of the Together miniseries, Gary invites listeners deeper into the journey inward – this time into the heart-opening terrain of…",https://www.youtube.com/watch?v=NC5yc1ymYKc,"<p>In this powerful continuation of the Together miniseries, Gary invites listeners deeper into the journey inward – this time into the heart-opening terrain of love. After exploring fear and pain in the previous Soul Feast, Gary now turns toward the <b>uplifting emotional experiences that arise when we begin to live from the soul: gratitude, contentment, patience, appreciation, and awe. </b></p>
<h2>There inner states are not fleeting or circumstantial. They are signals of authentic power – and the essence of what it means to live a multisensory life.</h2>
<p>Gary shares how these<b> soul-aligned emotions come not from changing the external world, but from turning inward and recognizing the internal dynamics shaping our experiences.</b> He emphasizes that we are not just bodies or personalities – <b>we are powerful, creative souls in the Earth school</b>. And through the metaphor of the “hero’s journey,” he reveals that each of us is called to face our inner dragons and awaken to love not as an emotion, but as the greatest force of transformation.</p>
<h2>Authentic power is love – and the inward journey is how we discover it.</h2>
<p>As Gary explains, when we stop seeking validation through external power and start cultivating the deeper awareness of our soul, we no longer just survive – we evolve.</p>

<p><em>Please do not take anything that Gary or Linda share as true just because they say it. If it resonates with you, experiment with it in your life. If it doesn’t, let it go.</em></p>

<h3><b>What You’ll Discover in This Soul Feast:</b></h3>
<p><b>(01:15) </b>– Why painful emotions arise first on the inner journey – and what they teach us</p>
<p><b>(04:01) </b>– The “love basket”: which emotions signal alignment with the soul</p>
<p><b>(08:10) </b>– The hero’s journey as a metaphor for spiritual transformation</p>
<p><b>(11:51) </b>– What happens when we reach the top – and still feel empty</p>
<p><b>(15:00) </b>– Why every moment is a portal to transformation – and how to choose it</p>
<p><b>(17:59) </b>– The one lesson we’re all here to learn in Earth School: Love</p>

<p><b>Embrace the Soul Step Challenge:</b></p>
<p>This week, Gary invites you to reflect on your experiences of love – not as romance or pleasure, but as gratitude, appreciation, contentment, and awe. Take out a notebook and write down every memory you can recall where you felt these emotions deeply. Then, at the end of the week, read what you wrote. See if the writing reveals something new to you – something more observant, more meaningful, perhaps even more soul-led than you realized. This practice is not about remembering—it’s about awakening.</p>

<p><b>Your emotions are messages from your soul. Learn How to Tune In and Listen </b><a href=""http://www.seatofthesoul.com/emotionalawarenesscourse""><b>Here</b></a><b>.</b></p>"
Soul Snack #35: Can Healing Be Spontaneous?,can-healing-be-spontaneous,"In this Soul Snack Gary explores the powerful question: Is healing spontaneous, or is it something we must choose and cultivate within ourselves?",https://seatofthesoul.com/wp-content/uploads/2025/05/GaryZukav_Ep35.5_Graphic-01.jpg,https://seatofthesoul.com/wp-content/uploads/2025/05/GaryZukav_Ep35.5_Graphic-01.jpg,Gary Zukav,,Soul Snack,"In this Soul Snack Gary explores the powerful question: Is healing spontaneous, or is it something we must choose and cultivate within ourselves?",https://www.youtube.com/watch?v=USvapquiY04,"<p>In this Soul Snack Gary explores the powerful question: <i>Is healing spontaneous, or is it something we must choose and cultivate within ourselves?</i> With clarity and conviction, he emphasizes that <b>healing is not a random gift from the universe – it is a conscious, personal responsibility. </b>He guides listeners to understand how <b>emotional awareness and spiritual commitment are essential steps to reclaiming power from fear-based parts of our personality.</b></p>
<p>Gary takes us deeper into the nature of grace, explaining how <b>moments of lightness or peace may arrive spontaneously – but they are temporary. </b></p>
<h2>Real healing, he says, is about what we do when grace fades.</h2>
<p>He offers a practical path for identifying when fear is active in our energy centers and invites us to <b>respond with presence, not reactivity</b>. Whether it’s anger, jealousy, or impatience, <b>we have the power to recognize these patterns and choose not to act on them</b>.</p>
<h2>The solution to suffering lies in spiritual responsibility.</h2>
<h2>By developing mastery over fear-based reactions and choosing to respond with love, we move closer to creating authentic power and a life filled with meaning, vitality, and joy.</h2>

<p><b><i>Please do not take anything that Gary or Linda share as true just because they say it. If it resonates with you, experiment with it in your life. If it doesn’t, let it go.</i></b></p>

<p><b>What You’ll Discover in This Soul Snack:</b></p>
<ul>
<li><b>(00:45)</b> – Why healing isn’t spontaneous—and why it’s your responsibility to initiate it</li>
<li><b>(01:10)</b> – What grace feels like, and why you can’t rely on it to sustain healing</li>
<li><b>(01:40)</b> – How to identify fear-based parts of your personality through your body’s energy centers</li>
<li><b>(02:30)</b> – Why choosing not to act on anger or fear is a spiritual act of power</li>
<li><b>(03:37)</b> – Why healing is not just your duty—it’s your joy, your fulfillment, and your transformation</li>
</ul>

<p><b>Explore your full potential, so you can give the gifts you were born to give. Your soul has been waiting for you to take this journey! Learn More </b><a href=""http://www.seatofthesoul.com/soulthemescourse""><b>Here</b></a><b>.</b></p>

<p><b>Embrace the Soul Step Challenge:</b></p>
<p>Reflect on a time when a part of your personality—like anger, jealousy, or impatience—took control. Can you remember what it felt like in your body? How did it affect your decisions and relationships? Now, imagine facing a similar moment again and choosing instead to stay present and not act on that fear. Ask yourself: “What would it feel like to respond with love instead?” This is your opportunity to create authentic power.</p>"
Soul Feast #35: Together Miniseries #5: The Journey Inside – Fear,together-miniseries-5-the-journey-inside-fear,"In this deeply illuminating Soul Feast, Gary continues the Together miniseries by guiding listeners inward – toward the uncharted territory of their own emotions.",https://seatofthesoul.com/wp-content/uploads/2025/05/GaryZukav_Ep35_Graphic-01.jpg,https://seatofthesoul.com/wp-content/uploads/2025/05/GaryZukav_Ep35_Graphic-01.jpg,Gary Zukav,,Soul Feast,"In this deeply illuminating Soul Feast, Gary continues the Together miniseries by guiding listeners inward – toward the uncharted territory of their own…",https://www.youtube.com/watch?v=h2Xj6osJl3c,"<p>In this deeply illuminating Soul Feast, Gary continues the Together miniseries by guiding listeners inward – toward the uncharted territory of their own emotions. While previous episodes contrasted external and authentic power through societal structures, this conversation brings that contrast home, into the interior landscape of the self. </p>
<h2>Gary invites us to look past the collapsing outer world and begin exploring the terrain of fear, pain, and emotional awareness that marks the beginning of true transformation.</h2>
<p>As Gary explains, <b>every personality has frightened parts</b> – <b>emotional energies rooted in powerlessness</b> that often drive us to seek control, validation, and external success. These experiences aren’t flaws; they’re invitations. Gary illustrates how fear expresses itself through jealousy, anger, resentment, compulsions, and addictions. He shares how recognizing these emotional patterns isn’t weakness – it’s the first step in building authentic power. <b>Beneath every compulsion, he says, lies the pain of powerlessness</b> – and naming it allows us to begin healing it.</p>
<h2>Spiritual growth, then, begins with fearless self-inquiry.</h2>
<p>Gary encourages us to <b>move inward with curiosity and compassion, acknowledging that fear is not negative – it’s human</b>. And in doing so, we unlock the doorway to a new experience of love, reverence, and soul alignment.</p>

<p><b><i>Please do not take anything that Gary or Linda share as true just because they say it. If it resonates with you, experiment with it in your life. If it doesn’t, let it go.</i></b></p>

<h3><b>What You’ll Discover in This Soul Feast:</b></h3>
<p><b>(01:15)</b> – What looking inward really means—and why the old consciousness resists it</p>
<p><b>(05:50)</b> – The difference between five-sensory and multisensory experiences of meaning</p>
<p><b>(09:10)</b> – How fear hides behind addiction, compulsion, and obsession</p>
<p><b>(11:45)</b> – The “fear basket”: what emotions reveal about the parts of ourselves that need healing</p>
<p><b>(15:00)</b> – The pain of powerlessness: the emotional root of every frightened part of our personality</p>
<p><b>(18:30)</b> – Why fear is not negative, but essential to the human experience—and how awareness transforms it</p>

<p><b>Join Gary LIVE every month as shares his wisdom and answers your questions live. </b><a href=""http://www.seatofthesoul.com/eveningwithgaryzukav""><b>REGISTER HERE</b></a><b> for An Evening with Gary Zukav.</b></p>

<p><b>Embrace the Soul Step Challenge:</b></p>
<p>This week, reflect on the emotional pain you’ve experienced in your life. Begin by writing down the moments that have hurt the most—loss, rejection, regret, or failure. Then, over the next few days, observe any new emotional discomfort that arises and jot it down. At the end of the week, return to what you’ve written and read it with compassion. These emotions are not weaknesses; they are the starting point of your journey toward authentic power.</p>"
Soul Snack # 34: How Can We Understand Suicide?,how-can-we-understand-suicide,"In this deeply compassionate and spiritually grounded Soul Snack, Gary responds to a listener’s question about how to talk with a young man grieving the suicide of his father.",https://seatofthesoul.com/wp-content/uploads/2025/05/GaryZukav_Ep34.5_Graphic-01.jpg,https://seatofthesoul.com/wp-content/uploads/2025/05/GaryZukav_Ep34.5_Graphic-01.jpg,Gary Zukav,,Soul Snack,"In this deeply compassionate and spiritually grounded Soul Snack, Gary responds to a listener’s question about how to talk with a young man grieving the…",https://www.youtube.com/watch?v=VwStKRordQs,"<p>In this deeply compassionate and spiritually grounded Soul Snack, Gary responds to a listener’s question about how to talk with a young man grieving the suicide of his father. With vulnerability and clarity, Gary reflects on the loss of his own brother to suicide and guides listeners into a larger understanding of such tragedies through the lens of multisensory perception and the soul’s journey.</p>
<p>The conversation explores how suicide is never a wise choice, as it does not end pain but instead complicates healing by removing <b>the body — our primary means of spiritual growth on Earth. </b></p>
<h2>Gary helps listeners view suicide and loss from a soul-level perspective, where pain is not only part of the human experience but also a powerful opportunity for transformation.</h2>
<p><b>By recognizing emotions such as guilt, abandonment, and regret as expressions of fear, we can begin the sacred work of healing.</b></p>
<h2>The path to authentic power begins with choosing to feel our pain, without acting on it, and seeing ourselves and others as souls learning in the Earth School.</h2>
<p><b>From this place, healing, compassion, and spiritual growth become possible.</b></p>

<p><i>Please do not take anything that Gary or Linda share as true just because they say it. If it resonates with you, experiment with it in your life. If it doesn’t, let it go.</i></p>

<p><b>What You’ll Discover in This Soul Snack:</b></p>
<ul>
<li><b>(00:45)</b> — Why suicide doesn’t end pain—and why it creates more challenges for the Soul</li>
</ul>
<ul>
<li><b>(01:49) </b>— How Gary’s brother’s suicide shaped his spiritual understanding</li>
</ul>
<ul>
<li><b>(02:44) </b>— Why pain is an opportunity for spiritual development, not a punishment</li>
</ul>
<ul>
<li><b>(03:30) </b>— What it means to feel pain without acting on it—and how this creates authentic power</li>
</ul>
<ul>
<li><b>(04:25) </b>— How to help someone grieving a suicide see their continued Soul connection</li>
</ul>
<ul>
<li><b>(05:39) </b>— Why seeing life from a Soul-level perspective brings compassion and growth</li>
</ul>

<p><b>Embrace the Soul Step Challenge:</b></p>
<p>Reflect on a time when you or someone you love experienced deep emotional pain—perhaps a loss, a feeling of abandonment, or even self-loathing. Can you recognize how fear expressed itself in that experience? Take a moment to feel that pain without pushing it away or acting on it. Ask yourself, “Is this a frightened part of my personality?” Then choose to respond with compassion – for yourself and others. This is how you create authentic power—by choosing love over fear, moment by moment.</p>

<p><b>Create the life you desire by choosing love over fear. Learn how </b><a href=""https://seatofthesoul.com/love-fear/""><b>HERE</b></a><b>.</b></p>"
Soul Feast #34: Together Miniseries #4: The Beauty of the Contrast,together-miniseries-4-the-beauty-of-the-contrast,In this Soul Feast Gary continues the Together miniseries by inviting listeners to explore a crucial threshold in human evolution: the stark contrast between external power and authentic power.,https://seatofthesoul.com/wp-content/uploads/2025/05/GaryZukav_Ep34_Graphic-01.jpg,https://seatofthesoul.com/wp-content/uploads/2025/05/GaryZukav_Ep34_Graphic-01.jpg,Gary Zukav,,Soul Feast,In this Soul Feast Gary continues the Together miniseries by inviting listeners to explore a crucial threshold in human evolution: the stark contrast between…,https://www.youtube.com/watch?v=2L8STsk1R5Y,"<p>In this Soul Feast Gary continues the <i>Together</i> miniseries by inviting listeners to explore a crucial threshold in human evolution: the <b>stark contrast between external power and authentic power</b>. As the old world crumbles and a new consciousness arises, Gary emphasizes that <b>we are all being asked to choose</b>. </p>
<h2>Will we continue down the path of fear, destruction, control, and manipulation—or step into the new world shaped by love, compassion, and alignment of the personality with the soul?</h2>
<p>Gary unpacks the inner and outer manifestations of this contrast, from global institutions to personal interactions. He explains how external power—symbolized by money, extraction, control, and dominance—has defined human history, but is now obsolete. Through heartfelt stories and spiritual insights, Gary shows how <b>fear fuels the pursuit of external power</b>, while <b>love guides us toward the creation of authentic power</b>. The clarity of this contrast, he says, is a gift—an unmistakable opportunity to make conscious choices that support our spiritual evolution.</p>
<p>To move forward, Gary challenges us to look inward, not outward. He reminds us that<b> real transformation begins behind the eyes, not in front of them</b>. </p>
<h2>Authentic power arises when we align with the intentions of the soul: to create harmony, cooperation, sharing, and reverence for life.</h2>

<p><i>Please do not take anything that Gary or Linda share as true just because they say it. If it resonates with you, experiment with it in your life. If it doesn’t, let it go.</i></p>

<h3><b>What You’ll Discover in This Soul Feast:</b></h3>
<p><b>(01:50)</b> – What makes this a “beautiful moment” in human evolution, despite global unrest</p>
<p><b>(04:20)</b> – How external power operates through control, and why it’s tied to fear</p>
<p><b>(07:00)</b> – Why multisensory perception changes how we experience meaning, trust, and intention</p>
<p><b>(10:50)</b> – The profound difference between manipulating appearances and choosing love</p>
<p><b>(13:40)</b> – Why the pain of powerlessness drives the hunger for control—and how to stop the destructive cycle</p>
<p><b>(21:45)</b> – What the new consciousness asks of us: to treat the Earth, and each other, as sacred</p>

<p><b>Embrace the Soul Step Challenge:</b></p>
<p>This week, take time to reflect on moments where you felt compelled to seek control, validation, or influence—whether through your words or actions, your appearance or your achievements. Ask yourself honestly: Was I acting from love or from fear? What was I hoping to gain, and what was I trying to protect? Journal what you discover. This practice is not about judgment, but awareness. With each insight, you move closer to the part of yourself that chooses love over fear—again and again.</p>

<p><b>Discover how intentional choices can transform your life. Download this </b><a href=""https://seatofthesoul.com/responsible-choice/""><b>meditation on Responsible Choice </b></a><b>today!</b></p>"
Soul Snack #33: What Inspired Gary to Change?,what-inspired-gary-to-change,"In this Soul Snack, Gary offers a deeply personal reflection on the origins of his transformation—from living in anger to choosing a path of love and authentic power.",https://seatofthesoul.com/wp-content/uploads/2025/05/GaryZukav_Ep33.5_Graphic-01.png,https://seatofthesoul.com/wp-content/uploads/2025/05/GaryZukav_Ep33.5_Graphic-01.png,Gary Zukav,,Soul Snack,"In this Soul Snack, Gary offers a deeply personal reflection on the origins of his transformation—from living in anger to choosing a path of love and authentic…",https://www.youtube.com/watch?v=XDisk4RvP4U,"<p>In this Soul Snack, Gary offers a deeply personal reflection on the origins of his transformation—from living in anger to choosing a path of love and authentic power. Responding to a listener’s question, Gary shares how discovering the non-physical dimensions of life helped him understand the deeper consequences of his actions—not just on himself, but on the collective consciousness of humanity.</p>
<p>The Soul Snack explores how Gary came to see that <b>emotions like anger, jealousy, and resentment are all expressions of fear.</b> When he recognized his own role in contributing to the world’s suffering, he made a conscious choice: to stop fueling pain and start embodying love. </p>
<h2>Through practices of emotional awareness, intention-setting, and responsible choice he began aligning his life with the energy of gratitude, patience, and open-hearted presence.</h2>
<p><b>The key to authentic power, Gary explains, is choosing to act from love even when fear arises. </b></p>
<h2>By becoming aware of our emotional energy via physical sensations—especially in the chest, throat, and solar plexus—we gain the ability to respond with care instead of react from fear.</h2>
<p><b>Transformation begins with this choice.</b></p>

<p><b>What You’ll Discover in This Episode:</b></p>
<ul>
<li><b>(00:10) </b>— The pivotal moment that sparked Gary’s personal transformation</li>
</ul>
<ul>
<li><b>(01:11) </b>— How fear hides behind anger, jealousy, and superiority</li>
</ul>
<ul>
<li><b>(02:02)</b> — Why your emotions contribute to collective human consciousness</li>
</ul>
<ul>
<li><b>(03:35) </b>— How to recognize fear and love through physical sensations in the body</li>
</ul>

<p><b>Discover a new way of seeing and experiencing the world. Start your journey to multisensory perception</b><a href=""https://seatofthesoul.com/mutli-five-sensory/""><b> HERE</b></a>.</p>

<p><b>Embrace the Soul Step Challenge:</b></p>
<p>Take a moment to reflect on a recent time when you felt angry, jealous, or overwhelmed. Can you locate where those sensations appeared in your body—your throat, chest, or solar plexus? Instead of reacting or pushing the feeling away, pause. Ask yourself, “Is this a frightened part of me?” Then, set a new intention: respond from love. Whether it’s through silence, kindness, or simply not acting from fear, notice how this shifts your internal state. This is how you begin to change—moment by moment.</p>"
Soul Feast #33: Together Miniseries #3: The Birth of Authentic Power,together-miniseries-3-the-birth-of-authentic-power,In this Soul Feast Gary continues the Together Miniseries by exploring the profound transformation from external power to authentic power.,https://seatofthesoul.com/wp-content/uploads/2025/05/GaryZukav_Ep33_Graphic-01.png,https://seatofthesoul.com/wp-content/uploads/2025/05/GaryZukav_Ep33_Graphic-01.png,Gary Zukav,,Soul Feast,In this Soul Feast Gary continues the Together Miniseries by exploring the profound transformation from external power to authentic power.,https://www.youtube.com/watch?v=AQ1dIbqc_sI,"<p>In this Soul Feast Gary continues the Together Miniseries by exploring the profound transformation from external power to authentic power. As humanity collectively steps into a new consciousness, Gary discusses how <b>aligning your personality with your soul becomes the new foundation of power.</b> </p>
<h2>He invites listeners to recognize that true strength lies not in control or domination, but in the experience of love, compassion, and inner wisdom.</h2>
<p>This Soul Feast episode takes a deeper look into the outdated model of power based on manipulation and control—what Gary calls “external power”—and how it continues to shape global institutions, relationships, and individual identities. He explains why this model is not only destructive but obsolete, and how <b>the frightened parts of our personality resist the shift toward love.</b> Through rich metaphors and reflections, Gary challenges us to examine how our inner perceptions shape our experience of the world.</p>
<p>The solution, Gary emphasizes, is to cultivate <b>authentic power</b>—a power that comes from within, born of love rather than fear. <b>This new consciousness asks us to embrace harmony, cooperation, sharing, and reverence for life</b>. </p>
<h2>As we learn to identify the parts of ourselves motivated by fear versus those motivated by love, we open the doorway to lasting transformation.</h2>
<p><b><i>Please do not take anything that Gary or Linda share as true just because they say it. If it resonates with you, experiment with it in your life. If it doesn’t, let it go.</i></b></p>
<h3><b>What You’ll Discover in This Episode:</b></h3>
<p><b>(01:02)</b> — Why external power is not only outdated but actively obstructs spiritual growth</p>
<p><b>(04:10)</b> — How frightened parts of our personality interpret love as weakness and distort our worldview</p>
<p><b>(06:45)</b> — What it means to see the world through a mirror of perception and how it impacts your reality</p>
<p><b>(10:05)</b> — The difference between happiness and joy, and why joy is the foundation of authentic power</p>
<p><b>(13:55)</b> — Why change doesn’t happen through influence or wealth but only through inner transformation</p>
<p><b>(18:15)</b> — A powerful journaling practice to identify when you’re acting from fear vs. love</p>

<p><b>Learn how to align your personality with your soul and create authentic power in your life. The </b><b><i>Authentic Power Guidelines</i></b><b> online course will guide you on this powerful journey. Learn More </b><a href=""http://www.seatofthesoul.com/authenticpowerguidelinescourse""><b>Here</b></a>.</p>

<p><b>Embrace the Soul Step Challenge:</b></p>
<p>This week, look back on moments when you sought validation, success, or control from the outside world. Ask yourself: Was this coming from fear or love? Take time to journal your emotional experiences around these moments. Did you feel a temporary high—or a lasting sense of inner peace? Use this practice to become more aware of the frightened parts of your personality—and choose instead to act from the loving parts that lead to authentic power. One step, one choice at a time.</p>"
Soul Snack#32: Staying Present,staying-present,"In this powerful Soul Snack, Gary answers a listener’s question about how to stay present during the day—and how to realign when we feel emotionally overwhelmed or off course.",https://seatofthesoul.com/wp-content/uploads/2025/04/GaryZukav_Ep32.5_Graphic-01.png,https://seatofthesoul.com/wp-content/uploads/2025/04/GaryZukav_Ep32.5_Graphic-01.png,Gary Zukav,,Soul Snack,"In this powerful Soul Snack, Gary answers a listener’s question about how to stay present during the day—and how to realign when we feel emotionally…",https://www.youtube.com/watch?v=6FoZDS9daFI,"<p>In this powerful Soul Snack, Gary answers a listener’s question about how to stay present during the day—and how to realign when we feel emotionally overwhelmed or off course. Through the lens of emotional awareness, Gary shares how we can become more conscious of the energy moving through us and begin to<b> recognize whether we’re acting from fear or from love.</b> This awareness, he says, is the gateway to <b>living a conscious, empowered life.</b></p>
<p>Rather than trying to distract ourselves or “reset” in the traditional sense, Gary reframes the question entirely: <b>It’s not about starting over, but about setting ourselves in a new direction—one that aligns with the most loving part of who we are.</b></p>
<p><b> </b>By tuning into the physical sensations in our energy centers, especially the throat, chest, and solar plexus, we can<b> detect when fear is active and choose not to let it control our behavior. </b></p>
<h2>These moments of discomfort are actually profound opportunities to create authentic power.</h2>
<p>The solution? In moments of jealousy, anger, anxiety, or compulsive behaviors, resist the urge to act from those frightened parts of your personality. Instead, turn inward and <b>set the intention to act from love</b>—through gratitude, patience, or caring. </p>
<h2>This conscious choice, even in the midst of discomfort, is what builds authentic power.</h2>

<p><b><i>Please do not take anything that Gary or Linda share as true just because they say it. If it resonates with you, experiment with it in your life. If it doesn’t, let it go.</i></b></p>

<p><b>What You’ll Discover in This Soul Snack:</b></p>
<ul>
<li><b>(00:42) </b>— Why emotional awareness is the most productive path to presence</li>
</ul>
<ul>
<li><b>(01:45) </b>— How the physical sensations in your body reveal fear or love</li>
</ul>
<ul>
<li><b>(03:02) </b>— Why acting unconsciously leads to painful consequences</li>
</ul>
<ul>
<li><b>(04:21)</b> — The difference between “resetting” and setting a new intention</li>
</ul>
<ul>
<li><b>(06:08) </b>— How choosing love in the middle of fear is the key to authentic power</li>
</ul>

<p><b>Embrace the Soul Step Challenge:</b></p>
<p>Pause and reflect on a recent moment when you felt overwhelmed, jealous, angry, or compulsive. Can you recall the physical sensations in your chest, throat, or solar plexus during that time? Rather than escaping or suppressing the discomfort, sit with it. Ask yourself, “Is this a frightened part of me?” Then, in that very moment, choose to act from the most loving part of your personality. Notice how it shifts your experience. You are practicing the art of staying present.</p>

<p><b>Create the life you desire by choosing love over fear. Learn how </b><a href=""https://seatofthesoul.com/love-fear/""><b>HERE</b></a><b>.</b></p>"
Soul Feast #32: Together Miniseries #2: The Death of External Power,together-miniseries-2-the-death-of-external-power,In this Soul Feast Gary continues the Together Miniseries by exploring one of the most defining shifts of our time: the death of external power.,https://seatofthesoul.com/wp-content/uploads/2025/04/GaryZukav_Ep32_Graphic-01.png,https://seatofthesoul.com/wp-content/uploads/2025/04/GaryZukav_Ep32_Graphic-01.png,Gary Zukav,,Soul Feast,In this Soul Feast Gary continues the Together Miniseries by exploring one of the most defining shifts of our time: the death of external power.,https://www.youtube.com/watch?v=QlTFMmqZWg0,"<p>In this Soul Feast Gary continues the <b><i>Together Miniseries</i></b> by exploring one of the most defining shifts of our time: the death of external power. He explains how the structures that once defined success—control, dominance, manipulation—are no longer sustainable in the new consciousness that is emerging. </p>
<h2>Humanity is in a rapid transformation, moving away from a five-sensory perception rooted in survival and toward a multi-sensory experience centered on spiritual evolution.</h2>
<p>At the heart of this conversation is a powerful realization: <b>the pursuit of external power, once necessary for our survival, now leads only to destruction—internally and collectively.</b> </p>
<p>Gary examines how this outdated mode of power is still embedded in our institutions, relationships, and fears, and why it is now incapable of guiding us forward. Through compelling metaphors and deeply reflective insights, he challenges listeners to <b>notice how fear masquerades as control and how our collective suffering stems from this dying model</b>.</p>
<p>The path forward, Gary says, lies in creating authentic power: aligning your personality with your soul. </p>
<h2>The new consciousness invites each of us to embody harmony, cooperation, sharing, and reverence for life. Transformation begins within.</h2>

<p><b><i>Please do not take anything that Gary or Linda share as true just because they say it. If it resonates with you, experiment with it in your life. If it doesn’t, let it go.</i></b></p>

<h3><b>What You’ll Discover in This Soul Feast:</b></h3>
<p><b>(01:12)</b> — Why the old definition of power—manipulation and control—is now obsolete and dangerous</p>
<p><b>(05:20) </b>— The metaphor of the steam engine and what it reveals about the end of external power</p>
<p><b>(08:58) </b>— How the fuel of our old society—external power—has run out, and what’s replacing it</p>
<p><b>(13:10) </b>— What authentic power looks like and how it differs from external power</p>
<p><b>(15:48) </b>— How fear-based leadership fuels destruction and the role of the law of attraction in global events</p>
<p><b>(18:40) </b>— Why change must come from within, not from trying to fix the world externally</p>

<p><b>Embrace the Soul Step Challenge:</b></p>
<p>Between now and the next episode, take time to journal about the external sources of power you may still be seeking—whether through achievements, influence, appearance, or control. Ask yourself: What fear is driving this desire? How might I respond differently if I were choosing from love instead of fear? This week, challenge yourself to take one small action that reflects the intentions of your soul—harmony, cooperation, sharing, and reverence for life.</p>

<p><b>Discover a new way of seeing and experiencing the world. Start your journey to multisensory perception </b><a href=""https://seatofthesoul.com/mutli-five-sensory/""><b>HERE</b></a><b>.</b></p>"
Soul Snack #31: Relating to Someone Who is Negative,relating-to-someone-who-is-negative,"What do you do when someone you love is often negative, judgmental, or emotionally shut down—and you want to create a genuine, meaningful relationship with them?",https://seatofthesoul.com/wp-content/uploads/2025/04/GaryZukav_Ep31.5_Graphic-01.png,https://seatofthesoul.com/wp-content/uploads/2025/04/GaryZukav_Ep31.5_Graphic-01.png,Gary Zukav,,Soul Snack,"What do you do when someone you love is often negative, judgmental, or emotionally shut down—and you want to create a genuine, meaningful relationship with…",https://www.youtube.com/watch?v=rGhs4kAaDdQ,"<p>What do you do when someone you love is often negative, judgmental, or emotionally shut down—and you want to create a genuine, meaningful relationship with them? </p>
<p>In this Soul Snack, Gary responds to a listener’s heartfelt question about their difficult relationship with a negative parent. Through his answer, Gary invites us to shift our understanding of where emotional pain comes from and how we can transform it into spiritual growth.</p>
<h2>Gary explains that authentic power doesn’t come from trying to change or “fix” someone else—it comes from recognizing how others activate painful parts of our own personalities.</h2>
<p>When we encounter negativity, especially from someone we love, it can feel overwhelming. But instead of focusing outward, Gary guides us inward, encouraging us to become emotionally aware and take responsibility for what arises within us in those moments. </p>
<p><b>That’s where true empowerment begins.</b></p>
<h2>The solution: Shift your attention from the other person’s negativity to your own internal reaction. Let the painful physical sensations guide you to the frightened parts of your personality. Then, from the healthiest part of yourself, choose to respond with appreciation and love.</h2>
<p><b>These moments are powerful opportunities for growth.</b></p>

<p><b>What You’ll Discover in This Soul Snack:</b></p>
<ul>
<li><b>(00:42) —</b> Why relationships themselves aren’t empowered—you are</li>
<li><b>(01:36) —</b> How others activate internal dynamics that originate in fear</li>
<li><b>(02:30) —</b> The role of physical sensations in identifying frightened parts of your personality</li>
<li><b>(03:45) —</b> Why you can’t make your emotions disappear—but you can choose how to respond</li>
<li><b>(04:15) —</b> How appreciation, even in challenging moments, becomes a path to spiritual growth</li>
</ul>

<p><b>Embrace the Soul Step Challenge:</b></p>
<p>Think of someone in your life who tends to bring up frustration, disappointment, or judgment in you. When you feel that reaction arise, pause. Instead of trying to change them, explore what’s happening within you. What are you feeling in your chest, throat, and solar plexus? Can you stay with those sensations without blaming them for your discomfort? Ask yourself: <i>Is this a frightened part of me?</i> Then choose to act from the healthiest part of yourself—and notice what shifts.</p>

<p><b>Are you practicing judgment or discernment? Learn more as Gary explains the differ</b><b>ence in </b><a href=""https://seatofthesoul.com/judgment/""><b>this illuminating video</b></a><b>.</b></p>"
Soul Feast #31: Together Miniseries #1: We’re All In It Together,were-all-in-it-together,In this Soul Feast Gary shares a profound message about the unity of Life and the transformational journey humanity is undergoing.,https://seatofthesoul.com/wp-content/uploads/2025/04/GaryZukav_Ep31_Graphic-01.png,https://seatofthesoul.com/wp-content/uploads/2025/04/GaryZukav_Ep31_Graphic-01.png,Gary Zukav,,Soul Feast,In this Soul Feast Gary shares a profound message about the unity of Life and the transformational journey humanity is undergoing.,https://www.youtube.com/watch?v=x3R48ifZTW4,"<p>In this Soul Feast Gary shares a profound message about the unity of Life and the transformational journey humanity is undergoing. As the old world dissolves and a new one takes form, he reminds us that <b>we are all part of something greater—a human family that is inseparable from all of Life.</b> </p>
<p>Whether we recognize it or not, <b>we are immersed in a global awakening, a shift from the pursuit of fear-based power toward the creation of authentic power rooted in the soul.</b></p>
<p>Gary distinguishes between the old and the new consciousness, and explains that half of humanity is now experiencing life as multi-sensory beings. </p>
<h2>From this new awareness, we see power not as domination or control, but as alignment of the personality with our soul.</h2>
<p>He explains that <b>every moment</b>—no matter how challenging or hopeful—<b>is an invitation to choose love, compassion, and awareness</b>. The key question becomes:<b> Are we responding from love or fear?</b></p>
<h2>When we recognize the frightened parts of our personality and choose love instead of control, we contribute to the evolution of our species and embody the new consciousness.</h2>
<p>It’s all about our choices! <b>Our souls learn through choices, and our transformation begins within.</b></p>

<p><b><i>Please do not take anything that Gary or Linda share as true just because they say it. If it resonates with you, experiment with it in your life. If it doesn’t, let it go.</i></b></p>

<h3><b>What You’ll Discover in Soul Feast:</b></h3>
<p><b>(00:45)</b> — What it truly means to be “in it together”—and why it’s still true even if we no       longer feel it<br>
<b>(03:05)</b> — The difference between the “little you” (personality) and the “large You” (soul)<br>
<b>(05:52)</b> — What defines the new consciousness—and why we are more than minds and bodies<br>
<b>(08:54)</b> — How some of us experience reality as multi-sensory and others do not yet<br>
<b>(12:06)</b> — How the chaos in the world reflects the contrast between the old and new consciousnesses<br>
<b>(15:09)</b> — Why young people today often operate from the new consciousness without needing to name it</p>
<p>​​</p>
<p><b>Embrace the Soul Step Challenge:</b></p>
<p>Between now and the next episode, in a notebook/journal, write down the moments when you catch yourself seeking external power—through appearance, achievements, possessions, or influence. Ask yourself: Was I trying to manipulate or control this situation or someone else in order to feel safe and valued? What might love have chosen at this moment? This week, allow yourself to see clearly when you are acting from fear, and take one small step toward alignment with your soul.</p>

<p><b>Create the life you desire by choosing love over fear. Learn how </b><a href=""https://seatofthesoul.com/love-fear/""><b>HERE</b></a><b>.</b></p>"
Soul Snack #30: When Are Boundaries Necessary?,when-are-boundaries-necessary,"Boundaries are often seen as emotional shields—tools we use to protect ourselves from pain, discomfort, or conflict.",https://seatofthesoul.com/wp-content/uploads/2025/04/GaryZukav_Ep30.5_Graphic-01.png,https://seatofthesoul.com/wp-content/uploads/2025/04/GaryZukav_Ep30.5_Graphic-01.png,Gary Zukav,,Soul Snack,"Boundaries are often seen as emotional shields—tools we use to protect ourselves from pain, discomfort, or conflict.",https://www.youtube.com/watch?v=RhSkpxSru1s,"<p>Boundaries are often seen as emotional shields—tools we use to protect ourselves from pain, discomfort, or conflict. But…</p>
<h2>What if the impulse to build boundaries comes not from wisdom, but from fear?</h2>
<p>In this Soul Snack, Gary Zukav explores why emotional pain doesn’t come from other people, but from within, and how <b>true emotional mastery begins not with distancing ourselves from others, but by turning inward</b>.</p>
<p>Gary shares a transformative perspective on emotional pain, revealing that <b>what often looks like a need for boundaries is actually a call for emotional awareness.</b> </p>
<p>Through a powerful story and candid reflection, he explains that our emotional reactions are not caused by others—they’re activated by parts of ourselves rooted in fear. </p>
<h2>By identifying these frightened parts and cultivating emotional literacy, we begin to understand the real source of our discomfort—and reclaim our power.</h2>
<p>The key? <b>Shift from reaction to response</b>. Instead of erecting boundaries, challenge the painful inner dynamics that others activate. </p>
<h2>When you stop trying to change the outside world to feel better, you begin to create authentic power from the inside out.</h2>

<p><b>Please do not take anything that Gary or Linda share as true just because they say it. If it resonates with you, experiment with it in your life. If it doesn’t, let it go.</b></p>

<p><b>What You’ll Discover in This Episode:</b></p>
<ul>
<li><b>(00:34) — </b>Why emotional boundaries often originate from fear, not love</li>
</ul>
<ul>
<li><b>(02:21) — </b>The story of a Chan Master and the lesson that transformed Gary’s understanding of emotional independence</li>
</ul>
<ul>
<li><b>(05:32) — </b>How repeated emotional pain reveals what still needs healing within yourself</li>
</ul>
<ul>
<li><b>(07:45) — </b>A step-by-step guide to developing emotional literacy through physical awareness</li>
</ul>
<ul>
<li><b>(10:19) — </b>How gratitude, not boundaries, is the doorway to authentic power</li>
</ul>
<ul>
<li><b>(11:58) — </b>Why “Love includes” is more than a mantra—it’s a way of living</li>
</ul>

<h3><b>Embrace the Soul Step Challenge:</b></h3>
<p>Think of a moment when you wanted to put up a boundary—perhaps you felt hurt, overwhelmed, or annoyed. Ask yourself: Was I trying to protect myself, or was I trying to avoid feeling something deeper? This week, pause when that impulse to create distance arises. Notice the physical sensations in your body, and let yourself feel them without reacting. Explore what’s really being activated inside of you. Then ask: Can I respond from love instead?</p>

<p><b>Discover a new way of seeing and experiencing the world. Start your journey to multisensory perception</b><a href=""https://seatofthesoul.com/mutli-five-sensory/""><b> HERE</b></a><b>.</b></p>"
Soul Feast #30: Everything is an Opportunity,everything-is-an-opportunity,"In this Soul Feast, Gary invites listeners to look beyond the surface of life’s events—both joyful and painful—and recognize that everything we encounter is an opportunity for spiritual growth.",https://seatofthesoul.com/wp-content/uploads/2025/04/GaryZukav_Ep30_Graphic-01.png,https://seatofthesoul.com/wp-content/uploads/2025/04/GaryZukav_Ep30_Graphic-01.png,Gary Zukav,,Soul Feast,"In this Soul Feast, Gary invites listeners to look beyond the surface of life’s events—both joyful and painful—and recognize that everything we encounter is an…",https://www.youtube.com/watch?v=xIFpypwxrkw,"<p>In this Soul Feast, Gary invites listeners to look beyond the surface of life’s events—both joyful and painful—and recognize that <b><i>everything</i></b><b> we encounter is an opportunity for spiritual growth.</b> </p>
<p>Whether it’s a burst of inspiration, a moment of frustration, or an intense emotional experience, <b>each instance is an opening to become more emotionally aware and to choose with intention</b>.</p>
<p>Gary explains that we are constantly creating consequences through our choices, whether we realize it or not. </p>
<h2>Most people live in reaction to fear, unconsciously reinforcing painful patterns.</h2>
<p>But when we become aware of the frightened parts of our personality—and consciously choose love instead—we begin to create authentic power. </p>
<h2>That’s the essence of our evolution as multi-sensory beings in the Earth School: learning to choose love again and again.</h2>
<p><b>The key to transformation lies in choosing with awareness. </b></p>
<p>When you infuse your intentions with love rather than fear, you shift the trajectory of your life—one choice at a time.</p>

<p><b><i>Please do not take anything that Gary or Linda share as true just because they say it. If it resonates with you, experiment with it in your life. If it doesn’t, let it go.</i></b></p>

<p><b>What You’ll Discover in This Soul Feast:</b></p>
<ul>
<li><b>(00:40)</b> — What “opportunity” really means in a spiritual context—and what it doesn’t mean</li>
</ul>
<ul>
<li><b>(02:17) </b>— How every moment, even the painful ones, is a chance to choose love over fear</li>
</ul>
<ul>
<li><b>(05:56)</b> — Why unconscious intentions create unintended consequences—and how to change that</li>
</ul>
<ul>
<li><b>(10:15) </b>— The spiritual power of emotional awareness and separating yourself from fear-driven reactions</li>
</ul>
<ul>
<li><b>(14:35) </b>— A multi-sensory view of the Golden Rule—and how intention transforms everything</li>
</ul>
<ul>
<li><b>(17:00)</b> — Why your spiritual teachers aren’t concerned with your job, relationship, or finances—and what they are focused on</li>
</ul>

<p><b>Embrace the Soul Step Challenge:</b></p>
<p>Look at your day—this morning, this evening, this very moment. What is being activated in you? Is it fear, frustration, or judgment? Or is it love, compassion, and presence? Pause and reflect: What intention are you bringing into your experiences right now? This week, practice noticing when a frightened part of your personality is active, and instead of reacting, consciously choose to act from love. Let every moment become your spiritual classroom.</p>

<p><b>Explore your full potential, so you can give the gifts you were born to give. Enroll in </b><a href=""http://www.seatofthesoul.com/soulthemescourse""><b>Soul Themes </b></a><b>Today. Your soul has been waiting for you to take this journey!</b></p>"
Soul Snack #29: Supporting vs. Projecting,supporting-vs-projecting,"When we try to support someone we care about, how can we tell if we’re truly helping—or just projecting our own fears onto them?",https://seatofthesoul.com/wp-content/uploads/2025/04/GaryZukav_Ep29.5_Graphic-01.png,https://seatofthesoul.com/wp-content/uploads/2025/04/GaryZukav_Ep29.5_Graphic-01.png,Gary Zukav,,Soul Snack,"When we try to support someone we care about, how can we tell if we’re truly helping—or just projecting our own fears onto them?",https://www.youtube.com/watch?v=M0CLObqyCvA,"<h2>When we try to support someone we care about, how can we tell if we’re truly helping—or just projecting our own fears onto them?</h2>
<p>In this Soul Snack, Gary Zukav and Linda Francis examine the subtle yet <b>significant difference between supporting others from love versus projecting our own unacknowledged pain.</b> He shares why <b>spiritual partnerships require self-awareness and humility</b>, and how even well-intentioned insights can be laced with fear if we haven’t looked within first.</p>
<p>Gary offers a deeper look at how <b>emotional reactions often point to the parts of ourselves we most want to avoid</b>. When something someone says—or even the way they are—triggers us, it’s an opportunity to notice what’s unresolved within. Using personal stories and reflections, he illustrates how <b>recognizing these hidden parts of ourselves can transform judgment into compassion and distance into connection</b>.</p>
<p>The solution? Become aware of the frightened parts of your personality that may be influencing your perspective. </p>
<h2>By turning inward before offering feedback to others, you begin to respond from love instead of react from fear—and that shift changes everything.</h2>
<p><b>Please do not take anything that Gary or Linda share as true just because they say it. If it resonates with you, experiment with it in your life. If it doesn’t, let it go.</b></p>
<p><b>What You’ll Discover in This Episode:</b></p>
<ul>
<li><b>(00:36) </b>— How projecting your fears can disguise itself as support</li>
</ul>
<ul>
<li><b>(01:22) </b>— Why your emotional reaction might reveal more about <i>you</i> than the other person</li>
</ul>
<ul>
<li><b>(02:18) </b>— The power of pausing before responding in spiritual partnerships</li>
</ul>
<ul>
<li><b>(03:10) </b>— A personal story: how a strong judgment unveiled Gary’s own hidden beliefs</li>
</ul>
<ul>
<li><b>(04:07)</b> – Linda shares her experience of projecting a strong judgment on a friend and how that created distance between them</li>
<li><b>(05:00) </b>— How recognizing your projections leads to healing and reconnection</li>
</ul>

<p><b>Embrace the Soul Step Challenge:</b></p>
<p>Think of a recent moment when you gave feedback or advice to someone. Were you truly offering support—or were you hoping they’d behave in a way that made <i>you</i> feel better? This week, pause before reacting. Ask yourself: Am I seeing clearly, or am I projecting something I haven’t yet healed? Be willing to explore what’s underneath your reaction. Let compassion guide you back to love—first for yourself, then for others.</p>
<p><b>Are you creating with love or fear in your life? Take this </b><a href=""https://seatofthesoul.com/cultivating-love-optin/""><b>self-assessment</b></a><b> today to find out.</b></p>"
Soul Feast #29: What is a Universal Human?,what-is-a-universal-human,"In this powerful Soul Feast of The Gary Zukav Podcast, Gary takes listeners beyond the concept of multisensory perception and into the next evolutionary step in human consciousness—the Universal…",https://seatofthesoul.com/wp-content/uploads/2025/04/GaryZukav_Ep29_Graphic-01.png,https://seatofthesoul.com/wp-content/uploads/2025/04/GaryZukav_Ep29_Graphic-01.png,Gary Zukav,,Soul Feast,"In this powerful Soul Feast of The Gary Zukav Podcast, Gary takes listeners beyond the concept of multisensory perception and into the next evolutionary step…",https://www.youtube.com/watch?v=5vQ9a_vuSGA,"<p>In this powerful Soul Feast of <i>The Gary Zukav Podcast</i>, Gary takes listeners beyond the concept of multisensory perception and into <b>the next evolutionary step in human consciousness—the Universal Human</b>. </p>
<p>As he explains, humanity is currently undergoing a monumental shift from five-sensory awareness into multisensory awareness, and already, something even greater is pulling us forward. Through personal stories and illuminating insights, Gary offers a glimpse into what it means to be a Universal Human—and how we are all being called to embody this transformation.</p>
<p>While the current stage of human evolution allows us to sense the world beyond our five senses and align our personalities with our souls (what Gary calls creating <i>authentic power</i>), <b>the Universal Human represents an even deeper shift</b>. </p>
<h2>It is a being whose allegiance is to Life first, and everything else—gender, nationality, race, religion—second.</h2>
<p>This <b>emerging identity transcends all the boundaries</b> that previously divided us, <b>awakening a collective sense of love, interconnectedness, and responsibility</b>.</p>
<h2>The path forward is rooted in love.</h2>
<p>As we learn to <b>distinguish between love and fear within ourselves and consistently choose love</b>, we develop authentic power. From that space, the possibility of Universal Humanity becomes real—first as a feeling, then as  lived experience (truth).</p>
<p><b><i>Please do not take anything that Gary or Linda share as true just because they say it. If it resonates with you, experiment with it in your life. If it doesn’t, let it go.</i></b></p>
<h3><b>What You’ll Discover in This Soul Feast:</b></h3>
<ul>
<li>
<ul>
<li><b>(00:00)</b> — Why a new consciousness is emerging—and how it’s reshaping the entire human experience</li>
<li><b>(01:45)</b> — How the disintegration of the old world invites us to choose love over fear</li>
<li><b>(03:30)</b> — How multisensory perception reveals the continuation of consciousness beyond</li>
</ul>
</li>
</ul>

<h3><b>Embrace the Soul Step Challenge:</b></h3>
<p>This week, reflect on the identity you most often lead with—your profession, your culture, your roles, your beliefs. Ask yourself: What would it mean to be a Universal Human first, and all those things second? Journal or record a moment in your life when you felt pulled beyond your individual identity and into a deeper connection with all of life. How did that feel? Could that moment be calling you toward your next soul step?</p>
<p><b>Join Gary LIVE every month as he shares his wisdom and answers your questions live. </b><a href=""http://www.seatofthesoul.com/eveningwithgaryzukav""><b>REGISTER HERE</b></a><b> for An Evening with Gary Zukav.</b></p>"
Soul Snack #28: Underneath Reaction,underneath-reaction,Every moment of emotional discomfort presents a powerful opportunity: the chance to respond consciously instead of reacting automatically.,https://seatofthesoul.com/wp-content/uploads/2025/04/GaryZukav_Ep28.5_Graphic-01.png,https://seatofthesoul.com/wp-content/uploads/2025/04/GaryZukav_Ep28.5_Graphic-01.png,Gary Zukav,,Soul Snack,Every moment of emotional discomfort presents a powerful opportunity: the chance to respond consciously instead of reacting automatically.,https://www.youtube.com/watch?v=7tmw3kmfSwM,"<p><b>Every moment of emotional discomfort presents a powerful opportunity: the chance to respond consciously instead of reacting automatically</b>. </p>
<p>In this Soul Snack, Gary Zukav explores <b>what lies beneath our reactions—those unconscious, habitual patterns that often mask deeper pain and fear.</b> He invites listeners to consider how they’ve learned to avoid emotional pain throughout their lives and how that avoidance leads to compulsive behaviors like addiction, perfectionism, judgment, or withdrawal.</p>
<p>Rather than labeling reactions as right or wrong, Gary reframes them through the lens of cause and effect. </p>
<p><b>Every reaction—rooted in fear—generates painful consequences that repeat until we choose differently.</b> He introduces the idea that <b>emotional awareness is the first step toward creating authentic power: the ability to pause, feel, and respond with intention rather than reenact the past. </b></p>
<p>Through emotional literacy and conscious choice, we reclaim the power to create differently.</p>
<p>The solution? </p>
<h2>Learn to recognize your emotional experiences in the moment and choose a loving response rather than react from fear.</h2>
<p> This shift <b>transforms unconscious behaviors into conscious creation</b>, and leads to deeper connection, healing, and spiritual growth.</p>
<p><b>Please do not take anything that Gary or Linda share as true just because they say it. If it resonates with you, experiment with it in your life. If it doesn’t, let it go.</b></p>

<p><b>What You’ll Discover in This Soul Snack:</b></p>
<ul>
<li>
<ul>
<li><b>(00:15)</b> — How shutting out pain creates unconscious, addictive, or compulsive behaviors</li>
<li><b>(01:40)</b> — Why reactions repeat: the cycle of emotional pain and automatic reacting</li>
<li><b>(03:05)</b> — The universal law of cause and effect (not right or wrong) behind every choice</li>
<li><b>(04:30)</b> — The difference between reaction and response—and how awareness shifts everything</li>
<li><b>(06:20)</b> — How manipulation shows up in power struggles and emotional expression</li>
<li><b>(08:15)</b> — The courage to feel your pain fully and choose a new, loving response</li>
</ul>
</li>
</ul>

<p><b>Embrace the Soul Step Challenge:</b></p>
<p>Take a few moments today to reflect on your reactions. Can you identify a recent moment when you reacted automatically—perhaps with anger, withdrawal, or judgment? Pause and ask yourself: What was I trying to avoid feeling in that moment? Can I stay present with the discomfort without acting on it? Next time you feel triggered, challenge yourself to respond instead of react. Let love—not fear—guide your choice, and notice what changes in you.</p>
<p><b>Are you ready to live Beyond the Five Senses? Learn how</b><a href=""http://www.seatofthesoul.com/beyondthefivesensescourse""><b> HERE</b></a><b>.</b></p>"
Soul Feast #28: Spiritual Partnership and the Law of Attraction,spiritual-partnership-and-the-law-of-attraction,"In this Soul Feast, Gary Zukav deepens the exploration of the Law of Attraction by examining its profound relationship with spiritual partnership.",https://seatofthesoul.com/wp-content/uploads/2025/04/GaryZukav_Ep28_Graphic-01.png,https://seatofthesoul.com/wp-content/uploads/2025/04/GaryZukav_Ep28_Graphic-01.png,Gary Zukav,,Soul Feast,"In this Soul Feast, Gary Zukav deepens the exploration of the Law of Attraction by examining its profound relationship with spiritual partnership.",https://www.youtube.com/watch?v=vqxw5FJc1u4,"<p>In this Soul Feast, Gary Zukav deepens the exploration of the Law of Attraction by examining its profound relationship with spiritual partnership.</p>
<p>As <b>humanity undergoes a monumental transformation into a multi-sensory species</b>, Gary shares how the <b>old world of external power is dissolving</b>, making <b>space for the creation of authentic power</b>—an alignment of the personality with the soul. </p>
<p>He offers insights into how our <b>energy shapes not only our experiences but also the people we attract</b>, especially in our most intimate relationships.</p>
<p>Gary explains that while many spiritual partnerships may appear to be rooted in romance or common interests, their<b> true purpose lies in mutual spiritual growth</b>. </p>
<h2>The Law of Attraction brings together individuals with similar energies—whether conscious or unconscious—so that they can learn to grow through love instead of fear.</h2>
<p>This shift from fear-based to love-based dynamics is central to evolving authentically in the new consciousness.</p>
<p>The<b> solution to creating authentic power lies in cultivating emotional awareness, making responsible choices, and consulting your intuition</b>. These practices form the foundation for conscious, aligned relationships – spiritual partnerships.</p>
<p><b><i>Please do not take anything that Gary or Linda share as true just because they say it. If it resonates with you, experiment with it in your life. If it doesn’t, let it go.</i></b></p>
<h3><b>What You’ll Discover in This Soul Feast:</b></h3>
<ul>
<li>
<ul>
<li><b>(00:00)</b> — Why the Law of Attraction is more than “thoughts create things”—it’s energy attracting like energy</li>
<li><b>(03:12)</b> — How the old consciousness relied on the five senses and intellect—and why that no longer serves us</li>
<li><b>(06:45)</b> — What it means to create authentic power through emotional awareness, responsible choice, and intuition</li>
<li><b>(11:10)</b> — Why spiritual partnerships often feel intense—and what their deeper purpose truly is</li>
<li><b>(15:28)</b> — How the Law of Attraction operates unconsciously when fear leads—and how conscious love transforms it</li>
<li><b>(19:45)</b> — The key difference between authentic power and harmlessness—and how real spiritual growth begins</li>
</ul>
</li>
</ul>

<p><b>Learn how to align your personality with your soul and create authentic power in your life. The Authentic Power Guidelines course will guide you on this powerful journey. Learn More </b><a href=""http://www.seatofthesoul.com/authenticpowerguidelinescourse""><b>Here</b></a><b>.</b></p>"
Soul Snack #27: Pay Attention to Your Emotions,pay-attention-to-your-emotions,Emotions are more than fleeting feelings—they are powerful signals guiding us toward self-awareness and transformation.,https://seatofthesoul.com/wp-content/uploads/2025/03/GaryZukav_Ep27.5_Graphic-01.png,https://seatofthesoul.com/wp-content/uploads/2025/03/GaryZukav_Ep27.5_Graphic-01.png,Gary Zukav,,Soul Snack,Emotions are more than fleeting feelings—they are powerful signals guiding us toward self-awareness and transformation.,https://www.youtube.com/watch?v=GLmlUY3VCxc,"<p><b>Emotions</b> are more than fleeting feelings—they <b>are powerful signals guiding us toward self-awareness and transformation</b>. </p>
<p>In this Soul Snack, Gary Zukav explores the essential role of emotions in creating authentic power. He explains how emotions are not merely mental states but deeply connected to physical sensations within our energy processing centers. </p>
<p>By learning to recognize and interpret these sensations, we <b>gain the ability to distinguish between experiences of love and experiences of fear</b>, ultimately choosing love as the foundation of our lives.</p>
<p>Too often, emotions are misunderstood or avoided, particularly painful emotions that stem from fear. Five-sensory humans often engage in distractions—overeating, excessive work, substance use, endless scrolling on social media, or other vacating behaviors—to avoid feeling their emotions. </p>
<p>However, as multi-sensory beings, <b>we are all invited to embrace emotional awareness and use it as a tool for self-discovery and healing</b>. </p>
<p>By paying close attention to our emotions and the physical sensations they create, we develop the capacity to transform fear-based reactions into conscious, love-driven choices.</p>
<h2>The key to authentic power lies in emotional awareness. </h2>
<p>By observing our emotions as they arise—both the painful and the pleasurable—we gain the ability to <b>navigate life with greater clarity and intention</b>. </p>
<h2>Choosing love over fear, moment by moment, allows us to break free from patterns of avoidance and embrace a life of deep connection, purpose, and joy.</h2>

<h3><b>What You’ll Discover in This Soul Snack:</b></h3>
<ul>
<li><b>(00:02)</b> — The transformation of human consciousness and the role of emotions</li>
<li><b>(01:30) </b> — How five-sensory humans avoid emotions through distractions and addictions</li>
<li><b>(03:45) </b> — Understanding emotions as physical sensations in energy processing centers</li>
<li><b>(06:10)</b> — The difference between emotional ignorance, illiteracy, and awareness</li>
<li><b>(08:50)</b> — Recognizing fear-based emotions and consciously choosing love</li>
<li><b>(10:40)</b> — How emotional awareness leads us to create authentic power</li>
</ul>

<h3><b>Embrace the Soul Step Challenge:</b></h3>
<p>Take a moment to reflect on your emotions throughout the day. Instead of labeling them simply as “happy” or “sad,” try to observe the physical sensations they create in your body. Where do you feel tension, expansion, warmth, or discomfort etc.? Can you identify whether these sensations stem from love or fear? Commit to choosing love in moments where fear arises and notice how your experience shifts.</p>

<p><b>Your emotions are messages from your soul. Learn How to Tune In and Listen </b><a href=""http://www.seatofthesoul.com/emotionalawarenesscourse""><b>HERE</b></a><b>.</b></p>"
"Soul Feast #27 – Choice, Karma, and The Law of Attraction",choice-karma-and-the-law-of-attraction,Have you ever wondered why certain people or situations seem to consistently appear in your life?,https://seatofthesoul.com/wp-content/uploads/2025/03/GaryZukav_Ep27_Graphic-01.png,https://seatofthesoul.com/wp-content/uploads/2025/03/GaryZukav_Ep27_Graphic-01.png,Gary Zukav,,Soul Feast,Have you ever wondered why certain people or situations seem to consistently appear in your life?,https://www.youtube.com/watch?v=5hAauRup1eE,"<p>Have you ever wondered why certain people or situations seem to consistently appear in your life? In this insightful Soul Feast, Gary Zukav dives deep into the powerful principles of choice, karma, and the law of attraction. </p>
<p>Gary explains that <b>the Law of Attraction—”like energy attracts like energy”—reflects our internal state back to us.</b> </p>
<h2>Whether we cultivate love or fear within, we draw similar energies from the outside world.</h2>
<p>At the core of this conversation is the <b>understanding of karma as the direct result of our choices.</b> Gary clarifies common misconceptions, illustrating that <b>while our internal states like judgment or anger do not create karma directly, our actions do. </b></p>
<p>It is only when our internal energy translates into actions or words that karma comes into play, impacting both ourselves and others. </p>
<h2>Recognizing and confronting our fearful emotions is essential for shifting towards authentic power.</h2>
<p>The pathway to transforming your experiences lies in <b>emotional awareness and consciously choosing love over fear</b>, thus creating authentic power and positively influencing your karmic journey.</p>

<p><b>What You’ll Discover in This Soul Feast:</b></p>
<ul>
<li><b>(00:00)</b> — The Law of Attraction: How your internal energy attracts similar energies</li>
<li><b>(04:32)</b> — Common misconceptions about karma and how it’s created</li>
<li><b>(09:15)</b> — The critical role actions play in shaping your karmic experiences</li>
<li><b>(14:50)</b> — How emotional awareness helps move you from fear to authentic power</li>
<li><b>(20:05)</b> — Practical ways to recognize and shift fearful emotions toward love</li>
</ul>

<p><b>Embrace the Soul Step Challenge:</b> Reflect on moments when you experienced negative emotions or thoughts toward others. Ask yourself: How did your energy affect your interactions and relationships? Now, recall times you chose loving actions or words, even when feeling judgmental. Notice the differences in outcomes and energies you attracted. This week, consciously observe your internal landscape and practice shifting from fear to love.</p>

<p><b>Join Gary LIVE every month as he shares wisdom and answers your questions live. </b><a href=""http://www.seatofthesoul.com/eveningwithgaryzukav""><b>REGISTER HERE</b></a><b> for An Evening with Gary Zukav.</b></p>"
Soul Snack #26 – How Do I Heal Depression?,how-do-i-heal-depression,"Depression can feel like an all-encompassing weight, a blizzard that obscures the light and joy of life.",https://seatofthesoul.com/wp-content/uploads/2025/03/GaryZukav_Ep26.5_Graphic-01.png,https://seatofthesoul.com/wp-content/uploads/2025/03/GaryZukav_Ep26.5_Graphic-01.png,Gary Zukav,,Soul Snack,"Depression can feel like an all-encompassing weight, a blizzard that obscures the light and joy of life.",https://www.youtube.com/watch?v=-hZK_G4mCCo,"<p>Depression can feel like an all-encompassing weight, a blizzard that obscures the light and joy of life. In this Soul Snack, Gary Zukav explores the nature of depression and the path to healing, offering a profound shift in perspective. </p>
<p><b>Instead of being an immutable state, depression is a manifestation of a frightened part of our personality—a microclimate that we can move beyond the control of. </b></p>
<h2>By recognizing that depression is not the entirety of who we are, we can begin the journey toward healing and creating authentic power.</h2>
<p>Gary explains that moving beyond the control of depression starts with understanding its source. The painful physical sensations associated with the emotion of depression stem from a particular part of our personality, but they do not define us. Through emotional awareness and loving intentions, we can identify this part, challenge its hold over us, and begin to step into a more joyful, empowered existence.<b> By shifting our perception and using our will, we can create space for the healthier, more loving parts of our personality to emerge.</b></p>
<h2>The key to healing depression is to recognize it as a challenge given to us by our soul for growth.</h2>
<p> <b>By cultivating emotional awareness and consciously choosing love over fear, we can move beyond depression’s grip and reconnect with our purpose</b>. Each step we take toward awareness and self-compassion brings us closer to experiencing life with clarity, connection, and meaning.</p>

<p><b>What You’ll Discover in This Soul Snack:</b></p>
<p><b>(00:30)</b> — The nature of depression and why it feels overwhelming </p>
<p><b>(01:15)</b> — How depression originates from a frightened part of the personality </p>
<p><b>(02:45)</b> — The power of emotional awareness in healing depression </p>
<p><b>(04:10)</b> — Why depression does not define who you are </p>
<p><b>(06:20)</b> — How to use intention and willpower to step beyond depression </p>
<p><b>(08:05)</b> — The role of love and self-awareness in transforming emotional pain</p>

<p><b>Embrace the Soul Step Challenge: </b>Take a moment to reflect on times when you have felt overwhelmed by sadness or depression. Can you recognize this as coming from a part of your personality rather than your entire being? What happens when you observe these feelings with awareness instead of identifying with them? Challenge yourself to step into a different part of your personality—one that embraces love, connection, and joy. Notice the shift that occurs within you when you make this choice.</p>

<p><b>Your emotions are messages from your soul. Learn How to Tune In and Listen </b><a href=""http://www.seatofthesoul.com/emotionalawarenesscourse""><b>HERE</b></a><b>.</b></p>"
Soul Feast #26 – Am I Joyful or Am I Happy?,am-i-joyful-or-am-i-happy,"Many people use the words “joy” and “happiness” interchangeably, but are they really the same?",https://seatofthesoul.com/wp-content/uploads/2025/03/GaryZukav_Ep26_Graphic-01.png,https://seatofthesoul.com/wp-content/uploads/2025/03/GaryZukav_Ep26_Graphic-01.png,Gary Zukav,,Soul Feast,"Many people use the words “joy” and “happiness” interchangeably, but are they really the same?",https://www.youtube.com/watch?v=jXiDmrY6RLU,"<p>Many people use the words “joy” and “happiness” interchangeably, but are they really the same? In this Soul Feast, Gary Zukav explores the profound difference between the fleeting highs of happiness—driven by external circumstances—and the deep, unwavering presence of joy.<br>
</p>
<h2>While happiness is tied to the temporary satisfaction of our fears and desires, joy arises from something much deeper: the alignment of our personality with our soul.</h2>
<p>At the heart of this conversation is the concept of authentic power—choosing love over fear, even when fear is present. Gary breaks down how <b>happiness is dependent on the external world, fluctuating with life’s ups and downs, while joy is an unshakable state of being that emerges when we move beyond fear-based reactions.</b> </p>
<h2>By recognizing and challenging the frightened parts of our personality, we can cultivate lasting joy rather than chasing momentary happiness.</h2>
<p>The key to experiencing true joy is to practice emotional awareness, learning to distinguish between fearful and loving parts of our personality. <b>When we act from love—choosing gratitude, patience, and appreciation—we step into our authentic power and free ourselves from the illusion that external circumstances define our well-being</b>. </p>
<h2>Joy is our natural state; it is always available when we choose to see beyond fear.</h2>

<h3><b>What You’ll Discover in This Soul Feast:</b></h3>
<ul>
<li><b>(02:05) — </b>The fundamental difference between happiness and joy</li>
</ul>
<ul>
<li><b>(07:42) — </b>Why happiness is dependent on external circumstances and how it leads to suffering</li>
</ul>
<ul>
<li><b>(12:30) — </b>How joy arises from within and remains unaffected by life’s ups and downs</li>
</ul>
<ul>
<li><b>(17:15) — </b>The role of emotional awareness in recognizing fear-based reactions</li>
</ul>
<ul>
<li><b>(22:04) — </b>How to create authentic power by choosing love over fear</li>
</ul>
<ul>
<li><b>(28:18) — </b>Practical steps to shift from seeking happiness to experiencing joy</li>
</ul>

<h3><b>Embrace the Soul Step Challenge: </b>Reflect on the moments in your life when you felt happy versus when you felt truly joyful. Was your happiness tied to a specific event, person, or outcome? Did it fade when circumstances changed? Now, recall a moment of joy—one that felt deeply fulfilling and was not dependent on anything external. This week, observe your emotions: Are you chasing happiness, or are you choosing joy? The path to joy begins with recognizing when fear is present and consciously shifting toward love.</h3>

<p><b>Your emotions are messages from your soul. Learn How to Tune In and Listen </b><a href=""http://www.seatofthesoul.com/emotionalawarenesscourse""><b>HERE</b></a><b>.</b></p>"
Soul Snack #25 – What is Evil?,what-is-evil,"Evil is often thought of as an external force, something separate from us, lurking in the shadows.",https://seatofthesoul.com/wp-content/uploads/2025/03/GaryZukav_Ep25.5_Graphic-01.png,https://seatofthesoul.com/wp-content/uploads/2025/03/GaryZukav_Ep25.5_Graphic-01.png,Gary Zukav,,Soul Snack,"Evil is often thought of as an external force, something separate from us, lurking in the shadows.",https://www.youtube.com/watch?v=8W-wjaHKlVA,"<p>Evil is often thought of as an external force, something separate from us, lurking in the shadows. But in this Soul Snack, Gary Zukav offers a transformative perspective—<b>evil is not a presence but an absence</b>. It is the absence of love, of light, of consciousness. </p>
<h2>As humanity undergoes an unprecedented shift, we are faced with a choice: to continue in fear and darkness or to bring love into our lives and the world around us.</h2>
<p>Gary explains that <b>removing evil from the world begins with removing it from within ourselves</b>. Darkness, or fear, manifests in our frightened parts of personality—our anger, judgment, and resentment. The key to transformation is not in suppressing these emotions but in acknowledging and challenging them. </p>
<h2>By becoming emotionally aware and choosing to act from the healthiest parts of our personalities, we create authentic power and shift the world around us.</h2>
<p><b>The solution to evil is not punishment or eradication but love and awareness</b>. As Russian novelist Alexander Solzhenitsyn observed, the line between good and evil runs through every human heart. </p>
<h2>By choosing to cultivate love and compassion, even toward those who lack it, we begin to dissolve the darkness—both within ourselves and in the world.</h2>

<h3><b>What You’ll Discover in This Soul Snack:</b></h3>
<p><b>(00:41)</b> — The true nature of evil: an absence, not a presence<br>
<b>(01:25)</b> — Why eliminating darkness starts with transforming yourself<br>
<b>(02:35)</b> — How to challenge fear instead of acting from it<br>
<b>(03:24)</b> — The power of making conscious, healthy choices<br>
<b>(05:05)</b> — Why compassion, even for those who lack it, is an act of courage</p>

<h3><b>Embrace the Soul Step Challenge: </b>Take a moment to reflect on how fear and darkness have shown up in your life. Have you ever found yourself reacting from anger, judgment, or resentment? Instead of pushing these feelings away, try observing them with awareness. Challenge them by choosing love over fear. What happens when you respond from the most conscious, loving part of yourself?</h3>

<p><b>Learn how to align your personality with your soul and create authentic power in your life. The Authentic Power Guidelines course will guide you on this powerful journey. Learn More </b><a href=""http://www.seatofthesoul.com/authenticpowerguidelinescourse""><b>Here</b></a><b>.</b></p>"
Soul Feast #25 – What to Do About Disintegrating Social Structures,what-to-do-about-disintegrating-social-structures,"Humanity is undergoing an unprecedented shift in consciousness, and as a result, the social structures that have shaped our lives for millennia are beginning to disintegrate.",https://seatofthesoul.com/wp-content/uploads/2025/03/GaryZukav_Ep25_Graphic-01.png,https://seatofthesoul.com/wp-content/uploads/2025/03/GaryZukav_Ep25_Graphic-01.png,Gary Zukav,,Soul Feast,"Humanity is undergoing an unprecedented shift in consciousness, and as a result, the social structures that have shaped our lives for millennia are beginning…",https://www.youtube.com/watch?v=VblcZQmytVc,"<p><b>Humanity is undergoing an unprecedented shift in consciousness</b>, and as a result, the social structures that have shaped our lives for millennia are beginning to disintegrate. </p>
<p>In this Soul Feast, Gary explores the origins of these structures—such as education, healthcare, business, and governance—revealing how they emerged from human experience and were built upon external power, control, and survival. Now, <b>as our consciousness evolves beyond the five-sensory perception</b>, these systems no longer serve us in the way they once did.</p>
<p>Many may wonder: What should we do about these failing structures? The old consciousness tells us to rebuild, replace, or reform them—but this is not the solution. </p>
<h2>Social structures do not change by force; they evolve naturally as human experience shifts. </h2>
<p>The transformation of these structures is not something we can construct externally but something that emerges from within. Gary invites us to consider a radical and profound approach:<b> instead of trying to fix broken systems, we must focus on changing ourselves</b>.</p>
<p><b>The answer lies in creating authentic power—choosing love over fear in every moment.</b> The only way to create lasting change in our world is by aligning our personality with our soul, practicing emotional awareness, and responding consciously rather than reacting unconsciously. </p>
<h2>When we transform our inner world, we contribute to the evolution of our collective reality.</h2>

<h3><b>What You’ll Discover in This Soul Feast:</b></h3>
<ul>
<li><b>(01:14)</b> — How social structures emerge from human experience</li>
<li><b>(04:05)</b> — The role of survival in shaping human evolution</li>
<li><b>(07:24)</b> — Why external power has become toxic in today’s world</li>
<li><b>(11:30)</b> — The shift from survival-based evolution to spiritual growth</li>
<li><b>(19:02)</b> — The only way to change social structures: changing yourself</li>
<li><b>(23:04)</b> — How your daily choices between love and fear shape the world</li>
</ul>

<h3><b>Embrace the Soul Step Challenge: </b>Reflect on the role social structures have played in your life. Have you felt frustration, helplessness, or anger at their limitations? Instead of seeking external solutions, turn inward. Take note of moments when you act from fear—reacting unconsciously out of anger, jealousy, or control. Then, ask yourself: Can I choose love instead? How does this choice affect my experience and the world around me? The path to true transformation begins within.</h3>

<p><strong>Are you ready to live Beyond the Five Senses? Learn how <a href=""http://www.seatofthesoul.com/beyondthefivesensescourse"">HERE</a>.</strong></p>"
Soul Snack #24: Care-giving vs. Care-taking,care-giving-vs-care-taking,"In this Soul Snack, Gary and Linda explore the profound difference between care-giving and care-taking.",https://seatofthesoul.com/wp-content/uploads/2025/02/GaryZukav_Ep24.5_Graphic-01.png,https://seatofthesoul.com/wp-content/uploads/2025/02/GaryZukav_Ep24.5_Graphic-01.png,Gary Zukav,,Soul Snack,"In this Soul Snack, Gary and Linda explore the profound difference between care-giving and care-taking.",https://www.youtube.com/watch?v=KZ3jhZ-d0aE,"<p>In this Soul Snack, Gary and Linda explore the profound difference between care-giving and care-taking. Through a heartfelt exchange with a healthcare worker, Linda gently unpacks the emotional dynamics at play when caring for others. She reveals how <b>care-taking—often driven by a need for approval or validation—can mask unresolved pain within us</b>. </p>
<h2>True care-giving, on the other hand, emerges when we act from love, free of attachment to how others respond.</h2>
<p>Many people who dedicate their lives to helping others may unknowingly use care-taking as a way to avoid their own emotional wounds. <b>When the focus is on pleasing others rather than being present with oneself, inner pain remains unaddressed.</b> Linda guides the conversation toward recognizing how this behavior can disconnect us from our integrity and keep us trapped in unconscious patterns.</p>
<h2>The key to shifting from care-taking to care-giving is self-awareness.</h2>
<p> <b>By exploring the frightened parts of our personality and challenging our fear-based emotions, we can offer love without expectation.</b> This shift allows us to care for others in a way that is both authentic and spiritually aligned.</p>

<h3><b><i>What You’ll Discover in This Soul Snack:</i></b></h3>
<ul>
<li><b>(01:12)</b> – The difference between care-giving and care-taking.</li>
<li><b>(03:45)</b> – How care-taking is often driven by a fear-based need for validation.</li>
<li><b>(07:30)</b> – Why ignoring our own emotions keeps us disconnected from true integrity.</li>
<li><b>(11:05)</b> – How letting go of attachment to others’ reactions fosters genuine love.</li>
<li><b>(15:40)</b> – Steps to shift from unconscious care-taking to conscious care-giving.</li>
</ul>

<h3><b><i>Embrace the Soul Step Challenge: </i></b>Reflect on moments when you found yourself seeking approval through care-taking. Were you hoping for a particular reaction? Pause and ask yourself—what feelings am I avoiding by focusing on others? Journal your thoughts and consider how you can shift toward offering care from a place of love rather than fear.</h3>

<p><b>Are you creating with love or fear in your life? Take this</b> <a href=""https://seatofthesoul.com/cultivating-love-optin/""><b>self-assessment</b></a> <b>today to find out.</b></p>"
Soul Feast #24: What You Can Control,what-you-can-control,"In this Soul Feast, Gary explores a fundamental question: What can you control?",https://seatofthesoul.com/wp-content/uploads/2025/02/GaryZukav_Ep24_Graphic-01.png,https://seatofthesoul.com/wp-content/uploads/2025/02/GaryZukav_Ep24_Graphic-01.png,Gary Zukav,,Soul Feast,"In this Soul Feast, Gary explores a fundamental question: What can you control?",https://www.youtube.com/watch?v=6ghj9Jp-1lk,"<p>In this Soul Feast, Gary explores a fundamental question: <b><i>What can you control?</i></b> Our perception of control is shaped by whether we operate from the old consciousness—rooted in external power, manipulation, and dominance—or from the emerging multisensory consciousness, which embraces spiritual growth and authentic power. </p>
<p>He challenges the traditional notion of control and introduces a transformative approach that aligns with our evolving human experience. Many people believe control comes from external circumstances—status, wealth, or authority—but Gary explains why this outdated perspective leads to suffering. </p>
<h2>True power does not come from changing the world around us but from changing ourselves.</h2>
<p>Through the lens of vertical and horizontal dimensions, he illustrates how <b>our emotions and reactions shape our reality</b>. </p>
<h2>The key to freedom and fulfillment lies in mastering our choices rather than trying to dominate external circumstances.</h2>
<p>The solution is simple yet profound: <b>while we cannot control our emotions, we </b><b><i>can</i></b><b> control how we respond to them.</b> By developing emotional awareness and choosing to act from love instead of fear, we create positive, lasting consequences. </p>
<h2>This conscious choice-making is the foundation of creating authentic power and the path to true joy and fulfillment.</h2>

<h3><b>What You’ll Discover in This Soul Feast:</b></h3>
<ul>
<li><b>(00:41)</b> — The difference between external power and authentic power</li>
<li><b>(02:43)</b> — Why the old model of control is no longer effective</li>
<li><b>(03:47) </b>— The horizontal and vertical dimensions of control</li>
<li><b>(07:04)</b> — Why you can’t control emotions but can control your responses to them</li>
<li><b>(09:23)</b> — How emotional awareness creates space for conscious choices</li>
<li><b>(11:30) </b>— The role of intention in shaping your experiences and reality</li>
</ul>

<h3><b>Embrace the Soul Step Challenge:</b> Take a moment to reflect on how control has played a role in your life. Have you been trying to change external circumstances in order to feel safe? secure? happy? Instead, consider how you can shift your focus inward. Observe your emotions without judgment and practice making conscious choices based on love rather than fear. What happens when you respond with awareness instead of reacting?</h3>

<p><strong>Are you practicing judgment or discernment? Learn more as Gary explains the difference in this illuminating <a href=""https://seatofthesoul.com/judgment/"">video</a>.</strong></p>"
Soul Snack #23: Deeper Than Defensive,deeper-than-defensive,"In this insightful Soul Snack of The Gary Zukav Podcast, Gary and Linda explore the powerful emotional dynamics of defensiveness and how it reveals frightened parts of our personality.",https://seatofthesoul.com/wp-content/uploads/2025/02/GaryZukav_Ep23.5_Graphic-01.png,https://seatofthesoul.com/wp-content/uploads/2025/02/GaryZukav_Ep23.5_Graphic-01.png,Gary Zukav,,Soul Snack,"In this insightful Soul Snack of The Gary Zukav Podcast, Gary and Linda explore the powerful emotional dynamics of defensiveness and how it reveals frightened…",https://www.youtube.com/watch?v=f50kC-QKxSM,"<p>In this insightful Soul Snack of <i>The Gary Zukav Podcast</i>, Gary and Linda explore the powerful emotional dynamics of defensiveness and how it reveals frightened parts of our personality. </p>
<p>Through a real-life exchange at a retreat, Linda helps a participant recognize that defensiveness is a sign of fear, often triggered by the feeling of being misunderstood. This episode delves into how <b>defensiveness keeps us stuck in fear-based patterns and how emotional awareness and conscious choice can help us move beyond its control.</b></p>
<h2>Many people experience defensiveness as a reaction to perceived criticism or confrontation, often without realizing that it stems from deep-seated fears of inadequacy, judgment, or rejection. </h2>
<p>When we operate from these frightened parts, we unknowingly push others away, creating emotional distance rather than connection. However, <b>choosing love over fear allows us to recognize defensiveness as an opportunity for growth rather than a threat.</b></p>
<h2>The key to moving deeper than defensive is developing emotional awareness and making a conscious choice to respond from love rather than fear.</h2>
<p>By acknowledging our triggers and reactions, we can <b>shift from automatic defensiveness to open, conscious engagement, strengthening our relationships and deepening our spiritual growth.</b></p>

<h3><b>What You’ll Discover in This Soul Snack:</b></h3>
<ul>
<li><b>(00:40):</b> How defensiveness reveals frightened parts of our personality.</li>
<li><b>(03:02):</b> Why fear of being misunderstood fuels defensive reactions.</li>
<li><b>(05:15):</b> How awareness of defensiveness leads to conscious choice.</li>
<li><b>(07:30):</b> The role of spiritual partnerships in recognizing and moving beyond fear.</li>
<li><b>(10:00):</b> Practical steps to respond from love rather than fear.</li>
</ul>

<h3><b>Embrace the Soul Step Challenge: </b>Think of a recent moment when you felt defensive in a conversation. What triggered your reaction? Write down how you felt in your body—was there tension, a racing heartbeat, or a sense of urgency to explain yourself? Now, reflect on how you might respond differently if you approached the situation with curiosity and love instead of fear. Journal your insights and observe future moments where you can choose a different response.</h3>

<p><b>Are you practicing judgment or discernment? Learn more as Gary explains the difference in</b><a href=""https://seatofthesoul.com/judgment/""><b> this illuminating video</b></a><b>.</b></p>"
Soul Feast #23: The New Male and The New Female,new-male-and-the-new-female,"In this Soul Feast, Gary introduces two powerful new archetypes emerging with the new consciousness—the new male and the new female.",https://seatofthesoul.com/wp-content/uploads/2025/02/GaryZukav_Ep23_Graphic-01.png,https://seatofthesoul.com/wp-content/uploads/2025/02/GaryZukav_Ep23_Graphic-01.png,Gary Zukav,,Soul Feast,"In this Soul Feast, Gary introduces two powerful new archetypes emerging with the new consciousness—the new male and the new female.",https://www.youtube.com/watch?v=3eG-9WLZYwI,"<p><br>
In this Soul Feast, Gary introduces <b>two powerful new archetypes emerging with the new consciousness—the new male and the new female</b>. He explains how these roles replace the old, five-sensory definitions of masculinity and femininity, which were based on external power, control, and survival. </p>
<h2>The new male and the new female are no longer confined by traditional societal roles but instead embrace emotional awareness, intuition, and spiritual partnership.</h2>
<p><b>The old male was defined by his ability to protect and provide, while the old female found fulfillment in bearing and raising children</b>. These roles fit neatly within the five-sensory pursuit of external power, but they<b> no longer serve us in the new multi-sensory consciousness</b>. </p>
<h2>The new male is emotionally aware, intuitive, and deeply engaged in relationships, while the new female is unrestricted by old limitations and free to pursue meaning in all areas of life.</h2>
<p><b>Together, they seek spiritual partnership—a relationship built on equality and mutual spiritual growth.</b></p>
<p>The key to embracing these new archetypes is <b>choosing roles based on meaning rather than societal expectations</b>. Whether a male chooses to be a stay-at-home father or a female chooses to lead a multinational corporation, the focus is on fulfillment, contribution, and creating authentic power.</p>

<h3><b>What You’ll Discover in This Soul Feast:</b></h3>
<ul>
<li><b>(00:41):</b> What an archetype is and how it shapes human experience.</li>
<li><b>(03:07):</b> How the old male and the old female were defined by external power and societal roles.</li>
<li><b>(06:45):</b> The new male and the new female—freedom from traditional gender expectations.</li>
<li><b>(08:41):</b> How the new consciousness allows for fluidity in roles and relationships.</li>
<li><b>(11:13):</b> Why spiritual partnership is the foundational dynamics between the new male and the new female.</li>
</ul>

<h3><b>Embrace the Soul Step Challenge: </b>Take a moment to reflect on how you see yourself in the roles of male or female. Are your choices shaped by societal expectations or by what brings you true meaning and fulfillment? Write down how you might redefine your role based on love rather than fear, and explore ways to express the qualities of the new male or the new female in your life.</h3>

<p><b>Are you ready to live Beyond the Five Senses? Learn how</b><a href=""http://www.seatofthesoul.com/beyondthefivesensescourse""><b> HERE</b></a>.</p>"
Soul Snack #22: Gary’s First Encounter With Multi-Sensory Perception,garys-first-encounter-with-multi-sensory-perception,"In this fascinating Soul Snack, Gary reflects on his earliest experiences of multi-sensory perception and how they shaped his journey toward authentic power.",https://seatofthesoul.com/wp-content/uploads/2025/02/GaryZukav_Ep22.5_Graphic-01.png,https://seatofthesoul.com/wp-content/uploads/2025/02/GaryZukav_Ep22.5_Graphic-01.png,Gary Zukav,,Soul Snack,"In this fascinating Soul Snack, Gary reflects on his earliest experiences of multi-sensory perception and how they shaped his journey toward authentic power.",https://www.youtube.com/watch?v=5ia-t5a8SoE,"<p>In this fascinating Soul Snack, Gary reflects on his earliest experiences of multi-sensory perception and how they shaped his journey toward authentic power. He shares the <b>pivotal moments that first made him aware that there was more to life than the physical world</b>, including a powerful encounter with his grandmother after her transition from the Earth school, and the profound experience of writing <i>The Dancing Wu Li Masters</i>.</p>
<p>Gary recounts how, for much of his early life, he was controlled by frightened parts of his personality—seeking validation through external power, addiction, and a relentless pursuit of self-satisfaction. However, his introduction to quantum physics and his unexpected passion for writing led him to realize that something greater was at play.</p>
<h2>As he became more aware of non-physical intelligence and synchronicity, he discovered the joy of creating from love rather than fear.</h2>
<p>The key takeaway from this episode is that <b>multi-sensory perception is not something we “achieve”—it is something we awaken to</b>. </p>
<h2>By shifting from self-centered desires to meaningful contributions, we begin to recognize the subtle guidance of the soul, leading us toward deeper fulfillment and authentic power.</h2>

<h3><b>What You’ll Discover in This Soul Snack:</b></h3>
<ul>
<li><b>(00:41):</b> The earliest clues that multi-sensory perception was present in Gary’s life.</li>
<li><b>(03:05):</b> How an encounter with physicists at Lawrence Berkeley Laboratory sparked Gary’s transformation.</li>
<li><b>(05:31):</b> The unexpected creative process behind <i>The Dancing Wu Li Masters</i> and its deeper meaning.</li>
<li><b>(07:56):</b> How aligning with <b>love </b>and challenging<b> fear</b> create authentic power.</li>
<li><b>(10:19):</b> Why multi-sensory perception is about contribution, not personal gain.</li>
</ul>

<h3><b>Embrace the Soul Step Challenge: </b>Reflect on moments in your life when you have felt guided by something beyond the material world. Have you ever experienced deep synchronicity, intuitive knowing, or a profound sense of purpose? Write about these moments in your journal. How might shifting your focus from personal gain to service open you to deeper multi-sensory awareness?</h3>

<p><strong>Are you ready to live Beyond the Five Sense? Learn how <a href=""http://www.seatofthesoul.com/beyondthefivesensescourse"">HERE</a>.</strong></p>"
Soul Feast #22: Saying What is Most Difficult in Spiritual Partnership,saying-what-is-most-difficult-in-spiritual-partnership,"In this Soul Feast of The Gary Zukav Podcast, Gary explores one of the most profound aspects of spiritual partnership—the courage to speak the things we fear will destroy the relationship.",https://seatofthesoul.com/wp-content/uploads/2025/02/GaryZukav_Ep22_Graphic-01.png,https://seatofthesoul.com/wp-content/uploads/2025/02/GaryZukav_Ep22_Graphic-01.png,Gary Zukav,,Soul Feast,"In this Soul Feast of The Gary Zukav Podcast, Gary explores one of the most profound aspects of spiritual partnership—the courage to speak the things we fear…",https://www.youtube.com/watch?v=6Uy9uPu0HQ4,"<p>In this Soul Feast of <i>The Gary Zukav Podcast</i>, Gary explores one of the most profound aspects of spiritual partnership—<b>the courage to speak the things we fear will destroy the relationship</b>. </p>
<p>Unlike traditional relationships, where difficult truths are often avoided to maintain harmony, <b>spiritual partnerships thrive on honest, courageous communication</b>. Sharing these truths with the intention to challenge fear in yourself, or to support your partner to challenge fear in themselves, deepens connection and accelerates spiritual growth.</p>
<p>Gary explains how <b>the frightened parts of our personality—those rooted in fear, jealousy, and insecurity—seek to hide or suppress difficult truths.</b> </p>
<h2>However, true authentic power is created when we confront these fears by speaking openly and honestly with our spiritual partners. </h2>
<p>He shares personal experiences that illustrate how revealing deep fears, past wounds, or even present attractions can strengthen rather than weaken relationships—as long as the intention is to move beyond the control of fear.</p>
<h2>The key to saying what is most difficult in a spiritual partnership is ensuring the intention behind it is rooted in love rather than manipulation or self-interest.</h2>
<p> When both partners commit to honest self-exploration, emotional responsibility, and mutual growth, the partnership becomes a sacred space for transformation and healing.</p>

<h3><b>What You’ll Discover in This Soul Feast:</b></h3>
<ul>
<li><b>(01:59):</b> How spiritual partnerships require saying what we fear will destroy the relationship.</li>
<li><b>(04:18):</b> Why avoiding difficult conversations creates distance and separation.</li>
<li><b>(06:41):</b> The importance of <b>intention</b> behind revealing difficult truths.</li>
<li><b>(09:05):</b> How honesty in spiritual partnership accelerates growth and deepens trust.</li>
<li><b>(15:37):</b> Why spiritual partnership replaces traditional relationship models.</li>
</ul>

<h3><b>Embrace the Soul Step Challenge</b>: Take time to reflect on the most difficult thing you could say to your spiritual partner—something you fear could harm or even end the relationship. Write it down in your journal. Then ask yourself: What is my intention for sharing this? Is it to challenge a frightened part of my personality and move beyond fear? If so, consider having the conversation with love, courage, and emotional awareness.</h3>

<p><strong>Join Gary LIVE every month as he shares his wisdom and answers your questions live. REGISTER <a href=""http://www.seatofthesoul.com/eveningwithgaryzukav"">HERE</a> for <i>An Evening with Gary Zukav</i>.</strong></p>"
Soul Snack #21: How Do I Challenge a Frightened Part of My Personality?,challenge-a-frightened-part-of-my-personality,"In this Soul Snack, Gary explores the process of recognizing and challenging the frightened parts of our personality.",https://seatofthesoul.com/wp-content/uploads/2025/02/GaryZukav_Ep21.5_Graphic-01.png,https://seatofthesoul.com/wp-content/uploads/2025/02/GaryZukav_Ep21.5_Graphic-01.png,Gary Zukav,,Soul Snack,"In this Soul Snack, Gary explores the process of recognizing and challenging the frightened parts of our personality.",https://www.youtube.com/watch?v=D1hGqKL_CVg,"<p>In this Soul Snack, Gary explores the process of recognizing and challenging the frightened parts of our personality. He explains how these parts, rooted in fear, shape our experiences by driving emotions such as anger, jealousy, resentment, and insecurity. </p>

<h2>Through emotional awareness and responsible choice, we can begin the journey of moving beyond their control and stepping into authentic power.</h2>

<p>Many people mistakenly believe they can eliminate fear-based behaviors through wishful thinking or intellectual understanding, but <b>true transformation requires consistent practice.</b> Gary shares personal stories, illustrating how the <b>frightened parts of the personality lose their grip over time when we choose love over fear again and again</b>. He emphasizes that growth is not about erasing fear, but about making conscious choices in the face of it.</p>

<h2>The key to challenging a frightened part of your personality is to observe it without judgment, recognize its physical and emotional impact, and then deliberately choose to act from love instead.</h2>

<p><b>This daily practice of emotional awareness and conscious choice is how we create authentic power and lasting transformation.</b></p>

<h3><b>What You’ll Discover in This Soul Snack:</b></h3>
<ul>
<li><b>(00:41):</b> How fear-based parts of our personality shape our experiences.</li>
<li><b>(02:50):</b> Why choosing love over fear is a process that requires repetition.</li>
<li><b>(05:07):</b> How to recognize the physical and emotional impact of frightened parts.</li>
<li><b>(07:15):</b> The importance of self-awareness and responsible choice in transformation.</li>
<li><b>(10:59): </b>How spiritual partnerships support the process of challenging fear-based behaviors.</li>
</ul>

<h3><b>Embrace the Soul Step Challenge : </b>Take time to observe the frightened parts of your personality throughout the day. When you feel emotions like jealousy, anger, or fear, pause and notice their physical sensations—tightness in the chest, a knot in the stomach, or tension in the throat. Ask yourself: What part of me is feeling this, and how can I choose love instead? Write down your observations and document how conscious choices (from love) impacts your experience.</h3>
<p><b>Are you creating with love or fear in your life? Take this </b><a href=""https://seatofthesoul.com/cultivating-love-optin/""><b>self-assessment</b></a><b> today to find out.</b></p>"
Soul Feast #21: Choosing Roles in Spiritual Partnership,choosing-roles-in-spiritual-partnership,"In this Soul Feast, Gary explores how roles are chosen within a spiritual partnership and how they shape personal and spiritual growth.",https://seatofthesoul.com/wp-content/uploads/2025/02/GaryZukav_Ep21_Graphic-02.png,https://seatofthesoul.com/wp-content/uploads/2025/02/GaryZukav_Ep21_Graphic-02.png,Gary Zukav,,Soul Feast,"In this Soul Feast, Gary explores how roles are chosen within a spiritual partnership and how they shape personal and spiritual growth.",https://www.youtube.com/watch?v=DVtw7bcXNMo,"<p>In this Soul Feast, Gary explores how roles are chosen within a spiritual partnership and how they shape personal and spiritual growth. Unlike traditional relationships, where roles are often assigned by society, culture, or external expectations, <b>spiritual partnerships provide an opportunity to consciously choose roles based on love rather than fear</b>. By doing so, individuals align with their soul’s purpose and create authentic power.</p>
<h2>Many people unknowingly adopt roles based on family conditioning, societal norms, or personal fears, which can limit growth and create unconscious patterns.</h2>
<p>Gary explains that when roles are chosen unconsciously, they imprison us, leading to experiences shaped by fear and external validation. However, <b>when roles are chosen consciously and with intention, they serve as powerful tools for personal transformation.</b> He highlights how gender roles, career choices, and relationship dynamics can all be redefined through spiritual awareness.</p>
<h2>The key to choosing roles in spiritual partnership is recognizing that you are not your role—you are a powerful, loving, and creative soul. </h2>
<p>When roles are consciously selected with the intention of love, they bring freedom, alignment, and deeper fulfillment. <b>This shift allows spiritual partners to support each other in mutual growth while remaining open to continuous evolution.</b></p>

<h3><b>What You’ll Discover in This Soul Feast:</b></h3>
<ul>
<li>(02:51): Why societal and cultural roles often define us unconsciously.</li>
<li>(05:15): How choosing roles with awareness creates freedom rather than limitation.</li>
<li>(07:22): The connection between roles, spiritual partnership, and authentic power.</li>
<li>(09:51): Why traditional roles can limit self-expression and growth.</li>
<li>(14:07): The importance of creating roles based on love rather than fear.</li>
</ul>

<h3><b>Embrace the Soul Step Challenge: </b>Take time to examine the roles you play in your relationships. Are they chosen consciously or inherited from society, family, or fear-based conditioning? Write down how your roles shape your experiences and ask yourself: If I could redefine my role, what would I choose? Consider how consciously choosing your roles could bring more joy, freedom, and alignment with your soul’s purpose. Document your thoughts in your journal.</h3>

<p><b>Are you creating with love or fear in your life? Take this </b><a href=""https://seatofthesoul.com/cultivating-love-optin/""><b>self-assessment</b></a><b> today to find out.</b></p>"
Soul Snack #20: Distinguishing Your Personality from Your Soul,distinguishing-your-personality-from-your-soul,"In this insightful Soul Snack of The Gary Zukav Podcast, Gary explores the distinction between personality and soul, helping listeners understand their true spiritual identity beyond societal roles…",https://seatofthesoul.com/wp-content/uploads/2025/02/GaryZukav_Ep20.5_Graphic-01.png,https://seatofthesoul.com/wp-content/uploads/2025/02/GaryZukav_Ep20.5_Graphic-01.png,Gary Zukav,,Soul Snack,"In this insightful Soul Snack of The Gary Zukav Podcast, Gary explores the distinction between personality and soul, helping listeners understand their true…",https://www.youtube.com/watch?v=zVK0We1dZ74,"<p>In this insightful Soul Snack of <i>The Gary Zukav Podcast</i>, Gary explores the distinction between personality and soul, helping listeners understand their true spiritual identity beyond societal roles and labels. He explains how personal identifiers—such as career, relationships, or cultural affiliations—are aspects of the personality but do not define the soul. </p>
<p>As we shift into multisensory perception, we begin to recognize ourselves as compassionate, loving, powerful, and creative spirits beyond external roles.</p>
<p>Gary highlights how <b>many people struggle with the tension between their five-sensory personality and their soul’s greater purpose.</b> Fear-based parts of the personality often cling to roles and institutions, leading to confusion and defensiveness. However, <b>as we learn to create authentic power, we learn to step back, observe our different personality parts, and recognize that they do not define us.</b> </p>
<p>The soul connection transcends any external identities/roles and reveals our deeper spiritual essence.</p>
<p>The <b>key to this transformation lies in cultivating emotional awareness and aligning with the soul’s intentions.</b> As we shift from fear to love, we step into a life of harmony, cooperation, sharing, and reverence for life, allowing us to fully embrace the journey of authentic power.</p>

<h3><b>What You’ll Discover in This Soul Snack:</b></h3>
<ul>
<li><b>(00:40):</b> Why personal roles and identities are aspects of the personality, not the soul.</li>
<li><b>(02:50):</b> How soul-to-soul connection transcends external labels.</li>
<li><b>(05:07):</b> The process of shifting from personality identification to soul alignment.</li>
<li><b>(07:15):</b> How emotional awareness helps you to distinguish between fear-based and love-based choices.</li>
<li><b>(09:30):</b> Practical ways to align with your soul’s greater purpose.</li>
</ul>

<h3><b>Embrace the Soul Step Challenge: </b>Reflect on the roles and labels you identify with. Ask yourself: Do these define my soul, or are they simply aspects of my personality? Write down any fears or attachments you have related to these roles. How might you shift toward recognizing yourself as a loving, creative, and powerful spirit beyond these external identities? Document your insights in your journal.</h3>

<p><strong>Explore your full potential, so you can give the gifts you were born to give. Enroll in <a href=""http://www.seatofthesoul.com/soulthemescourse"">Soul Themes</a> Today.  Your soul has been waiting for you to take this journey!</strong></p>"
Soul Feast #20: Growing Together in Spiritual Partnership,growing-together-in-spiritual-partnership,"In this Soul Feast Gary explores the deeper dimensions of spiritual partnership, a relationship between equals committed to spiritual growth.",https://seatofthesoul.com/wp-content/uploads/2025/02/GaryZukav_Ep20_Graphic-01.png,https://seatofthesoul.com/wp-content/uploads/2025/02/GaryZukav_Ep20_Graphic-01.png,Gary Zukav,,Soul Feast,"In this Soul Feast Gary explores the deeper dimensions of spiritual partnership, a relationship between equals committed to spiritual growth.",https://www.youtube.com/watch?v=Gsl5Cev3lug,"<p>In this Soul Feast Gary explores the deeper dimensions of <b>spiritual partnership</b>, <b>a relationship between equals committed to spiritual growth</b>. He explains how this new archetype of relationship differs from traditional relationships based on external power, emphasizing the importance of <b>emotional awareness, responsible choice, and mutual support</b> in a spiritual partnership.</p>
<p>Spiritual partnership is not about security in relationships through control or transactional exchanges, as seen in the old consciousness of five-sensory relationships. Instead, it is about <b>helping each other recognize and move beyond fear-based reactions</b> while cultivating love-based choices. </p>
<h2>This journey requires courage, vulnerability, and a willingness to face the frightened parts of our personalities that create power struggles.</h2>
<p>True spiritual partnerships flourish when both individuals remain committed to <b>spiritual growth and authenticity</b>. Unlike conventional relationships, which often seek stability through attachment, spiritual partnerships remain meaningful only as long as growth continues. </p>
<h2>By aligning the personality with the soul’s intentions—harmony, cooperation, sharing, and reverence for life—spiritual partners support each other in moving toward authentic power.</h2>

<h3><b>What You’ll Discover in This Soul Feast:</b></h3>
<ul>
<li><b>(02:26):</b> The key purpose of spiritual partnership: mutual spiritual growth.</li>
<li><b>(04:52):</b> Why being in spiritual partnerships challenges and transforms the frightened parts of our personality.</li>
<li><b>(06:41):</b> How spiritual partnerships thrive when both partners remain committed to growth.</li>
<li><b>(08:55):</b> Understanding the difference between traditional relationships based on fear and relationships between individuals with the new consciousness, based on love.</li>
<li><b>(14:22):</b> Why spiritual partnership requires courage and emotional awareness.</li>
</ul>

<h3><b>Embrace the Soul Step Challenge: </b>Take time to reflect on your relationships. Are they rooted in <b>authentic growth and mutual support</b>, or do they stem from <b>fear-based attachments</b>? Identify individuals in your life who share a deep interest in personal and spiritual growth. Write down their names and consider how you might explore a <b>spiritual partnership</b> with them. How can you support each other in choosing love over fear? Document your reflections in your journal.</h3>

<h3><strong>Learn how to align your personality with your soul and create authentic power in your life. The Authentic Power Guidelines will guide you on this powerful journey. Learn More<a href=""http://www.seatofthesoul.com/authenticpowerguidelinescourse""> Here</a>.</strong></h3>"
Soul Snack #19 Alcoholism and Authentic Power,alcoholism-and-authentic-power,"In this Soul Snack of The Gary Zukav Podcast, Gary explores the intricate relationship between addiction, personal transformation, and authentic power.",https://seatofthesoul.com/wp-content/uploads/2025/02/GaryZukav_Ep19.5_Graphic01-1.png,https://seatofthesoul.com/wp-content/uploads/2025/02/GaryZukav_Ep19.5_Graphic01-1.png,Gary Zukav,,Soul Snack,"In this Soul Snack of The Gary Zukav Podcast, Gary explores the intricate relationship between addiction, personal transformation, and authentic power.",https://www.youtube.com/watch?v=5aJzdxe2DGQ,"<p>In this Soul Snack of <i>The Gary Zukav Podcast</i>, Gary explores the intricate relationship between addiction, personal transformation, and authentic power. Through heartfelt storytelling and deep insights, he reveals that <b>breaking free from alcoholism—or any addiction—is a journey of courage, intention, and self-awareness.</b> Gary emphasizes that while support from others can be helpful, true change must come from within.</p>
<p>Gary delves into the pain that drives addiction, describing it as a reflection of a frightened part of the personality. </p>
<h2>Overcoming addiction requires not only recognizing this pain but also facing it with courage and an unwavering commitment to change.</h2>
<p>Using moving examples, he illustrates how <b>aligning with the soul’s purpose allows us to transform feelings of powerlessness and create authentic power.</b></p>
<h2>The path forward lies in cultivating awareness, using your will, and setting your intention.</h2>
<p>By aligning the personality with the soul, individuals can overcome addiction and step into their authentic selves. <b>The key is understanding that transformation is deeply personal and requires choosing love over fear at every step.</b></p>

<p><b>What You’ll Discover in This Episode:</b></p>
<ul>
<li>(00:41): Why the power to overcome addiction resides entirely within oneself.</li>
<li>(03:03): A moving story of transformation through courage and intention.</li>
<li>(05:04): How awareness and will are critical to self-transformation.</li>
<li>(06:15): The role of pain in addiction and its connection to authentic power.</li>
<li>(07:45): Why aligning with the soul’s purpose is key to lasting change.</li>
</ul>

<h3><b>Embrace the Soul Step Challenge: </b>Reflect on any areas in your life where you feel controlled by fear or addiction. Write down the pain or patterns you notice and ask yourself: What frightened part of my personality is driving these behaviors? How can I align with the loving parts of my personality instead? Document your observations in your journal and commit to one small action toward change.</h3>

<p><strong>For many the persistent need to cover their pain with their addiction is very real. Learn more from Gary Zukav<a href=""https://seatofthesoul.com/addiction/""> Here</a>.</strong></p>"
Soul Feast #19: Spiritual Partnership vs Marriage,spiritual-partnership-vs-marriage,"In this illuminating Soul Feast, Gary explores the profound differences between traditional marriage and the emerging new relationship called spiritual partnership.",https://seatofthesoul.com/wp-content/uploads/2025/02/GaryZukav_Ep19_Graphic01.png,https://seatofthesoul.com/wp-content/uploads/2025/02/GaryZukav_Ep19_Graphic01.png,Gary Zukav,,Soul Feast,"In this illuminating Soul Feast, Gary explores the profound differences between traditional marriage and the emerging new relationship called spiritual…",https://www.youtube.com/watch?v=HKIUgv92p9g,"<p>In this illuminating Soul Feast, Gary explores the profound differences between traditional marriage and the emerging new relationship called spiritual partnership. </p>
<h2>With the new consciousness shift toward multisensory perception, relationships are evolving from transactional arrangements to partnerships between equals for the purpose of mutual spiritual growth.</h2>
<p> <b>Gary introduces spiritual partnership as a new archetype designed for this transformative era, offering a deeper, more meaningful way to connect</b>.</p>
<p>Traditional marriage, Gary explains, stems from the five-sensory consciousness rooted in roles and external power dynamics. These relationships are based on control and ownership, with terms like “husband” and “wife” reflecting outdated constructs. </p>
<p>In contrast, <b>spiritual partnerships are grounded in equality, creating authentic power, and a shared commitment to spiritual growth.</b> </p>
<h2>By shifting focus inward and addressing fear-based dynamics, spiritual partners support their own and each other’s journey toward love and growth.</h2>
<p><b>The key to embracing spiritual partnership lies in creating authentic power by aligning the personality with the soul. </b>This means challenging fear, nurturing love, and choosing conscious actions that foster connection and joy. </p>
<h2>Spiritual partnership is not just a new way to relate; it’s a transformative path for humanity’s evolution.</h2>

<h3><b>What You’ll Discover in This Soul Feast:</b></h3>
<ul>
<li><b>(02:23):</b> How the new consciousness is reshaping all aspects of relationships.</li>
<li><b>(04:28):</b> Why external power dynamics in traditional marriages are becoming obsolete.</li>
<li><b>(06:55):</b> The emergence of spiritual partnership as a new archetype for growth.</li>
<li><b>(09:22):</b> The limitations of traditional relationship roles like “husband” and “wife.”</li>
<li><b>(14:08):</b> How spiritual partners support each other through internal growth.</li>
</ul>

<h3><strong>Embrace the Soul Step Challenge: </strong>Take time to reflect on the relationships in your life. Are they rooted in fear or love? Consider how you can transform these connections into spiritual partnerships by focusing on mutual support and growth. Write in your journal or record your thoughts: What would change in your relationships if you prioritized spiritual growth over control or external expectations?</h3>

<p><strong>Join Gary LIVE every month as shares his wisdom and answers your questions live. </strong></p>
<p><strong>REGISTER <a href=""http://www.seatofthesoul.com/eveningwithgaryzukav"">HERE</a> for An Evening with Gary Zukav.</strong></p>"
Soul Snack #18: Can Talents Learned in Past Lives Carry Over?,can-talents-learned-in-past-lives-carry-over,"In this Soul Snack, Gary explores the fascinating concept of talents and abilities carrying over from other lifetimes.",https://seatofthesoul.com/wp-content/uploads/2025/01/GaryZukav_Ep18.5_Graphic-02.png,https://seatofthesoul.com/wp-content/uploads/2025/01/GaryZukav_Ep18.5_Graphic-02.png,Gary Zukav,,Soul Snack,"In this Soul Snack, Gary explores the fascinating concept of talents and abilities carrying over from other lifetimes.",https://www.youtube.com/watch?v=UQwDjZ9lDWA,"<p>In this Soul Snack, Gary explores the fascinating concept of talents and abilities carrying over from other lifetimes. He shares profound insights into how <b>the experiences and skills developed by other personalities of our soul influence our present lives</b>. Through compelling examples, Gary reveals how these connections illuminate our soul’s journey and support its growth in each incarnation.</p>
<p>Gary discusses how<b> the traits, talents, and even challenges we bring into this life are not random but are intentionally aligned with our soul’s goals for spiritual growth</b>. Whether it’s a child’s unexplainable musical proficiency or an adult’s surprising ability in a completely new field, these attributes stem from the rich tapestry of our soul’s experiences. By recognizing this, <b>we can view our lives and our abilities with greater awe, gratitude, and purpose.</b></p>
<h2>The key lies in understanding that every aspect of our lives, from our physical traits to our cultural circumstances, serves the soul’s learning.</h2>
<p><b>This awareness empowers us to embrace our uniqueness and make conscious choices that contribute to our spiritual evolution</b>.</p>

<p><b>What You’ll Discover in This Soul Snack:</b></p>
<ul>
<li><b>(00:40):</b> How talents can emerge in this life from experiences in other lives.</li>
<li><b>(02:00):</b> The relationship between our soul’s other personalities and our present abilities.</li>
<li><b>(03:10):</b> Why every aspect of our being aligns with our soul’s goals for growth.</li>
<li><b>(05:29):</b> The role of conscious choice in utilizing our inherited talents for spiritual development.</li>
<li><b>(07:00):</b> Viewing life’s circumstances as intentional for the soul’s learning.</li>
</ul>

<h3><b>Embrace the Soul Step Challenge:</b> Take a moment to reflect on your unique talents and abilities. Write down how these strengths might connect to your soul’s journey. What do these gifts tell you about the lessons your soul may be learning in this lifetime? Consider how you can use these talents consciously to grow spiritually and serve others. Document your thoughts and insights in your journal.</h3>

<p><strong>Are you ready to live Beyond the Five Sense? Learn how <a href=""http://www.seatofthesoul.com/beyondthefivesensescourse"">HERE</a>.</strong></p>"
Soul Feast #18: What To Do Before You Speak or Act,what-to-do-before-you-speak-or-act,"In this insightful Soul Feast, Gary discusses the profound impact of intentions on our actions and words.",https://seatofthesoul.com/wp-content/uploads/2025/01/GaryZukav_Ep18_Graphic-01-1.png,https://seatofthesoul.com/wp-content/uploads/2025/01/GaryZukav_Ep18_Graphic-01-1.png,Gary Zukav,,Soul Feast,"In this insightful Soul Feast, Gary discusses the profound impact of intentions on our actions and words.",https://www.youtube.com/watch?v=QGKenKizWWE,"<p>In this insightful Soul Feast, Gary discusses the profound impact of intentions on our actions and words.</p>
<p>He reveals how<b> every action we take is guided by an intention—conscious or unconscious</b>—and how <b>the quality of our intention shapes the consequences we experience</b>. </p>
<p>Gary emphasizes that <b>understanding and aligning with loving intentions is a cornerstone of creating authentic powe</b>r.Delving deeper, Gary explains the duality of love and fear as the foundation of all intentions. </p>
<h2>When we act unconsciously, our intentions stem from fear, resulting in pain and disconnection.</h2>
<p><b>However, by cultivating emotional awareness and consciously choosing intentions of love, we can transform our experiences and relationships.</b> He illustrates this with relatable examples, showing how intentions—not just actions—are the true creators of our life’s outcomes.</p>
<h2>The solution lies in becoming aware of your intentions before speaking or acting.</h2>
<p>By consistently choosing love over fear, <b>you can align with your soul’s intentions</b>, creating a life filled with joy, connection, meaning and fulfillment.</p>

<h3><strong>What You’ll Discover in This Soul Feast:</strong></h3>
<ul>
<li><b>(00:41):</b> Why every action and word has an intention behind it.</li>
<li><b>(02:52):</b> The importance of identifying unconscious intentions rooted in fear.</li>
<li><b>(05:13):</b> How intentions of love transform your words, actions, and outcomes.</li>
<li><b>(07:21):</b> The duality of love and fear as the foundation of all intentions.</li>
<li><b>(13:03):</b> Practical steps to align your intentions with your soul’s purpose.</li>
</ul>

<h3><strong>Embrace the Soul Step Challenge:</strong> Reflect on your intentions throughout the day. Use a journal or voice recorder to note the intentions behind your actions and words, noting whether they stem from love or fear. At the end of the day, review your notes to observe patterns and areas for growth. Commit to making intentional choices rooted in love to create more joyful and fulfilling experiences.</h3>

<p><strong>Join the Seat of the Soul monthly <a href=""https://seatofthesoul.com/soul-connections-newsletter/"">newsletter</a> and receive weekly, wisdom filled, insights from Gary.</strong></p>"
Soul Snack #17: How to Grow Spiritually When Depressed,how-to-grow-spiritually-when-depressed,"﻿ In today’s Soul Snack, Gary explores the profound challenges and opportunities depression offers on the spiritual journey.",https://seatofthesoul.com/wp-content/uploads/2025/01/GaryZukav_Ep17.5_Graphic-01.png,https://seatofthesoul.com/wp-content/uploads/2025/01/GaryZukav_Ep17.5_Graphic-01.png,Gary Zukav,,Soul Snack,"﻿ In today’s Soul Snack, Gary explores the profound challenges and opportunities depression offers on the spiritual journey.",https://www.youtube.com/watch?v=ysNncOaMKW4,"<p>In today’s Soul Snack, Gary explores the <b>profound challenges and opportunities depression offers on the spiritual journey</b>. Drawing on his own experiences and insights, Gary reframes depression not just as an overwhelming state of fear but as a chance to develop emotional awareness and authentic power. Through tangible steps, he guides listeners to look beyond the pain and find a path forward rooted in love and connection.</p>
<h2>Gary explains that depression is an expression of a frightened part of the personality that arises from fear, powerlessness, and lack.</h2>
<p>These feelings manifest as physical sensations in the body, and identifying them is the first step toward healing. </p>
<h2>Depression can feel like an endless cycle of despair, but Gary encourages listeners to meet these feelings with emotional awareness, courage, and the transformative power of giving to others.</h2>
<p><b>The solution lies in shifting attention from self-focused pain to loving actions. </b>By committing to small, meaningful gestures—like offering a smile or helping someone else—listeners can break the grip of depression and rediscover the joy of connection and purpose. The key is acting from the loving parts of the personality, even in the smallest ways.<br>
 </p>

<h3><b>What You’ll Discover in This Soul Snack:</b></h3>
<ul>
<li><b>(00:41):</b> Why depression is a reflection of fear and powerlessness.</li>
<li><b>(03:06):</b> How emotional awareness helps identify the physical roots of depression.</li>
<li><b>(05:29):</b> The transformative power of giving and connecting with others.</li>
<li><b>(07:53):</b> Gary’s personal journey from depression to purpose through sharing.</li>
<li><b>(10:09):</b> Why love and action are the keys to moving beyond depression.</li>
</ul>

<h3><b>Embrace the Soul Step Challenge: </b>Take time to sit with your emotions and notice where they manifest physically in your body. Write down your observations and explore what part of your personality these sensations come from. Then, challenge yourself to shift from fear to love by taking one small action for someone else. How does this affect your emotions and perspective? Document your experiences in your journal.</h3>
<p> <br>
<strong>Join Gary LIVE every month as shares his wisdom and answers your questions live. REGISTER <a href=""http://www.seatofthesoul.com/eveningwithgaryzukav"">HERE</a> for An Evening with Gary Zukav.</strong></p>"
SOUL FEAST # 17: The Underlying Gift of Addiction,the-underlying-gift-of-addiction,"In this Soul Feast, Gary delves into the profound and often misunderstood topic of addiction.",https://seatofthesoul.com/wp-content/uploads/2025/01/GaryZukav_Ep17_Graphic-02.png,https://seatofthesoul.com/wp-content/uploads/2025/01/GaryZukav_Ep17_Graphic-02.png,Gary Zukav,,Soul Feast,"In this Soul Feast, Gary delves into the profound and often misunderstood topic of addiction.",https://www.youtube.com/watch?v=sHdBfF6qR_o,"<p>In this Soul Feast, Gary delves into the profound and often misunderstood topic of addiction. He reframes addiction as more than a destructive force, illuminating its deeper spiritual significance. Drawing from his personal experiences and insights, Gary reveals how <b>addiction stems from the most frightened parts of our personality and offers a unique opportunity for spiritual growth</b>. </p>
<h2>By feeling and moving beyond the control of addiction, we unlock the potential for joy, love, and create authentic power.</h2>
<p>Gary explains that addiction is not merely a habit or compulsion but a manifestation of unresolved pain and powerlessness. These strong, frightened parts of our personalities often dominate our lives, leading us to seek external fixes for internal wounds. </p>
<p>However, this Soul Feast uncovers the <b>spiritual opportunity hidden within addiction: the ability to fully experience and move beyond its control, creating authentic power in the process.</b></p>
<p>At its core, the solution lies in awareness and choice. <b>Through emotional awareness and responsible choice, we can begin the journey of healing an addiction and more</b>. </p>
<p>The process is not easy, but it is transformative, offering the chance to replace fear with love and reclaim control of our lives.<br>
 </p>

<h3><b>What You’ll Discover in This Soul Feast:</b></h3>
<ul>
<li><b>(00:20):</b> How addiction reflects the strongest frightened parts of your personality.</li>
<li><b>(03:59):</b> The anchor analogy: Why addictions keep us stuck and how to cut the chain.</li>
<li><b>(08:05):</b> Shifting from external power to authentic power through introspection.</li>
<li><b>(12:39):</b> Understanding the spiritual opportunity and choice within addiction.</li>
<li><b>(20:10):</b> Moving through the pain of addiction to the other side of freedom.</li>
<li><b>(23:18):</b> Why the Earth school is designed for souls ready to heal and grow.</li>
</ul>

<p><b>Embrace the Soul Step Challenge: </b>Take a moment to reflect on the strongest, most frightened parts of your personality. Write down the aspects of your life where you feel controlled by addiction or unresolved pain. Ask yourself: What would change if I faced this fear with courage and integrity? How can I move from fear to love in these areas? Use your journal to document your discoveries and insights.</p>

<p><strong>For many the persistent need to cover their pain with their addiction is very real. Learn more from Gary Zukav <a href=""https://seatofthesoul.com/addiction/"">Here.</a></strong></p>"
Soul Snack #16: Experiences of Multisensory Perception,experiences-of-multisensory-perception,"Today, Gary, in conversation with Linda, explores the profound transformation of human consciousness and the concept of multi-sensory perception.",https://seatofthesoul.com/wp-content/uploads/2025/01/GaryZukav_16.5_Graphic-02.png,https://seatofthesoul.com/wp-content/uploads/2025/01/GaryZukav_16.5_Graphic-02.png,Gary Zukav,,Soul Snack,"Today, Gary, in conversation with Linda, explores the profound transformation of human consciousness and the concept of multi-sensory perception.",https://www.youtube.com/watch?v=Cf0btEQk_iI,"<h2>Today, Gary, in conversation with Linda, explores the profound transformation of human consciousness and the concept of multi-sensory perception.</h2>
<p>They share personal stories that illustrate the <b>power of intuition and connection, emphasizing the importance of recognizing and embracing these experience</b>s in our lives and culminating in a reflection on the unique connection with a child named Sarah Rose, <b>highlighting the lessons learned about awareness and perception beyond the five senses.</b></p>

<p><b>What You’ll Discover in This Soul Snack:</b></p>
<ul>
<li><b>(00:41):</b> How intuition often reveals deeper truths about ourselves and others</li>
<li><b>(03:08): </b>How Linda experienced multisensory perception when meeting Gary</li>
<li><b>(04:52): </b>The story of Sarah Rose illustrates the power of connection beyond senses</li>
<li><b>(08:01): </b>Experiencing awareness beyond the Earth School</li>
</ul>

<p><b>Embrace the Soul Step Challenge:</b> Reflect on a time when you experienced multisensory perception (perhaps a hunch or synchronicity). Journal about these experiences and open yourself to receiving more from your intuition. </p>

<p><strong>Are you ready to live Beyond the Five Senses? <a href=""http://www.seatofthesoul.com/beyondthefivesensescourse"">Learn How Here.</a></strong></p>"
Soul Feast #16: How to Trust the Universe,how-to-trust-the-universe,"In today’s Soul Feast, Gary explores the concept of trust from a new consciousness perspective, emphasizing the importance of inner awareness and the connection between our inner and outer worlds.",https://seatofthesoul.com/wp-content/uploads/2025/01/GaryZukav_16_Graphic-01.png,https://seatofthesoul.com/wp-content/uploads/2025/01/GaryZukav_16_Graphic-01.png,Gary Zukav,,Soul Feast,"In today’s Soul Feast, Gary explores the concept of trust from a new consciousness perspective, emphasizing the importance of inner awareness and the…",https://www.youtube.com/watch?v=ctxlqYlgGUs,"<p>In today’s Soul Feast, Gary explores the concept of trust from a new consciousness perspective, emphasizing the importance of inner awareness and the connection between our inner and outer worlds. He discusses how quantum physics relates to our understanding of reality and decision-making, <b>highlighting the role of meaning and love in creating authentic power.</b> </p>
<h2>Gary encourages listeners to experiment with their choices and to recognize the evolving nature of their consciousness.</h2>
<p>Gary also shares how you create<b> your path through your choices and reflecting on meaningful choices can guide future decisions</b>. </p>
<p>Trusting your feelings leads to meaningful experiences.</p>

<p><b>What You’ll Discover in This Soul Feast:</b></p>
<ul>
<li><b>(04:38) </b>The Connection Between Inner and Outer Worlds</li>
<li><b>(12:08) </b>How Quantum Physics relates to the Nature of Reality</li>
<li><b>(19:24) </b>How reflecting on meaningful choices can guide future decisions</li>
<li><b>(27:20) </b>Evolving Through Love and Authentic Power</li>
</ul>

<p><b>Embrace the Soul Step Challenge:</b> Looking back on your life, write down the things that gave you the most meaning, and you knew it at the time you were choosing, that led you to richness and fullness. Also write about the times in your past when you have chosen something that wasn’t as meaningful as you knew you were worthy of, and what that produced in your life. Experiment with choosing meaningfully how you will interact the next time you speak with someone, and how you will choose the next time you make a choice. Allow yourself to feel the beauty and the power of what you are beginning to explore.</p>

<p>Explore your full potential, so you can give the gifts you were born to give. <a href=""http://ww.seatofthesoul.com/soulthemescourse"">Enroll in Soul Themes Today</a>. Your soul has been waiting for you to take this journey!</p>"
Soul Snack #15: Being Present When Interacting,being-present-when-interacting,"In today’s Soul Snack, Gary Zukav explores the third compassion guideline: Be present while others are speaking.",https://seatofthesoul.com/wp-content/uploads/2025/01/Gary-Zukav-Graphic-01-11.jpg,https://seatofthesoul.com/wp-content/uploads/2025/01/Gary-Zukav-Graphic-01-11.jpg,Gary Zukav,,Soul Snack,"In today’s Soul Snack, Gary Zukav explores the third compassion guideline: Be present while others are speaking.",https://www.youtube.com/watch?v=X8LJtRoseqg,"<p>In today’s Soul Snack, Gary Zukav explores the third compassion guideline: Be present while others are speaking. While it may seem like a simple courtesy, Gary explains that this act of presence is a profound way to cultivate connection and compassion.</p>
<h2>When we are truly present, we offer the most valuable gift of all: ourselves.</h2>
<p>This requires silencing the inner chatter, letting go of judgment, and opening both our hearts and minds to the person we’re with. Gary reminds us that <b>failing to be present stems from frightened parts of our personality, while choosing connection is an act of authentic power</b> that can transform our relationships.</p>
<p>Through thoughtful examples, including wisdom from Gary’s Sioux uncle and Carl Jung, this Soul Snack invites you to <b>reimagine every interaction as an opportunity to see the soul in another person and to deepen your own humanity.</b></p>

<p><b>What You’ll Discover in This Soul Snack:</b></p>
<ul>
<li><b>(00:41):</b> What it means to be truly present for someone.</li>
<li><b>(01:32): </b>How presence is tied to compassion and authentic power.</li>
<li><b>(02:45): </b>Why presence is the most valuable gift you can give.</li>
<li><b>(04:10): </b>Insights from Carl Jung on the importance of listening.</li>
<li><b>(05:08): </b>Viewing others as powerful, compassionate souls.</li>
</ul>

<p><b>Embrace the Soul Step Challenge:</b> Next time you’re speaking with someone, commit to being fully present. Resist the urge to prepare your response, judge their words, or drift into your to-do list, etc. Instead, open your heart and mind to truly connect with them as a fellow soul in the Earth school. Reflect on how this changes your interactions and deepens your connections.</p>

<p><strong>Are you practicing judgment or discernment? Learn more as Gary explains the difference in this illuminating <a href=""https://seatofthesoul.com/judgment/"">video</a>.</strong></p>"
Soul Feast #15: Why Choose Forgiveness?,why-choose-forgiveness,"In today’s Soul Feast, Gary Zukav explores the transformative power of forgiveness.",https://seatofthesoul.com/wp-content/uploads/2025/01/Gary-Zukav-Graphic-01-10.jpg,https://seatofthesoul.com/wp-content/uploads/2025/01/Gary-Zukav-Graphic-01-10.jpg,Gary Zukav,,Soul Feast,"In today’s Soul Feast, Gary Zukav explores the transformative power of forgiveness.",https://www.youtube.com/watch?v=-dCub-M_uKE,"<p>In today’s Soul Feast, Gary Zukav explores the <b>transformative power of forgiveness</b>. Often misunderstood as something you do for others, Gary reveals that forgiveness is actually about freeing yourself from the emotional weight of resentment, anger, and judgment. </p>
<h2>It’s not about condoning someone’s actions but about lightening your own load and seeing the world with clarity and love.</h2>
<p>Gary shares practical insights on how<b> forgiveness aligns with the new consciousness</b>, the creation of authentic power, and the development of a more meaningful, joyful life. </p>
<p>With thoughtful analogies – like carrying a backpack full of rocks or wearing distorted sunglasses – Gary illustrates how holding onto resentment distorts your perception and keeps you stuck.</p>
<h2>Ultimately, forgiveness is a choice rooted in love. By embracing it, you create profound shifts in your personal growth, spiritual development, and relationships.</h2>

<p><b>What You’ll Discover in This Soul Feast:</b></p>
<ul>
<li><b>(00:46): </b>Forgiveness as an energy dynamic, not a moral obligation.</li>
<li><b>(02:15): </b>How holding on to resentment distorts your view of life.</li>
<li><b>(05:31): </b>The connection between forgiveness, authentic power, and the new consciousness.</li>
<li><b>(13:31): </b>The role of karma and how your choices shape your experiences.</li>
<li><b>(19:31): </b>Why choosing forgiveness lightens your load and changes your life.</li>
</ul>

<p><b>Embrace the Soul Step Challenge:</b> Reflect on moments where you’ve struggled to forgive others – or yourself. Write down these instances and consider how they’ve impacted your emotional and spiritual well-being. Ask yourself: What would change if I chose love over fear in these situations?</p>

<p><strong>Join Gary LIVE every month as he shares his wisdom and answers your questions live.</strong> <strong><a href=""http://www.seatofthesoul.com/eveningwithgaryzukav"">REGISTER HERE</a> for An Evening with Gary Zukav.</strong></p>"
Soul Snack #14: Freeing Yourself of Painful Emotional Sensations,freeing-yourself-of-painful-emotional-sensations,"In today’s Soul Snack, Gary Zukav addresses a powerful listener question about self-judgment and strong emotions.",https://seatofthesoul.com/wp-content/uploads/2024/12/Gary-Zukav-Graphic-02-2.jpg,https://seatofthesoul.com/wp-content/uploads/2024/12/Gary-Zukav-Graphic-02-2.jpg,Gary Zukav,,Soul Snack,"In today’s Soul Snack, Gary Zukav addresses a powerful listener question about self-judgment and strong emotions.",https://www.youtube.com/watch?v=xVPVtH268Rw,"<p>In today’s Soul Snack, Gary Zukav addresses a powerful listener question about self-judgment and strong emotions. </p>
<h2>Are you struggling with anger, jealousy, or other intense feelings?</h2>
<p> Gary shares why <b>emotions – both painful and joyful – are messengers from your soul and vital tools for your spiritual growth.</b></p>
<h2>You can’t control the emotions that arise, but you can choose how you respond to them.</h2>
<p><b>By acting consciously and choosing love over fear, you create authentic power and align your personality with your soul.</b></p>
<p>This Soul Snack reminds us that the path to spiritual transformation lies in the choices we make – especially when life feels painful.</p>

<p><b>What You’ll Discover in This Soul Snack: </b></p>
<ul>
<li><b>(00:41):</b> Understanding emotions as messengers from your soul.</li>
<li><b>(01:30):</b> Why judging yourself for strong feelings holds you back.</li>
<li><b>(02:15):</b> The power of choice: react or respond to your emotions.</li>
<li><b>(02:59):</b> How to create authentic power through conscious action.</li>
<li><b>(04:05):</b> A soul experiment: embracing your pain and choosing love.</li>
</ul>

<p><b>Embrace the Soul Step Challenge:</b> When a painful emotion arises, pause. Feel the physical sensations fully – whether it’s anger, jealousy, or resentment – and consciously choose <i>not</i> to react from fear. Instead, act from a loving part of your personality, such as patience or gratitude. This is where true growth begins.</p>

<p>Your emotions are messages from your soul. <b>Learn How to Tune In and Listen </b><a href=""http://www.seatofthesoul.com/emotionalawarenesscourse""><b>Here.</b></a></p>"
Soul Feast #14: What is Love?,what-is-love,"In today’s Soul Feast, Gary Zukav unpacks one of life’s greatest questions: What is Love?",https://seatofthesoul.com/wp-content/uploads/2024/12/Gary-Zukav-Graphic-01-9.jpg,https://seatofthesoul.com/wp-content/uploads/2024/12/Gary-Zukav-Graphic-01-9.jpg,Gary Zukav,,Soul Feast,"In today’s Soul Feast, Gary Zukav unpacks one of life’s greatest questions: What is Love?",https://www.youtube.com/watch?v=bA4sUOvEuEU,"<p>In today’s Soul Feast, Gary Zukav unpacks one of life’s greatest questions: <i>What is Love?</i> </p>
<p>Love is often misunderstood, confused with attachment, fear, or fleeting emotions. </p>
<p>T<b>rue Love is the essence of who we are.</b></p>
<h2>Through the lens of the new consciousness, Gary explains how fear distorts our vision of life and keeps us disconnected from joy, meaning, and authentic power.</h2>
<p>He explores how <b>creating authentic power – aligning your personality with your soul – helps you move beyond fear and cultivate the loving parts of your personality.</b></p>
<p>Using practical wisdom and simple analogies like a fish in water and flowers tracking the sun, Gary reveals that Love isn’t something you chase – it’s something you <i>are</i>.</p>
<h2>When you choose Love over fear, you unlock clarity, joy, and purpose.</h2>

<p><b>What You’ll Discover in This Soul Feast:</b></p>
<ul>
<li><b>(02:10):</b> Why Love is everywhere – like water to a fish – but so hard to describe.</li>
<li><b>(04:21):</b> The fundamental duality of life: Love and fear, and how it shapes your choices.</li>
<li><b>(09:20):</b> How creating authentic power helps you align with Love and move beyond fear.</li>
<li><b>(11:51):</b> Gary’s moments of awe: when the experiencer and the experience become one.</li>
<li><b>(22:15):</b> A soul step challenge: follow what gives you joy and meaning to track Love.</li>
</ul>

<p><b>Embrace the Soul Step Challenge:</b> This week, take a moment to reflect on what truly gives you a sense of joy and meaning. Like a flower that naturally turns toward the sun, track those experiences in your life that bring light, fulfillment, and purpose. Write them down in your journal and notice how often fear tries to obscure your path. Each time you choose joy and meaning over fear, you move closer to the Love that you are.</p>

<p>Your emotions are messages from your soul.  Learn How to Tune In and Listen <a href=""http://www.seatofthesoul.com/emotionalawarenesscourse"">HERE</a>.</p>"
Soul Snack #13: Letting Go of Anger and Resentment,letting-go-of-anger-and-resentment,"In today’s Soul Snack, Gary Zukav introduces his beloved, late, spiritual partner Linda Francis, who shares a deeply reflective and practical guide to releasing anger and resentment.",https://seatofthesoul.com/wp-content/uploads/2025/01/Gary-Zukav-Graphic-01-8.jpg,https://seatofthesoul.com/wp-content/uploads/2025/01/Gary-Zukav-Graphic-01-8.jpg,Gary Zukav,,Soul Snack,"In today’s Soul Snack, Gary Zukav introduces his beloved, late, spiritual partner Linda Francis, who shares a deeply reflective and practical guide to…",https://www.youtube.com/watch?v=N5qIkiyiDFU,"<p>In today’s Soul Snack, Gary Zukav introduces his beloved, late, spiritual partner Linda Francis, who shares a deeply reflective and practical guide to releasing anger and resentment. This soul snack explores how these powerful emotions can be understood and transformed. </p>
<h2>Letting go of anger isn’t about suppressing it, but recognizing its presence, feeling it fully, and consciously choosing not to act on it.</h2>
<p>Linda discusses the ways in which <b>the universe offers opportunities to challenge and disempower these painful parts of your personality.</b></p>
<h2>Through emotional awareness and intentional action, you can cultivate the loving parts of your personality and create a life filled with constructive and meaningful experiences.</h2>
<p><b>What You’ll Discover in This Soul Snack:</b></p>
<ul>
<li><b>(00:41):</b> The importance of commitment in letting go of anger and resentment.</li>
<li><b>(03:04):</b> Why emotional pain is an opportunity for spiritual growth.</li>
<li><b>(05:26):</b> How to consciously choose not to act on anger and resentment in the moment.</li>
<li><b>(06:15):</b> The transformative power of feeding the loving parts of your personality.</li>
</ul>
<p><b>Embrace the Soul Step Challenge:</b> The next time anger or resentment arises within you, pause and notice where you feel it in your body. Identify the thoughts that accompany it. Instead of acting on these feelings and thoughts, use your will to observe them with compassion and simply allow them to be. Write about this experience in your soul journal and reflect on the power of your choice to not act from fear.</p>
<p>Join Gary LIVE every month as he shares wisdom and answers your questions live. <a href=""http://www.seatofthesoul.com/eveningwithgaryzukav""><b>REGISTER HERE for An Evening with Gary Zukav.</b></a></p>"
Soul Feast #13: Use Clarity and Choose Love!,use-clarity-and-choose-love,"In today’s Soul feast, Gary Zukav explores the true meaning of clarity and how it can transform the way you experience life.",https://seatofthesoul.com/wp-content/uploads/2024/12/Gary-Zukav-Graphic-02-Show-Note.jpg,https://seatofthesoul.com/wp-content/uploads/2024/12/Gary-Zukav-Graphic-02-Show-Note.jpg,Gary Zukav,,Soul Feast,"In today’s Soul feast, Gary Zukav explores the true meaning of clarity and how it can transform the way you experience life.",https://www.youtube.com/watch?v=QqTShTWny1k,"<p>In today’s Soul feast, Gary Zukav explores the <b>true meaning of clarity</b> and how it can transform the way you experience life. </p>
<h2>Clarity isn’t simply about clearing distractions – it’s about breaking free from fear and embracing love.</h2>
<p> Using relatable analogies, personal stories, and practical insights, Gary shares how<b> creating authentic power enables you to see life as it truly is.</b></p>
<h2>Clarity, as Gary explains, is the state of viewing life without the distortions of judgment, pain, or fear.</h2>
<p>Instead, it’s about <b>seeing through the lens of love, gratitude, and understanding</b>. This soul feast will encourage you to use emotional awareness, align with your soul’s intentions, make loving choices, and recognize the gifts you were born to give.</p>
<p>Tune in to discover how you can clear the fear from your vision, embrace love, and start seeing life as it truly is.</p>

<p><b>What You’ll Discover in This Soul Feast:</b></p>
<ul>
<li><b>(00:08):</b> What clarity truly means and how fear obscures it in your life.</li>
<li><b>(05:10):</b> Why the opposite of fear is love, and how clarity emerges when you align with love.</li>
<li><b>(09:59):</b> How emotional awareness helps you recognize fear-based reactions and choose to transform them.</li>
<li><b>(12:08):</b> The importance of creating authentic power to see life clearly and give the gifts you were born to give.</li>
<li><b>(17:58):</b> How clarity opens the door to personal fulfillment, joy, and spiritual growth.</li>
</ul>

<p><b>Embrace the Soul Step Challenge:</b> Reflect on a moment in your life when you felt complete clarity – free from fear, judgment, doubt or emotional pain. Write about this experience in your soul journal. What allowed you to see clearly? How can you cultivate that clarity in your daily life? Next time you experience fear or judgment, consciously shift your attention to a memory of love and use it as your foundation for clarity.</p>

<p>Are you creating with love or fear in your life? <a href=""https://seatofthesoul.com/cultivating-love-optin/""><b>Take this self-assessment today to find out.</b></a></p>"
Soul Snack #12: Developing Compassion: The Heart of Authentic Power,developing-compassion-the-heart-of-authentic-power,"In today’s Soul Snack, Gary Zukav explores the relationship between compassion and authentic power.",https://seatofthesoul.com/wp-content/uploads/2024/12/Gary-Zukav-Graphic-01-7.jpg,https://seatofthesoul.com/wp-content/uploads/2024/12/Gary-Zukav-Graphic-01-7.jpg,Gary Zukav,,Soul Snack,"In today’s Soul Snack, Gary Zukav explores the relationship between compassion and authentic power.",https://www.youtube.com/watch?v=EGFqf7R_FvE,"<p>In today’s Soul Snack, Gary Zukav explores the <b>relationship between compassion and authentic power. </b></p>
<h2>Compassion, as Gary explains, is not a surface-level feeling but a deeply transformative state that arises naturally as we align our personality with our soul.</h2>
<p>Through vivid insights, Gary breaks down how we can identify and challenge the frightened parts of our personality – those driven by fear, anger, or jealousy – and instead act from our loving parts, which bring joy, gratitude, and connection. </p>
<h2>This process not only helps us grow spiritually but also deepens our understanding of the pain others experience, fostering genuine compassion for ourselves and those around us.</h2>
<p><b>What You’ll Discover in This Soul Snack:</b></p>
<ul>
<li><b>(00:02):</b> Why compassion is more than a feeling – it’s being moved by acts of the heart.</li>
<li><b>(02:15):</b> How frightened parts of your personality mask deeper pains of powerlessness.</li>
<li><b>(05:10):</b> The role of emotional awareness in distinguishing between fear and love.</li>
<li><b>(07:30):</b> Why creating authentic power naturally leads to compassion for yourself and others.</li>
<li><b>(08:49):</b> How compassion allows you to see the shared struggles of all souls.</li>
</ul>

<p><b>Embrace the Soul Step Challenge: </b>This week, take time to reflect on a moment when a frightened part of your personality was active. What emotions and physical sensations did you experience? Write about this in your soul journal, and challenge yourself to act from a loving part of your personality in a similar situation. Notice how this shift deepens your compassion for yourself and others.</p>

<p><strong>Explore your full potential, so you can give the gifts you were born to give.</strong> Your soul has been waiting for you to take this journey! <strong>Learn More </strong><strong><a href=""http://www.seatofthesoul.com/soulthemescourse"">Here</a>.</strong></p>"
Soul Feast #12: Why Humbleness Is the Superpower of Everyday Heroes,why-humbleness-is-the-superpower-of-everyday-heroes,"In today’s Soul Feast, Gary Zukav takes listeners on a journey into the essence of humbleness, a vital quality for creating authentic power.",https://seatofthesoul.com/wp-content/uploads/2024/12/Gary-Zukav-Graphic-01-6.jpg,https://seatofthesoul.com/wp-content/uploads/2024/12/Gary-Zukav-Graphic-01-6.jpg,Gary Zukav,,Soul Feast,"In today’s Soul Feast, Gary Zukav takes listeners on a journey into the essence of humbleness, a vital quality for creating authentic power.",https://www.youtube.com/watch?v=-HFwU7tuVYk,"<p>In today’s Soul Feast, Gary Zukav takes listeners on a journey into the essence of humbleness, a vital quality for creating authentic power. </p>
<h2>Humbleness, as Gary explains, is not about diminishing yourself or pretending to be less than others. </h2>
<p>Instead, it is the <b>profound understanding that every soul’s journey is equally as complex, meaningful, and challenging as your own.</b> It is the ability to see the perfection in the Earth school and to recognize every experience – whether painful or joyful – as a gift for growth and spiritual development.</p>
<h2>Gary reveals how humbleness naturally emerges as you align your personality with your soul and embrace your soul’s intentions: harmony, cooperation, sharing, and reverence for life.</h2>
<p><b>By practicing humbleness, you deepen your emotional awareness, make more meaningful choices, and connect with the unique gifts you were born to give. </b></p>
<p>This Soul Feast is an invitation to see the world and yourself in a new, transformative way.</p>

<p><b>What You’ll Discover in This Soul Feast:</b></p>
<ul>
<li><b>(00:37):</b> The intentions of the soul – harmony, cooperation, sharing, and reverence for life – and their connection to authentic power.</li>
<li><b>(04:35):</b> The distinction between humbleness and humility and why humbleness is essential for spiritual growth.</li>
<li><b>(09:14):</b> How emotional awareness allows you to make choices aligned with your soul and avoid fear-driven behaviors.</li>
<li><b>(12:26):</b> The power of recognizing every life experience as a gift for growth and spiritual development.</li>
<li><b>(18:40):</b> The unique gifts each soul brings to the world and how honoring them creates meaning and humbleness.</li>
</ul>

<p><b>Embrace the Soul Step Challenge:</b> Reflect on a moment when you felt true humbleness – when you realized the complexity and beauty of someone else’s journey. Write this experience in your soul journal. Then, during your next interaction with someone, consciously view them not as their external “earth suit” but as a soul like you. Pay attention to what you sense about their emotions and intentions, and notice how this awareness deepens your own humbleness.</p>

<p>Are you practicing judgment or discernment? <strong>Learn more as Gary explains the difference in this illuminating </strong><strong><a href=""https://seatofthesoul.com/judgment/"">video</a>.</strong></p>"
Soul Snack #11: Responding to Anger with Love,responding-to-anger-with-love,"In today’s Soul Snack, Gary Zukav explores the profound spiritual opportunities embedded in challenging family relationships.",https://seatofthesoul.com/wp-content/uploads/2024/12/Gary-Zukav-Graphic-01-5.jpg,https://seatofthesoul.com/wp-content/uploads/2024/12/Gary-Zukav-Graphic-01-5.jpg,Gary Zukav,,Soul Snack,"In today’s Soul Snack, Gary Zukav explores the profound spiritual opportunities embedded in challenging family relationships.",https://www.youtube.com/watch?v=4c1X05hhhok,"<p>In today’s Soul Snack, Gary Zukav explores the profound spiritual opportunities embedded in challenging family relationships. Focusing on the dynamic between a listener and their emotionally charged relationship with a parent, Gary offers a new perspective on how these interactions provide fertile ground for creating authentic power.</p>
<h2>By shifting our awareness to the emotions and physical sensations within us, we can begin to transform fear-based reactions into intentional, love-based responses.</h2>
<p>This Soul Snack <b>provides actionable steps for navigating difficult relationships while fostering personal growth and spiritual evolution</b>.</p>
<p>If you’re struggling with challenging family dynamics, this Soul Snack is a must-listen for learning how to approach these situations with compassion, intention, and gratitude.</p>

<p><b>What You’ll Discover in This Soul Snack:</b></p>
<ul>
<li>(00:41): Why parent-child relationships are among the most spiritually enriching—and challenging—experiences in the Earth school.</li>
<li>(01:54): How to view difficult family interactions as soul-level agreements for mutual spiritual development.</li>
<li>(04:02): The transformative power of intention and why it determines the consequences of every action.</li>
<li>(05:00): The difference between reacting and responding, and how choosing love leads to freedom from fear.</li>
<li>(06:56): Why gratitude is key to overcoming fear-based dynamics and unlocking your full potential.</li>
</ul>

<p><b>Embrace the Soul Step Challenge:</b> Reflect on a difficult relationship in your life. Write in your soul journal about the emotions and physical sensations you experience during these interactions. Then, identify an opportunity to respond with love, rather than react out of fear. Practice blessing both yourself and the other person, regardless of the outcome.</p>

<p>Are you making choices in love or fear? Take this <a href=""https://seatofthesoul.com/cultivating-love-optin/"">self-assessment </a>today to find out.</p>"
Soul Feast #11: Reverence for Life: Your Soul’s Intention,reverence-for-life,"In today’s Soul Feast, Gary Zukav invites listeners to explore the state of reverence – a cornerstone of authentic power and spiritual growth.",https://seatofthesoul.com/wp-content/uploads/2024/12/Gary-Zukav-Graphic-01-4.jpg,https://seatofthesoul.com/wp-content/uploads/2024/12/Gary-Zukav-Graphic-01-4.jpg,Gary Zukav,,Soul Feast,"In today’s Soul Feast, Gary Zukav invites listeners to explore the state of reverence – a cornerstone of authentic power and spiritual growth.",https://www.youtube.com/watch?v=IHpcSuWLqTM,"<p>In today’s Soul Feast, Gary Zukav invites listeners to explore the state of reverence – a cornerstone of authentic power and spiritual growth. </p>
<h2>Reverence is not an emotion but a state of being that allows us to see beyond the surface, into the essence of all life.</h2>
<p><b>By cultivating reverence, we open ourselves to soul-to-soul connections, deepen our awareness, and align our lives with love.</b></p>
<p>Gary dives into the role of reverence, contrasting it with the old consciousness limited by five sensory perceptions. Through vivid analogies and personal reflections, he helps us understand how <b>reverence transforms how we see others, ourselves, and life itself</b>.</p>
<p>If you’re ready to embrace life with greater depth and awareness, and to create authentic power through love, this soul feast will inspire and guide you.</p>

<p><b>What You’ll Discover in This Soul Feast:</b></p>
<ul>
<li>(01:30): What reverence truly means and how it transcends appearances to recognize the essence of life.</li>
<li>(03:25): How reverence connects to authentic power and expands our awareness beyond the five senses.</li>
<li>(06:27): Why fear obstructs reverence and how love shifts your perspective in the Earth School.</li>
<li>(11:08): The power of soul-to-soul connections and their role in spiritual growth.</li>
<li>(17:24): How reverence reshapes our understanding of life’s challenges as opportunities for growth.</li>
</ul>

<p><b>Embrace the Soul Step Challenge:</b> Take out your soul journal and reflect on your most recent soul-to-soul connection. Write about the circumstances and emotions you experienced. Then, recall and document other moments of reverence where you connected with someone’s essence, not their external “earth suit.” At the end of the week, review your entries to see how your awareness of reverence has deepened.</p>

<p>Explore your full potential, so you can give the gifts you were born to give.  Enroll in the <a href=""http://www.seatofthesoul.com/soulthemescourse"">Soul Themes</a> course today.  Your soul has been waiting for you to take this journey!</p>"
Soul Snack #10: How do I change the way I process energy?,how-do-i-change-the-way-i-process-energy,"In today’s soul snack, Gary Zukav introduces a powerful message from his beloved spiritual partner, Linda Francis.",https://seatofthesoul.com/wp-content/uploads/2024/12/Gary-Zukav-Graphic-01-2.jpg,https://seatofthesoul.com/wp-content/uploads/2024/12/Gary-Zukav-Graphic-01-2.jpg,Gary Zukav,,Soul Snack,"In today’s soul snack, Gary Zukav introduces a powerful message from his beloved spiritual partner, Linda Francis.",https://www.youtube.com/watch?v=ukEFPe5T7vQ,"<p>In today’s soul snack, Gary Zukav introduces a powerful message from his beloved spiritual partner, Linda Francis. <b>Linda shares transformative insights on shifting from fear to love in your thoughts, words, and actions.</b> </p>
<p>Drawing on wisdom from the book they co-authored: <i>The Heart of the Soul: Emotional Awareness</i>, Linda answers a listener’s question about consciously processing energy and creating authentic power.</p>
<h2>Linda explains how to identify and fully feel the physical sensations of fear-based parts of your personality, while deliberately choosing to act from a loving part of your personality instead. </h2>
<p>By practicing this repeatedly, moment to moment, fear loses its hold over time, allowing you to align your actions with love and your soul’s purpose.</p>
<p>If you’re ready to understand how to change the way energy is processed in your energy processing system in a way that nurtures love and reduces fear, this soul snack is a must-listen!</p>

<p><b>What You’ll Discover in This Soul Snack:</b></p>
<ul>
<li>(00:42) Why self-love is foundational to supporting others authentically.</li>
<li>(01:16) Recognizing how energy is processed in your body.</li>
<li>(02:10) Steps to feel fear fully while acting from love.</li>
<li>(03:20) Weakening fear-based parts of your personality over time.</li>
<li>(04:00) How conscious intention leads to authentic power.</li>
</ul>

<p><b>Soul Step: </b>When fear-based sensations arise in your energy processing centers (e.g., tightness in the throat or chest), pause to fully feel them. Commit to choosing thoughts, words, and actions rooted in love rather than fear. Journal about your experience and observe how your choices impact your interactions.</p>

<p>Join the Seat of the Soul monthly<a href=""https://seatofthesoul.com/soul-connections-newsletter/""> newsletter </a>and receive weekly, wisdom filled, insights from Gary.</p>"
Soul Feast #10: Cooperation: Your Soul’s Intention,cooperation-your-souls-intention,"In today’s soul feast, Gary Zukav dives into the soul’s intention of cooperation and how it differs fundamentally from mere collaboration rooted in fear or self-interest.",https://seatofthesoul.com/wp-content/uploads/2024/12/Gary-Zukav-Graphic-01.jpg,https://seatofthesoul.com/wp-content/uploads/2024/12/Gary-Zukav-Graphic-01.jpg,Gary Zukav,,Soul Feast,"In today’s soul feast, Gary Zukav dives into the soul’s intention of cooperation and how it differs fundamentally from mere collaboration rooted in fear or…",https://www.youtube.com/watch?v=lsogTwJ90nc,"<p>In today’s soul feast, Gary Zukav dives into the soul’s intention of cooperation and how it differs fundamentally from mere collaboration rooted in fear or self-interest. </p>
<p>Continuing his exploration of the intentions of the soul – harmony, sharing, reverence for life, and cooperation – Gary provides insights into how aligning our actions with love creates not only cooperation, but also joy through co-creation.</p>
<p>Gary contrasts traditional collaboration, often driven by motives like personal gain or safety, with <b>cooperation and co-creation, acts grounded in love and spiritual partnership</b>. </p>
<h2>He shares stories, personal experiences, and wisdom on how to discern between cooperation that is coming from fear and true co-creation that contributes to life.</h2>
<p>If you’re ready to explore the difference between participating out of fear versus contributing with love and your Soul’s intentions, this soul feast is a must-listen.</p>

<p><b>What You’ll Discover in This Soul Feast:</b></p>
<ul>
<li>
<ul>
<li>(01:48): The distinction between cooperation rooted in fear and cooperation that is driven by love – cocreation.</li>
<li>(05:20): How intention shapes the outcome of your cooperative actions.</li>
<li>(10:45): The fulfillment and joy that comes from co-creation in spiritual partnership.</li>
<li>(13:00): The role of love and fear as the fundamental dualities shaping every choice.</li>
<li>(16:30): Why cocreation is impossible without love and how to cultivate it in your actions.</li>
</ul>
</li>
</ul>

<p><strong>Embrace the Soul Step Challenge:</strong> Take your soul journal and reflect on moments of cooperation in your daily life. Were your actions motivated by fear – seeking approval, safety, or personal gain? Or by love, fostering connection and contributing to the greater good? Use this reflection to guide you toward creating more meaningful co-creations.</p>

<p>Join Gary LIVE every month as shares his wisdom and answers your questions live. <strong><a href=""http://www.seatofthesoul.com/eveningwithgaryzukav"">REGISTER HERE </a></strong>for <em><strong>An Evening with Gary Zukav</strong></em>.</p>"
Soul Snack #9: We Are Souls,we-are-souls,"In today’s Soul Snack, Gary dives into the profound connection between your daily choices and the evolution of your soul.",https://seatofthesoul.com/wp-content/uploads/2024/12/Gary-Zukav-Graphic-02-4.jpg,https://seatofthesoul.com/wp-content/uploads/2024/12/Gary-Zukav-Graphic-02-4.jpg,Gary Zukav,,Soul Snack,"In today’s Soul Snack, Gary dives into the profound connection between your daily choices and the evolution of your soul.",https://www.youtube.com/watch?v=hUzB76H8ncs,"<p>In today’s Soul Snack, Gary dives into the profound connection between your daily choices and the evolution of your soul. He explores the concept of the soul as an immortal, energy dynamic guiding our journey through the Earth school. </p>
<p>This episode offers a fresh perspective on<b> how your intentions – whether rooted in love or fear – shape your experiences and influence the health of your soul.</b></p>
<h2>Gary also discusses the importance of emotional awareness, responsible choice, and aligning your personality with your soul’s wisdom.</h2>
<p><b>By choosing love over fear, you not only nurture your soul but also create a life filled with meaning, connection, and authentic power.</b> He challenges listeners to embrace the transformative power of free will and to view fear not as an obstacle but as an avenue for spiritual growth.</p>
<p><b>What You’ll Discover in This Episode:</b></p>
<ul>
<li>(0:46): Why your soul is central to your journey and how it influences your experiences in the Earth school.</li>
<li>(8:33): How love and fear shape your words, actions, and karma, and their role in nurturing or hindering your soul’s growth.</li>
<li>(10:00): Recognizing physical sensations tied to fear and love to make more conscious choices.</li>
<li>(14:40): Aligning your personality with your soul to transcend fear and live a fulfilling, meaningful life.</li>
<li>(19:16): Viewing every choice as an opportunity to nurture your soul and embrace your spiritual development.</li>
</ul>

<p><b>Soul Step:</b> Reflect on your choices each day. Are they coming from love or fear? Journal about how your actions either nurture or detract from the health of your soul. Let this practice guide you toward creating authentic power and aligning with your soul’s intentions.</p>

<p>Join Gary LIVE every month as shares wisdom and answers your questions. <a href=""http://www.seatofthesoul.com/eveningwithgaryzukav"">REGISTER HERE</a> for An Evening with Gary Zukav.</p>"
Soul Feast #9: Sharing: Your Soul’s Intention,sharing-your-souls-intention,"In today’s soul feast, Gary Zukav expands on the concept of harmony, from the previous episode, and introduces another key intention of the soul – sharing.",https://seatofthesoul.com/wp-content/uploads/2024/12/Gary-Zukav-Graphic-02-3.jpg,https://seatofthesoul.com/wp-content/uploads/2024/12/Gary-Zukav-Graphic-02-3.jpg,Gary Zukav,,Soul Feast,"In today’s soul feast, Gary Zukav expands on the concept of harmony, from the previous episode, and introduces another key intention of the soul – sharing.",https://www.youtube.com/watch?v=4VGZ7-cVYik,"<p>In today’s soul feast, Gary Zukav expands on the concept of harmony, from the previous episode, and introduces another <b>key intention of the soul – sharing</b>. Moving beyond the idea of simply exchanging words or gifts, <b>he redefines sharing as an act of deep connection, grounded in love and free of any agenda</b>. </p>
<p>Gary reflects on his own journey, including how his personal experiences have shifted his understanding of generosity,<b> making sharing an act of the soul rather than the personality</b>.</p>
<h2>Gary invites listeners to explore the difference between sharing from a place of fear versus from a place of authentic power, where sharing becomes a true expression of one’s essence and presence.</h2>
<p>He emphasizes that to truly connect with others, we must look within, using emotional awareness to guide whether we’re acting from love or fear. He offers a practical “soul step” exercise: carry a small journal and record moments when you’ve shared authentically, and when you’ve shared with an underlying desire for validation or recognition.</p>

<p><b>What You’ll Discover in This Episode:</b></p>
<ul>
<li><b>(01:10):</b> Why sharing goes beyond external agreement and starts with inner alignment.</li>
<li><b>(04:05):</b> How sharing, when done without a second agenda, becomes a powerful act of connection.</li>
<li><b>(08:32):</b> Why authentic sharing comes from aligning with love rather than seeking personal gain.</li>
<li><b>(10:15):</b> How tuning into our emotions helps us recognize when we’re sharing from love or fear.</li>
<li><b>(20:53):</b> A practical exercise to help you deepen your understanding of true sharing.</li>
</ul>

<p><b>Embrace the Soul Step Challenge:</b> Carry a small notebook with you daily to capture moments of sharing. After each experience, take a moment to reflect: Was your intention truly grounded in love, or did it carry an element of fear or self-interest? By practicing this awareness, you’ll gain powerful insights that help you align more deeply with your soul’s intention to share and to create authentic power.</p>

<p><b>Join the Seat of the Soul </b><a href=""https://seatofthesoul.com/soul-connections-newsletter/""><b>monthly newsletter</b></a><b> and receive weekly, wisdom filled, insights from Gary.</b></p>"
Soul Snack #8: Recognizing Frightened Parts of Your Personality,frightened-parts-of-your-personality,"In today’s Soul Snack, Gary Zukav shares a powerful meditation for developing emotional awareness by tuning into your physical sensations.",https://seatofthesoul.com/wp-content/uploads/2024/11/Gary-Zukav-Episode-8.5-1500.png,https://seatofthesoul.com/wp-content/uploads/2024/11/Gary-Zukav-Episode-8.5-1500.png,Gary Zukav,,Soul Snack,"In today’s Soul Snack, Gary Zukav shares a powerful meditation for developing emotional awareness by tuning into your physical sensations.",https://www.youtube.com/watch?v=ebchKVQ2sK4,"<p>In today’s Soul Snack, Gary Zukav shares a <b>powerful meditation for developing emotional awareness</b> by tuning into your physical sensations. </p>
<h2>This practice guides you to notice sensations in your energy processing centers – such as the throat, chest, and stomach areas – to help identify if you’re in a frightened part of your personality or a loving one.</h2>
<p>This exercise offers a <b>gentle way to build self-awareness</b>, and Gary encourages listeners to journal their experiences for deeper insights. </p>
<h2>If you find yourself feeling impatient or irritated during the slow pace, recognize this as a clue that you may be in a frightened part of your personality.</h2>
<p>Let this meditative exercise support your journey toward creating authentic power.</p>

<p><b>What You’ll Discover in This Episode:</b></p>
<ul>
<li><b>(02:28):</b> How tuning into your physical sensations can reveal if you’re operating from a place of fear or love.</li>
<li><b>(02:42):</b> Focusing on the throat, chest, and stomach areas to increase self-awareness.</li>
<li><b>(04:06):</b> Recognizing impatience as a signal of a frightened part of your personality.</li>
</ul>

<p>Enjoy this short, impactful exercise, and join Gary in continuing to explore the journey of transforming consciousness and creating authentic power.</p>
<p><b>Your emotions are messages from your soul. </b><a href=""http://www.seatofthesoul.com/emotionalawarenesscourse""><b>Learn How to Tune In and Listen Here.</b></a></p>"
Soul Feast #8: Harmony: Your Soul’s Intention,harmony-your-souls-intention,"In today’s Soul Feast, Gary explores how the creation of authentic power, which is achieved by aligning our personality with our soul, brings harmony.",https://seatofthesoul.com/wp-content/uploads/2024/11/Gary-Zukav-Episode-8-1500.png,https://seatofthesoul.com/wp-content/uploads/2024/11/Gary-Zukav-Episode-8-1500.png,Gary Zukav,,Soul Feast,"In today’s Soul Feast, Gary explores how the creation of authentic power, which is achieved by aligning our personality with our soul, brings harmony.",https://www.youtube.com/watch?v=O_rUzSTVM2o,"<p>In today’s Soul Feast, Gary explores how the creation of authentic power, which is achieved by aligning our personality with our soul, brings harmony. </p>
<p>He delves into how this transformative shift differs from the old consciousness, where power was defined by external control and manipulation. Gary explains that <b>authentic power brings harmony</b>, not just as an absence of conflict, but as a genuine alignment within ourselves.</p>
<h2>Gary discusses how harmony in the new consciousness requires looking inward and identifying the frightened parts of our personality, such as anger, jealousy, and resentment.</h2>
<p>He also introduces the concept of projection, explaining that when we see qualities we dislike in others, it often reveals aspects of ourselves that we have yet to fully accept. </p>
<h2>By recognizing these projections, we can transform them into opportunities for growth and compassion.</h2>
<p>In this episode, Gary <b>encourages us to see challenging relationships as gifts that help us cultivate inner harmony, self-acceptance, and compassion for others.</b> As you listen, you’ll learn practical ways to embrace authentic power and bring a new level of harmony into your life.</p>

<p><b>What You’ll Discover in This Episode:</b></p>
<ul>
<li><b>(0:45):</b> How the concept of power changes when we move from external control to inner alignment.</li>
<li><b>(2:15):</b> What it means to align your personality with your soul and move beyond the control of fear.</li>
<li><b>(3:12):</b> Why true harmony is about internal alignment rather than resolving external conflicts.</li>
<li><b>(8:23):</b> How qualities we dislike in others often reflect hidden parts of ourselves.</li>
<li><b>(15:35):</b> The importance of self-compassion and how it transforms our experience of others.</li>
</ul>

<p><b>Are you practicing judgment or discernment? <a href=""https://seatofthesoul.com/judgment/"">Learn more as Gary explains the difference in this illuminating video here</a></b><b>.</b></p>"
Soul Snack #7: Guided Meditation for Authentic Power,authentic-power-guided-meditation,"In today’s Soul Snack, Gary Zukav leads you through a nine-minute guided meditation designed to release tension, explore emotions, and experience authentic power.",https://seatofthesoul.com/wp-content/uploads/2024/11/Gary-Zukav-Episode-7_5_1500x1500.png,https://seatofthesoul.com/wp-content/uploads/2024/11/Gary-Zukav-Episode-7_5_1500x1500.png,Gary Zukav,,Soul Snack,"In today’s Soul Snack, Gary Zukav leads you through a nine-minute guided meditation designed to release tension, explore emotions, and experience authentic…",https://www.youtube.com/watch?v=u0PXz6vYmcg,"<p>In today’s Soul Snack, Gary Zukav leads you through a nine-minute guided meditation designed to release tension, explore emotions, and experience authentic power. </p>
<p>Beginning with a full-body relaxation, this meditation guides you to connect with both empowering and disempowering emotions. <b>Gary encourages you to observe the physical sensations tied to past experiences of anxiety, jealousy, and revenge, as well as gratitude and unconditional love. </b></p>
<h2>This practice aims to help you recognize the feeling of losing power versus embodying authentic power, allowing you to choose experiences that foster love and connection.</h2>
<p>As you relax and deepen your awareness, you’ll learn how to let go of fear-based reactions and embrace the sensations associated with gratitude, compassion, and inner peace.</p>
<p><b>What You’ll Discover in This Episode:</b></p>
<ul>
<li>(00:02) The transformative power of relaxing your body to release tension and prepare for inner awareness.</li>
<li>(04:14) How recalling past emotions, such as anxiety and jealousy, highlights the physical experience of disempowerment.</li>
<li>(06:15) Identifying gratitude and unconditional love as sources of authentic power and inner peace.</li>
<li>(08:23) How to reawaken your body after meditation with renewed awareness and relaxation.</li>
</ul>"
Soul Feast #7: Intuition & Non-Physical Teachers,soul-feast-7-intuition-non-physical-teachers,"In today’s Soul Feast, Gary Zukav explores the transformative nature of the new consciousness, which moves beyond the limits of the five senses and embraces a deeper awareness of non-physical reality.",https://seatofthesoul.com/wp-content/uploads/2024/11/Gary-Zukav-Graphic-2-2.png,https://seatofthesoul.com/wp-content/uploads/2024/11/Gary-Zukav-Graphic-2-2.png,Gary Zukav,,Soul Feast,"In today’s Soul Feast, Gary Zukav explores the transformative nature of the new consciousness, which moves beyond the limits of the five senses and embraces a…",https://www.youtube.com/watch?v=7k66SLB5xlM,"<p>In today’s Soul Feast, Gary Zukav explores the transformative nature of the new consciousness, which moves beyond the limits of the five senses and embraces a deeper awareness of non-physical reality. </p>
<p>He introduces the role of <b>intuition</b>, which unlike in the old consciousness where it was seen as mere “hunches,” is now <b>an essential guide for spiritual growth</b>. </p>
<h2>This Soul Feast explains how our intuition acts as a gateway to non-physical Teachers – energetic guides who provide us with compassion and wisdom beyond the scope of our intellect.</h2>
<p>Gary emphasizes the importance of <b>approaching life from a place of love</b> rather than fear, explaining that <b>this choice fuels the creation of authentic power</b>. </p>
<h2>He also explores how the Earth school, with its dualities and challenges, offers us opportunities to practice this awareness, using our experiences to move closer to our true spiritual purpose.</h2>
<p>As you listen, you’ll learn practical ways to harness intuition in daily life, interact with non-physical Teachers, and align your actions with love.</p>

<p><b>What You’ll Discover in This Episode:</b></p>
<ul>
<li><b>(0:05): </b>How moving beyond the five senses opens us to non-physical reality and spiritual growth.</li>
<li><b>(04:10): </b>The role of non-physical Teachers in providing compassionate, wisdom-filled guidance for your spiritual journey.</li>
<li><b>(05:29):</b> Why intuition is a vital connection to guidance, and how it differs from the “hunches” of the old consciousness.</li>
<li><b>(06:29): </b>How to distinguish between love and fear in your intentions, and why this choice shapes your reality.</li>
<li><b>(17:00): </b>Using your experiences in the Earth School for spiritual development and viewing life’s challenges as opportunities for growth, and learning to harness them to create authentic power.</li>
</ul>

<p><b>Are you ready to live Beyond the Five Senses?  <a href=""http://www.seatofthesoul.com/beyondthefivesensescourse"">Learn how here.</a></b></p>"
Soul Snack #6: Creating Authentic Power – Mastering Fear & Choosing Love,soul-snack-6-creating-authentic-power-mastering-fear-choosing-love,"In today’s Soul Snack, Gary Zukav explores the journey of creating authentic power, which he describes as aligning your personality with your soul and consistently choosing love over fear.",https://seatofthesoul.com/wp-content/uploads/2024/11/Gary-Zukav-Episode-6_1500x1500.png,https://seatofthesoul.com/wp-content/uploads/2024/11/Gary-Zukav-Episode-6_1500x1500.png,Gary Zukav,,Soul Snack,"In today’s Soul Snack, Gary Zukav explores the journey of creating authentic power, which he describes as aligning your personality with your soul and…",https://www.youtube.com/watch?v=EQuouAOQK88,"<p>In today’s Soul Snack, Gary Zukav explores the journey of creating authentic power, which he describes as <b>aligning your personality with your soul and consistently choosing love </b>over fear. </p>
<h2>Gary explains that authentic power is achieved through commitment to spiritual growth, emotional awareness, and the conscious decision to act from a loving part of our personality, even when fear is present.</h2>
<p>Gary guides us through the practice of emotional awareness, encouraging us to notice physical sensations associated with fear or love in our energy processing centers. </p>
<h2>By developing this awareness, we can recognize when a frightened part of our personality is active and choose to respond from a place of love.</h2>
<p>This practice gradually lessens the control fear has over us and helps us <b>live a life of meaning and purpose, guided by love. </b></p>

<p><b>What You’ll Discover in This Episode:</b></p>
<ul>
<li><b>(00:47) </b>What is authentic power? Understanding how aligning with your soul creates true strength and guides you to love. </li>
</ul>
<ul>
<li><b>(01:29) </b>The role of commitment in spiritual growth. Discover why making spiritual growth your highest priority is essential for creating authentic power.</li>
</ul>
<ul>
<li><b>(08:04) </b>Techniques for identifying physical sensations linked to fearful or loving parts of your personality. </li>
</ul>
<ul>
<li><b>(08:35) </b>Embracing authentic power as a lifelong journey – creating authentic power is a gradual process but you will get there.</li>
</ul>"
Soul Feast #6: Responsible Choice – Creating a Life of Love Through Conscious Decisions,soul-feast-6-responsible-choice-conscious-decisions,"In today’s Soul Feast, Gary Zukav explores the profound concept of responsible choice and its transformative power in our personal and spiritual growth.",https://seatofthesoul.com/wp-content/uploads/2024/11/Gary-Zukav-Graphic-2.png,https://seatofthesoul.com/wp-content/uploads/2024/11/Gary-Zukav-Graphic-2.png,Gary Zukav,,Soul Feast,"In today’s Soul Feast, Gary Zukav explores the profound concept of responsible choice and its transformative power in our personal and spiritual growth.",https://www.youtube.com/watch?v=_MmP7Fp_9m4,"<p>In today’s Soul Feast, Gary Zukav explores the profound concept of <i>responsible choice</i> and its transformative power in our personal and spiritual growth. </p>
<p>He explains that responsible choice means fully accepting the consequences of our decisions, recognizing that each choice either brings us closer to love or pulls us deeper into fear. </p>
<p>Gary highlights the importance of acting from love and intention, rather than from the fear-based parts of our personalities.</p>
<p>This Soul Feast introduces the role of emotional awareness in making responsible choices, showing <b>how we can consciously align our actions with love</b>. </p>
<p>By reflecting on our choices each day, we can learn to <b>craft our lives with intention and create authentic power.</b> </p>
<h2>Gary encourages listeners to use a daily reflection practice to deepen awareness and embrace the journey of love.</h2>
<p><b>What You’ll Discover in This Soul Feast:</b></p>
<ul>
<li><b>(00:27):</b> What it means to make a responsible choice and why owning the outcomes of each decision is essential in shaping your reality.</li>
<li><b>(01:49):</b> How every intention influences the consequences of our choices.</li>
<li><b>(3:55):</b> Differentiate between an intention and a goal.</li>
<li><b>(05:50):</b> The connection between emotional awareness and choosing consciously from a place of love.</li>
<li><b>(20:57):</b> A simple reflection exercise for recognizing and learning from your moment to moment choices.</li>
<li><b>(21:49):</b> How to view your life as a canvas where each responsible choice adds meaning and beauty to your personal journey.</li>
</ul>

<p>Are you making choices in love or fear?  <a href=""https://seatofthesoul.com/cultivating-love-optin/""><b>Take this self-assessment today to find out.</b></a></p>"
Soul Snack #5: Guided Meditation – Your Choices Shape Your Life,meditation-your-choices-shape-your-life,"In today’s Soul Snack, Gary Zukav takes us on a deeply relaxing meditation journey designed to help us connect with the transformative power of intention.",https://seatofthesoul.com/wp-content/uploads/2024/11/Gary-Zukav-Minisode-05-1500.png,https://seatofthesoul.com/wp-content/uploads/2024/11/Gary-Zukav-Minisode-05-1500.png,Gary Zukav,,Soul Snack,"In today’s Soul Snack, Gary Zukav takes us on a deeply relaxing meditation journey designed to help us connect with the transformative power of intention.",https://www.youtube.com/watch?v=LHhLkfwVlTU,"<p>In today’s Soul Snack, Gary Zukav takes us on a deeply relaxing meditation journey designed to help us connect with the transformative power of intention. As we release the tension in our bodies and allow our minds to calm and clear, Gary leads us through a visualization where each action we take is symbolized by planting seeds in the field of our lives.</p>
<p>By understanding that <b>our intentions – whether they arise from kindness or anger – are like seeds that shape the experiences we cultivate</b>, this meditation helps us make more conscious, loving choices. </p>
<h2>Throughout the guided journey, Gary encourages us to become more aware of how our intentions, awareness, and actions create the reality we live in.</h2>

<p>This meditation is a gentle reminder to <b>plant seeds of kindness and love</b>, fostering a life filled with connection and harmony. It also highlights the impact of negative intentions, like anger, and how choosing differently can transform our lives.</p>
<p><b>What You’ll Discover in This Episode:</b></p>
<ul>
<li><b>(00:41)</b> Relaxation techniques to release physical tension and calm the mind.</li>
<li><b>(03:39)</b> The power of intention and how it shapes the field of our lives.</li>
<li><b>(05:45)</b> The consequences of planting seeds of kindness versus seeds of anger.</li>
<li><b>(07:42)</b> How conscious choices nurture love, connection, and transformation.</li>
</ul>"
Soul Feast # 5: Emotional Awareness – What It Is and How to Use It,emotional-awareness-what-it-is-and-how-to-use-it,"In today’s Soul Feast, Gary Zukav highlights the essential role of emotional awareness in our personal and spiritual growth.",https://seatofthesoul.com/wp-content/uploads/2024/11/Gary-Zukav-Episode-5-1500x1500-1.png,https://seatofthesoul.com/wp-content/uploads/2024/11/Gary-Zukav-Episode-5-1500x1500-1.png,Gary Zukav,,Soul Feast,"In today’s Soul Feast, Gary Zukav highlights the essential role of emotional awareness in our personal and spiritual growth.",https://www.youtube.com/watch?v=17MIc6gc_es,"<p>In today’s Soul Feast, Gary Zukav highlights the <b>essential role of emotional awareness in our personal and spiritual growth. </b></p>
<h2>He explains that emotions are messengers from the soul, guiding us to distinguish between fear and love.</h2>
<p>By developing emotional awareness, we can discern between these two powerful forces and begin to create authentic power in our lives.</p>
<p>Gary touches on the concept of energy processing centers, or chakras, and how tuning into our bodies can help us understand what we are feeling and why. He introduces the idea of <b>emotional literacy</b>, which enables us to fully articulate our emotions and <b>become more conscious of how fear or love influences our thoughts and actions.</b></p>
<h2>As you listen, you’ll learn that living in the new consciousness requires emotional awareness, intention, and commitment.</h2>
<p>By practicing emotional literacy and cultivating awareness of our chakras, we can better <b>navigate our emotions and align with our soul’s purpose</b>. </p>
<p>Gary also encourages us to reflect on our emotional experiences, both painful and joyful, and to experiment with emotional awareness as a tool for creating authentic power.</p>

<p><b>What You’ll Discover in This Episode:</b></p>
<ul>
<li><b>(02:00):</b> What emotional awareness is and how it serves as a bridge to creating authentic power.</li>
<li><b>(08:05):</b> How your emotions are messengers from the soul, revealing whether love or fear is driving you.</li>
<li><b>(13:03):</b> The relationship between physical sensations, energy centers, and emotional experiences.</li>
<li><b>(21:00):</b> Why emotional literacy is key to understanding your internal dynamics and becoming more aware of your soul’s guidance.</li>
</ul>

<p>Your emotions are messages from your soul.<b> Learn how to tune in and listen </b><a href=""http://www.seatofthesoul.com/emotionalawarenesscourse""><b>HERE</b></a>.</p>"
Soul Snack #4: Intuition is the Voice of the Non-Physical World,the-voice-of-the-non-physical-world,"﻿ In today’s Soul Snack, Gary Zukav explores the power of intuition and its vital role in our spiritual growth.",https://seatofthesoul.com/wp-content/uploads/2024/11/Gary-Zukav-Episode-4.51500x1500.png,https://seatofthesoul.com/wp-content/uploads/2024/11/Gary-Zukav-Episode-4.51500x1500.png,Gary Zukav,,Soul Snack,"﻿ In today’s Soul Snack, Gary Zukav explores the power of intuition and its vital role in our spiritual growth.",https://www.youtube.com/watch?v=oFsDFqxyoGI,"<p>In today’s Soul Snack, Gary Zukav explores <b>the power of intuition and its vital role in our spiritual growth</b>. </p>
<h2>He explains how intuition is the voice of the non-physical world and why, as multisensory beings, we are able to access wisdom far beyond the limitations of our five senses.</h2>
<p>Gary guides us on how to cultivate and trust our intuition, using it not only for practical reasons like safety and decision-making but also as a powerful tool for creativity, personal transformation, and deeper spiritual understanding.</p>
<p>Gary also shares that developing intuition requires an open, curious approach to life, emotional and nutritional cleanliness, and a willingness to experiment with what you receive. </p>
<h2>By asking the right questions and trusting that the answers will come, we align ourselves with the boundless wisdom of the Universe.</h2>
<p>This soul snack encourages listeners to explore how they experience intuition and provides practical steps to deepen their connection to it.</p>

<p><b>What You’ll Discover in This Episode:</b></p>
<ul>
<li><b>(00:41):</b> What intuition truly is and why it’s vital for multisensory beings like us.</li>
<li><b>(01:51):</b> How intuition supports both everyday decisions and deeper spiritual growth.</li>
<li><b>(06:23):</b> Why maintaining cleanliness in your emotions and diet enhances your intuitive abilities.</li>
<li><b>(09:26):</b> Why your intuition will guide your self-awareness but never directly tell you what to do.</li>
</ul>"
Soul Feast #4: Creating Authentic Power – Introduction,creating-authentic-power-introduction,"In today’s Soul Feast, Gary Zukav dives into the transformative power of the New Consciousness and how it shifts our understanding of Authentic Power.",https://seatofthesoul.com/wp-content/uploads/2024/10/Gary-Zukav-Episode-4-1500x1500-1.png,https://seatofthesoul.com/wp-content/uploads/2024/10/Gary-Zukav-Episode-4-1500x1500-1.png,Gary Zukav,,Soul Feast,"In today’s Soul Feast, Gary Zukav dives into the transformative power of the New Consciousness and how it shifts our understanding of Authentic Power.",https://www.youtube.com/watch?v=OEM2o4XUD7c,"<p>In today’s Soul Feast, Gary Zukav dives into the transformative power of the New Consciousness and how it shifts our understanding of Authentic Power. </p>
<p>He explains how the New Consciousness redefines power, moving away from the old model of manipulation and control (external power) to the alignment of your personality with your soul, which creates Authentic Power. </p>
<p>This shift, Gary emphasizes, brings with it a <b>deeper focus on the heart and how it becomes the central force in our spiritual evolution.</b></p>
<p>Gary also highlights the importance of emotional awareness and how recognizing the energy of emotions—whether rooted in love or fear—is essential for creating authentic power. </p>
<p>He explains that <b>our emotions provide valuable information from our soul</b>, guiding us to make responsible choices that lead to growth, healing, and deeper connection with the universe. </p>
<h2>He shares personal anecdotes and insights into how becoming aware of our internal dynamics, rather than external circumstances, is key to mastering our lives and evolving spiritually.</h2>

<p><b>What Gary Shares in This Episode:</b></p>
<ul>
<li><b>(00:56)</b> The shift from external power to authentic power and how the heart plays a central role in this new consciousness</li>
<li><b>(05:06)</b> Love and fear are the two foundational intentions that shape your life’s experiences</li>
<li><b>(10:30)</b> How developing emotional awareness helps you align your personality with your soul, allowing you to create from love</li>
<li><b>(12:30)</b> The concept of responsible choice and how it empowers you to own your emotions and actions</li>
<li><b>(16:05)</b> How the new consciousness is transforming humanity and how it will reshape future generations</li>
</ul>

<h2>Transformational Takeaway:</h2>
<h2>To truly evolve spiritually, you must learn to shift your focus from external power to authentic power, grounded in love and guided by emotional awareness. By choosing love over fear in your thoughts and actions, you can align with your soul and live a life of fulfillment, connection, and purpose.</h2>

<p>Join Gary LIVE every month as shares his wisdom and answers your questions live. <a href=""http://www.seatofthesoul.com/eveningwithgaryzukav"">REGISTER HERE</a> for An Evening with Gary Zukav. </p>"
Soul Snack #3: The Ocean Meditation,ocean-meditation,"In today’s brief yet powerful Soul Snack, Gary Zukav guides you through a deep relaxation meditation that helps you connect with the expansive, peaceful energy of the ocean.",https://seatofthesoul.com/wp-content/uploads/2024/10/Gary-Zukav-Minisode-1500-x1500-03.png,https://seatofthesoul.com/wp-content/uploads/2024/10/Gary-Zukav-Minisode-1500-x1500-03.png,Gary Zukav,,Soul Snack,"In today’s brief yet powerful Soul Snack, Gary Zukav guides you through a deep relaxation meditation that helps you connect with the expansive, peaceful energy…",https://www.youtube.com/watch?v=Cx6tp9AtsFQ,"<p>In today’s brief yet powerful Soul Snack, Gary Zukav guides you through a deep relaxation meditation that helps you connect with the expansive, peaceful energy of the ocean. </p>
<p>As you allow your body to fully relax, Gary encourages you to imagine becoming <b><i>one with the ocean</i></b>, dissolving the boundaries between yourself and the water</p>
<h2>Through this experience, you’ll sense a deeper connection not only with the ocean, but with all life and energy around you.</h2>
<p>This meditation invites you to explore the feeling of oneness and interconnectedness as you release separateness and embrace the peaceful flow of energy that connects everything. </p>
<p><b>By the end of this meditation, you’ll feel more grounded and open to future experiences of joy and connection.</b> </p>
<p>Tune in to this soothing meditation to deepen your connection with the energy around you, and embrace that sense of oneness and tranquility.</p>"
Soul Feast #3: What is The New Consciousness?,what-is-the-new-consciousness,"In today’s Soul Feast, Gary Zukav dives deeper into the origins of his inspiration for The Seat of the Soul.",https://seatofthesoul.com/wp-content/uploads/2024/10/Gary-Zukav-1500x1500-EP-03.png,https://seatofthesoul.com/wp-content/uploads/2024/10/Gary-Zukav-1500x1500-EP-03.png,Gary Zukav,,Soul Feast,"In today’s Soul Feast, Gary Zukav dives deeper into the origins of his inspiration for The Seat of the Soul.",https://www.youtube.com/watch?v=gPD-KXK-ZgE,"<p>In today’s Soul Feast, Gary Zukav dives deeper into the origins of his inspiration for <i>The Seat of the Soul.</i> </p>
<p>He recounts his personal encounters with non-physical teachers like Ambrose and Genesis, revealing how these interactions opened him to a broader understanding of love, power, and wisdom. </p>
<h2>Through these teachings, Gary began to recognize the profound connection between the human experience and the universe, understanding that all guidance comes from this vast, universal wisdom.</h2>
<p>Gary explores the concept of the new consciousness, a multi-sensory perception that helps us access non-physical reality and understand our deeper connection to the world. </p>
<p><b>By embracing this awareness, we take personal responsibility for our choices, guided by love and wisdom, and align ourselves with the universe’s greater purpose.</b></p>
<p>As you listen, you’ll gain a deeper understanding of how the new consciousness is emerging in all of us, how connecting with non-physical teachers can guide us toward alignment with love and power, and how multi-sensory perception enables us to navigate life with greater wisdom. </p>
<p>Gary also touches on the key moment when he first recognized Genesis’ voice within his own thoughts, further deepening his understanding of non-physical communication.</p>

<p><b>What We Discuss in This Episode:</b></p>
<ul>
<li><b>(02:04)</b> The inspiration behind <i>The Seat of the Soul</i> and Gary’s encounters with non-physical teachers.</li>
<li><b>(06:34) </b>The nature of love, power, and wisdom through the lens of multi-sensory perception.</li>
<li><b>(10:54) </b>The emergence of the new consciousness and how it shifts our understanding of reality.</li>
<li><b>(17:20) </b>Personal responsibility and the power of conscious choices.</li>
<li><b>(20:47)</b> How multi-sensory perception helps us navigate life with greater awareness and connection.</li>
</ul>

<p><b>Are you ready to explore the new consciousness and live Beyond the Five Senses? </b></p>
<p><a href=""http://www.seatofthesoul.com/beyondthefivesensescourse""><b>Learn How HERE</b></a></p>"
Soul Snack #2: The Higher Logic of the Heart,higher-logic-of-the-heart,"In today’s Soul Snack, Gary Zukav explores the profound connection between emotional awareness, the heart, and spiritual growth.",https://seatofthesoul.com/wp-content/uploads/2024/10/1500-Thumbnail-Ep2.png,https://seatofthesoul.com/wp-content/uploads/2024/10/1500-Thumbnail-Ep2.png,Gary Zukav,,Soul Snack,"In today’s Soul Snack, Gary Zukav explores the profound connection between emotional awareness, the heart, and spiritual growth.",https://www.youtube.com/watch?v=SVjFV09hvBo,"<p>In today’s Soul Snack, Gary Zukav explores the profound connection between emotional awareness, the heart, and spiritual growth. </p>
<p><b>He introduces the concept of </b><b><i>authentic power</i></b><b> and how the journey to spiritual development begins with </b><b><i>multisensory perception</i></b><b>.</b> </p>
<p>Gary emphasizes that emotional awareness, particularly through the heart, is central to spiritual transformation. By recognizing the importance of emotions as valuable information, we can better understand our intentions and whether we are creating from a place of love or fear.</p>
<p>Gary encourages us to reflect on how unresolved emotions can stack up like letters in a mailbox, creating blockages in our growth. </p>
<p><b>He explains that becoming aware of our emotions allows us to distinguish between the energies of love and fear, which shape the consequences of our actions. </b></p>
<h2>This awareness is essential for responsible choice-making and aligning ourselves with the universe’s compassion and wisdom.</h2>
<p>By living through the heart and making choices rooted in love, we can live healthier, more fulfilling lives.</p>

<p><b>What We Discuss in This Episode:</b></p>
<ul>
<li><b>(02:10) </b>The role of the heart in creating authentic power and emotional awareness.</li>
<li><b>(04:05)</b> How multisensory perception expands your spiritual journey beyond the five senses.</li>
<li><b>(06:15)</b> Understanding two foundational intentions: love and fear.</li>
<li><b>(09:20) </b>Why responsible choice and emotional awareness are key to spiritual growth.</li>
<li><b>(11:45)</b> How the heart connects you to the compassionate, wise energy of the universe.</li>
</ul>

<p><b>Your emotions are messages from your soul. Learn how to tune in and listen </b><a href=""http://www.seatofthesoul.com/emotionalawarenesscourse""><b>HERE</b></a></p>"
Soul Feast #2: Where Did the Inspiration for “The Seat of the Soul” Come From?,inspiration-for-the-seat-of-the-soul,"﻿ In today’s Soul Feast, Gary Zukav delves into the inspiration behind his groundbreaking work, “The Seat of the Soul,” and the journey that led him to discover the deeper truths about the universe…",https://seatofthesoul.com/wp-content/uploads/2024/10/1500-Thumbnail-Ep2-1.jpg,https://seatofthesoul.com/wp-content/uploads/2024/10/1500-Thumbnail-Ep2-1.jpg,Gary Zukav,,Soul Feast,"﻿ In today’s Soul Feast, Gary Zukav delves into the inspiration behind his groundbreaking work, “The Seat of the Soul,” and the journey that led him to…",https://www.youtube.com/watch?v=kh06IcYcnE8,"<p><b>In today’s Soul Feast, Gary Zukav delves into the inspiration behind his groundbreaking work, “The Seat of the Soul,” and the journey that led him to discover the deeper truths about the universe and non-physical reality.</b> </p>
<p>He begins by sharing how the ideas for his work didn’t originate from him alone but were co-created with the universe, urging listeners to explore and find their own truth in every teaching. </p>
<h2>Gary invites us to examine how inspiration comes from beyond our physical senses and how our understanding of consciousness has expanded beyond the limitations of the five senses.</h2>
<p>Gary provides insights into his personal experience with quantum physics, and how it became a gateway to a broader understanding of non-physical reality and co-creation. </p>
<p>Through his storytelling, Gary explores how his writing journey was less about structure and more about allowing inspiration from the universe to flow through him, showing us how true creation is never done in isolation. </p>
<p><b>He also recounts his transformative experiences meeting with non-physical entities and how these encounters deepened his awareness and connection to a larger reality beyond the physical world.</b></p>
<p>As you listen, you’ll gain a deeper understanding of how consciousness is evolving, the role of co-creation in our lives, and how embracing non-physical reality can lead to a richer, more expansive experience of life.</p>

<p><b>What We Discuss in This Episode:</b></p>
<ul>
<li><b>(01:51) </b>The inspiration behind “The Seat of the Soul” and how Gary’s work is co-created with the universe.</li>
<li><b>(02:34)</b> The shift from old consciousness, rooted in the five senses, to a new consciousness that embraces a wider reality.</li>
<li><b>(05:52) </b>Gary’s journey into quantum physics and how it led to a discovery of non-physical reality.</li>
<li><b>(09:55)</b> Understanding co-creation and how it influences everything we do, including Gary’s writing process.</li>
<li><b>(18:25) </b>Gary’s encounter with a non-physical entity and the life-changing impact it had on his journey.</li>
</ul>

<p><a href=""https://seatofthesoul.com/soul-connections-newsletter/""><b>Join the Seat of the Soul monthly newsletter</b></a><b> and receive weekly, wisdom filled, insights from Gary.</b></p>"
Soul Snack #1: Giving Your Gifts,giving-your-gifts,"In today’s Soul Snack, Gary Zukav guides you through a powerful four-minute meditation on the concept of meaning.",https://seatofthesoul.com/wp-content/uploads/2024/10/1500-Thumbnail-Ep2.jpg,https://seatofthesoul.com/wp-content/uploads/2024/10/1500-Thumbnail-Ep2.jpg,Gary Zukav,,Soul Snack,"In today’s Soul Snack, Gary Zukav guides you through a powerful four-minute meditation on the concept of meaning.",https://www.youtube.com/watch?v=nDhQupxaA-I,"<p>In today’s Soul Snack, Gary Zukav guides you through a powerful four-minute meditation on the concept of meaning. </p>
<p><b>This brief meditation encourages deep reflection on how we define meaning in our lives and how that definition can either be rooted in love or fear.</b> </p>
<p>Gary explores the distinction between finding meaning through external identities—such as occupations, roles, and relationships—and finding a deeper, unshakable meaning that emerges from the gifts our souls are here to give.</p>
<h2>This meditation is designed to help you align with the greater purpose that connects you to others and the universe.</h2>
<p>Through this practice, you’ll be invited to shift from fear-based definitions of meaning to a more profound, multi-sensory understanding of your existence and your purpose.</p>
<p><b>As you listen, you’ll gain a fresh perspective on how love and fear shape our understanding of meaning and how embracing love leads to a more expansive, connected experience of life. </b></p>
<p>Gary also touches on the evolving consciousness that is reshaping humanity, offering a glimpse into the epic transformation of human awareness.</p>
<p><b>What We Discuss in This Episode:</b></p>
<ul>
<li><b>(00:40)</b> Introduction to a four-minute meditation on meaning.</li>
<li><b>(01:20)</b> The distinction between love and fear in shaping meaning.</li>
<li><b>(02:00)</b> How individuals define meaning through external identities, and why this is a limited view.</li>
<li><b>(04:40)</b> Returning to the present moment and closing the meditation.</li>
</ul>"
Soul Feast #1: How Is It That Oprah Called You?,how-oprah-called,"﻿ In today’s episode, Gary Zukav reflects on a pivotal moment in his life—meeting Oprah Winfrey and the profound impact that experience had on his journey.",https://seatofthesoul.com/wp-content/uploads/2024/10/Gary-Zukav-Graphic-2.jpg,https://seatofthesoul.com/wp-content/uploads/2024/10/Gary-Zukav-Graphic-2.jpg,Gary Zukav,,Soul Feast,"﻿ In today’s episode, Gary Zukav reflects on a pivotal moment in his life—meeting Oprah Winfrey and the profound impact that experience had on his journey.",https://www.youtube.com/watch?v=Rd71SQRU2vU,"<p>In today’s episode, Gary Zukav reflects on a pivotal moment in his life—<b>meeting Oprah Winfrey and the profound impact that experience had on his journey.</b> </p>
<p>He shares how this encounter brought him <i>from the quiet solitude of Mount Shasta</i>, a small and serene mountain community in Northern California where he spent much of his time engaging in outdoor activities, <i>into the national spotlight</i>, <b>forever changing his life. </b></p>
<p>This unexpected meeting not only brought his work to millions but also<b> ignited a transformation in Gary’s life</b>, <b>challenging him to navigate the complexities of fame and recognition while staying true to his spiritual path.</b></p>
<p>Gary expresses his deep gratitude for the lessons he learned from Oprah, a woman of great integrity, and the importance of following a life of true meaning and purpose. </p>
<h2>Gary also introduces his powerful sailing ship metaphor, offering a thoughtful explanation of the intricate relationship between our personality and soul.</h2>
<p>Through this metaphor, he illustrates how we can steer our lives, making conscious choices about which ‘crew members’—our emotions, thoughts, and behaviors—we allow to guide us through life’s challenges. </p>
<p><b>This concept serves as a profound reminder of the importance of aligning our actions with our soul’s true purpose</b>, rather than being driven by fear, ego, or societal expectations.</p>
<p><strong>As you listen, you’ll gain insights into:</strong></p>
<p> ► How authentic connections can lead to transformative experiences</p>
<p> ► Why fame and recognition aren’t the true path to fulfillment</p>
<p> ► The real essence of empowerment</p>

<p><b>What Gary Discusses in This Episode:</b></p>
<ul>
<li><b>(02:04)</b> The impact of Oprah’s invitation on Gary’s journey and the unexpected way it changed his life.</li>
<li><b>(05:37)</b> How Gary’s metaphor of the ship illustrates the relationship between the personality and the soul.</li>
<li><b>(12:59)</b> Transitioning from a life of solitude in Mount Shasta to national recognition.</li>
<li><b>(16:00)</b> Lessons Gary learned from Oprah on integrity, fame, and finding true purpose.</li>
<li><b>(21:11)</b> Why following meaning, rather than seeking fame or wealth, leads to genuine fulfillment.</li>
</ul>"
Soul Feast #93: Why Every Person You Meet Is an Old Friend | What About the World,soul-feast-93-why-every-person-you-meet-is-an-old-friend-what-about-the-world,"Are you ready to live Beyond the Five senses? Learn how HERE. In this DeepCast Soul Feast, Gary Zukav examines a phrase so familiar it has become almost meaningless: “we’re all in this together.” Rather than treating it as a feel-good sentiment, Gary explores what it actually means through the lens of the new consciousness […]",https://seatofthesoul.com/wp-content/uploads/2026/06/GaryZukav_Ep93_Graphic-01.jpg,https://seatofthesoul.com/wp-content/uploads/2026/06/GaryZukav_Ep93_Graphic-01.jpg,Gary Zukav,,Soul Feast,"Are you ready to live Beyond the Five senses? Learn how HERE. In this DeepCast Soul Feast, Gary Zukav examines a phrase so familiar it has become almost meaningless: “we’re all in this together.” Rather than treating it as a feel-good sentiment, Gary explores what it actually means through the lens of the new consciousness […]",https://www.youtube.com/watch?v=z6yqINI7Nz0,"<p><strong>Are you ready to live Beyond the Five senses? <a href=""http://www.seatofthesoul.com/beyondthefivesensescourse"">Learn how HERE</a>.</strong></p><p>In this DeepCast Soul Feast, <b>Gary Zukav examines a phrase so familiar it has become almost meaningless: “we’re all in this together.” </b>Rather than treating it as a feel-good sentiment, Gary explores what it actually means through the lens of the new consciousness now emerging in humanity, revealing that this togetherness is not emotional reassurance but a literal description of how reality works in the Earth School.</p><p>He explains that in the old consciousness, power meant manipulation and control, built on a hard line between “in here” and “out there.” The new consciousness dissolves that line, showing that what happens within us creates effects beyond the reach of the intellect. This raises the deeper question Gary poses: <b>if every person we encounter is a soul, not just a personality, how are we meant to relate to one another?</b></p><p>The answer lies in shifting from relating personality-to-personality to relating soul-to-soul.</p><p><b>Replacing judgment and reaction with reverence for the essence beneath every person’s appearance and behavior.</b></p><p><strong>What You’ll Discover in This Soul Feast</strong></p><p><strong>(00:02) — Why a Deepcast is different from a podcast: it doesn’t change you</strong> – your resonance with what you hear reveals something already within you.</p><p><strong>(03:06) — How recognizing a frightened or loving part of your personality in someone else is the first step in creating Authentic Power</strong>.</p><p><strong>(08:59) — Old‑consciousness power was manipulation and control rooted in separation</strong>; new consciousness dissolves the line between “in here” and “out there,” redefining what power even means.</p><p><strong>(12:07) — The people in your life are never accidental</strong> – they are souls you have encountered before, and the new consciousness invites you to revere rather than dismiss them.</p><p><strong>(14:58) — Even the most heinous personalities in history are souls incarnate</strong>, which reframes the real question from “how do I deal with others” to “how do I relate soul to soul?”</p><p><strong>(19:56) — Gary previews the next topic, attachment</strong>, and closes with a Soul Step inviting listeners to track what resonates with them throughout the week.</p><p><strong>Embrace the Soul Step Challenge</strong></p><p>This week, notice the people who cross your path – the ones you’re drawn to and the ones you’d rather avoid. Pause before you judge their appearance or behavior, and ask yourself: what might I see if I looked past the shell to the soul beneath? Write down what comes up, whether you agree with it or resist it. You are not here to force yourself into reverence – you are here to notice where you already are, and where there is still learning.</p>"
Soul Snack #92: How to Stop Letting Fear Decide What’s Possible For You,soul-snack-92-how-to-stop-letting-fear-decide-whats-possible-for-you,"Join Gary LIVE every month as shares his wisdom and answers your questions live. REGISTER HERE for An Evening with Gary Zukav In this Soul Snack, Linda Francis addresses a question many people quietly carry: what do you do when you don’t like what’s happening in your life? Rather than offering a strategy to fix […]",https://seatofthesoul.com/wp-content/uploads/2026/07/GaryZukav_Ep92.5_Graphic-02.jpg,https://seatofthesoul.com/wp-content/uploads/2026/07/GaryZukav_Ep92.5_Graphic-02.jpg,Gary Zukav,,Soul Snack,"Join Gary LIVE every month as shares his wisdom and answers your questions live. REGISTER HERE for An Evening with Gary Zukav In this Soul Snack, Linda Francis addresses a question many people quietly carry: what do you do when you don’t like what’s happening in your life? Rather than offering a strategy to fix […]",https://www.youtube.com/watch?v=I-mbE89lqZo,"<p><strong>Join Gary LIVE every month as shares his wisdom and answers your questions live. <a href=""http://www.seatofthesoul.com/eveningwithgaryzukav"">REGISTER HERE for An Evening with Gary Zukav</a></strong></p><p>In this Soul Snack, Linda Francis addresses a question many people quietly carry: <b>what do you do when you don’t like what’s happening in your life?</b> Rather than offering a strategy to fix outer circumstances, Linda redirects attention inward – to the part of the personality that is reacting to the discomfort in the first place.</p><p>That reaction, she explains, often comes from a frightened part of the personality. </p><p><strong>When fear is present, it becomes difficult to see what else is possible,</strong> both in the situation and in oneself. </p><p>The real work begins with noticing – feeling what is happening in the body, becoming aware of physical sensations, and recognizing fear as it arises.</p><p>The solution Linda offers is simple but not easy: <b>once fear is recognized in the body, a different choice becomes available</b> – one that does not go along with the fear’s narrative that everything is going wrong.</p><p><strong>What You’ll Discover in This Soul Snack</strong></p><p><strong>(00:00) — Linda opens with a reflection on the transformation of human consciousness</strong> and the choice between two internal paths: gratitude, patience, and contentment – or anger, worry, and despair.</p><p><strong>(00:43) — Linda introduces the central question:</strong> what do you do when you don’t like what you’re experiencing? She begins by locating the dislike not in the situation, but in a fearful part of the self.</p><p><strong>(01:12) — Linda describes how resistance to difficulty closes off the ability to see new possibilities</strong> – both about a situation and about oneself.</p><p><strong>(01:40) — Linda walks through her own practice:</strong> feeling what’s happening in the body, noticing physical sensations, and becoming emotionally aware enough to recognize fear directly.</p><p><strong>(02:09) — Linda closes with an invitation</strong> to continue exploring the transformation of human consciousness in the next soul snack</p><p><strong>Embrace the Soul Step Challenge</strong></p><p>Think of a recent moment when you didn’t like what you were experiencing. Instead of looking outward for what to fix, pause and check inward. What does fear feel like in your body right now? Can you notice it without immediately believing its story that everything is going wrong? Sit with that today.</p>"
Soul Feast #92: The Spiritual Truth About Boundaries Nobody Talks About | What About the World,soul-feast-92-the-spiritual-truth-about-boundaries-nobody-talks-about-what-about-the-world,"Your emotions are messages from your soul. Learn How to Tune In and Listen Here In this DeepCast episode, Gary Zukav explores one of the most commonly accepted ideas in modern self‑help culture – that setting boundaries is essential to healthy living. From the perspective of the old and new consciousness: Gary reframes the entire […]",https://seatofthesoul.com/wp-content/uploads/2026/06/GaryZukav_Ep92_Graphic-02.jpg,https://seatofthesoul.com/wp-content/uploads/2026/06/GaryZukav_Ep92_Graphic-02.jpg,Gary Zukav,,Soul Feast,"Your emotions are messages from your soul. Learn How to Tune In and Listen Here In this DeepCast episode, Gary Zukav explores one of the most commonly accepted ideas in modern self‑help culture – that setting boundaries is essential to healthy living. From the perspective of the old and new consciousness: Gary reframes the entire […]",https://www.youtube.com/watch?v=f7Y4VG4ZDCc,"<p><strong>Your emotions are messages from your soul. <a href=""http://www.seatofthesoul.com/emotionalawarenesscourse"">Learn How to Tune In and Listen Here</a></strong></p><p>In this DeepCast episode, <b>Gary Zukav explores one of the most commonly accepted ideas in modern self‑help culture – that setting boundaries is essential to healthy living. </b>From the perspective of the old and new consciousness: </p><p>Gary reframes the entire notion of boundaries, showing that what once supported human survival is no longer aligned with where human evolution is now moving.</p><p>The old consciousness rests on a fundamental separation between “in here” and “out there,” and boundaries naturally arise from that divide. As the new consciousness emerges, that perceived wall between self and other begins to dissolve. <b>The very premise that there is an “other” to protect yourself from is revealed as an illusion created by a frightened part of your personality.</b></p><p>Gary offers a clarifying question that goes directly to the heart of the matter: each time you feel the impulse to set a boundary, ask whether you are protecting a frightened part of your personality – or a loving one. <b>A loving part of your personality needs no protection.</b></p><p><strong>What You’ll Discover in This Episode:</strong></p><p><strong>(00:00) — The unprecedented transformation of human consciousness now underway</strong> – and the choice it places before every person: gratitude or fear, love or despair.</p><p><strong>(02:37) — Why old‑consciousness power – manipulation and control – is no longer enough</strong>, and what authentic power actually means: aligning your personality with your soul.</p><p><strong>(08:31) — The old consciousness draws an uncrossable line between in here and out there</strong>. The new consciousness dissolves it – and with it, the very foundation on which boundaries are built.</p><p><strong>(11:39) — The concept of “the other” is a product of fear and imagination.</strong> Following fear leads only to emptiness; following love leads to meaning, purpose, and connection.</p><p><strong>(15:03) — Authentic power is built by finding every frightened part of your personality,</strong> experiencing each one intimately, and choosing to move beyond it.</p><p><strong>(22:00) — The question Gary leaves with every listener:</strong> when you set a boundary, who are you really protecting – a frightened part of your personality, or a loving one?</p><p><strong>Embrace the Soul Step Challenge</strong></p><p>The next time you feel the impulse to set a boundary, pause before you act. Ask yourself honestly: what am I protecting right now? Is it a frightened part of your personality speaking, or a loving one? Sit with whatever comes up without judgment. You are not here to condemn yourself for your fear – you are here to see it clearly, and then to choose. That is how spiritual growth happens: one conscious choice at a time.</p>"
Soul Snack #91: Why You Feel Inferior to Some People (And How to Stop),soul-snack-91-why-you-feel-inferior-to-some-people-and-how-to-stop,"Learn how to connect with your intuition every day. Click here to start your journey to authentic power: https://seatofthesoul.com/daily-intuition-practice/ In this Soul Snack, Linda Francis invites a deeper look at a feeling many people know well – the sense of being unequal to someone else. From a five‑sensory perspective, differences in talent, intelligence, or […]",https://seatofthesoul.com/wp-content/uploads/2026/06/GaryZukav_Ep91.5_Graphic-01.jpg,https://seatofthesoul.com/wp-content/uploads/2026/06/GaryZukav_Ep91.5_Graphic-01.jpg,Gary Zukav,,Soul Snack,"Learn how to connect with your intuition every day. Click here to start your journey to authentic power: https://seatofthesoul.com/daily-intuition-practice/ In this Soul Snack, Linda Francis invites a deeper look at a feeling many people know well – the sense of being unequal to someone else. From a five‑sensory perspective, differences in talent, intelligence, or […]",https://www.youtube.com/watch?v=yAZo1cuntSc,"<p><strong>Learn how to connect with your intuition every day. Click here to start your journey to authentic power:<a href=""https://seatofthesoul.com/daily-intuition-practice/""> https://seatofthesoul.com/daily-intuition-practice/</a></strong></p><p>In this Soul Snack, <b>Linda Francis invites a deeper look at a feeling many people know well – the sense of being unequal to someone else</b>. From a five‑sensory perspective, differences in talent, intelligence, or ability can make inequality appear obvious. Yet Linda turns our attention to what is actually creating that experience.</p><p>The discomfort of comparison – the impulse to shrink in someone’s presence or place them above us – does not come from truth.</p><p>It comes from a frightened part of your personality. The shift from five‑sensory inequality to real equality is not something we think our way into. <b>It is something we experience when we choose to meet one another as souls.</b></p><p><strong>What You’ll Discover in This Episode:</strong></p><p><strong>(00:00) — Gary opens with a reflection on the transformation of human consciousness</strong> and the choice between two internal paths: gratitude, patience, and contentment – or anger, worry, and despair.</p><p><strong>(00:43) — Linda introduces the concept of five‑sensory inequality:</strong> the ways people differ in talent, ability, and intelligence, and why these differences can appear so definitive.</p><p><strong>(01:10) — A deeper kind of equality is introduced</strong> – not intellectual agreement, but the lived experience of seeing and relating to one another as souls.</p><p><strong>(01:40) — Linda names what actually creates the feeling of inferiority:</strong> a frightened part of your personality, not reality. This part compares and contracts, keeping us from genuine connection.</p><p><strong>(02:05) — Linda uses the example of her grandchildren, Katie and Sydney, who interact with Gary and Linda freely</strong> – never having met them through books or retreats, they simply show up without the weight of comparison or self‑judgment.</p><p><strong>Embrace the Soul Step Challenge</strong></p><p>Think of someone in your life – or someone you’ve encountered – whom you’ve placed above or below you. Ask yourself: Is that really about them, or is it a frightened part of your personality speaking? What might it feel like to meet them, just for a moment, as one soul meeting another? Sit with that today.</p>"
Soul Feast #91: Why You Dislike People (It Says More About You) | What about the World Series,soul-feast-91-why-you-dislike-people-it-says-more-about-you-what-about-the-world-series,"Are you ready to live Beyond the Five Sense? Learn how HERE: www.seatofthesoul.com/beyondthefivesensescourse In this DeepCast episode, Gary Zukav reveals one of Earth School’s most profound truths: the world around you is not a backdrop to your life – it is a mirror. Every reaction, judgment, and moment of dislike or admiration you experience in […]",https://seatofthesoul.com/wp-content/uploads/2026/06/GaryZukav_Ep91_Graphic-01.jpg,https://seatofthesoul.com/wp-content/uploads/2026/06/GaryZukav_Ep91_Graphic-01.jpg,Gary Zukav,,Soul Feast,"Are you ready to live Beyond the Five Sense? Learn how HERE: www.seatofthesoul.com/beyondthefivesensescourse In this DeepCast episode, Gary Zukav reveals one of Earth School’s most profound truths: the world around you is not a backdrop to your life – it is a mirror. Every reaction, judgment, and moment of dislike or admiration you experience in […]",https://www.youtube.com/watch?v=eg19LWP9Yj4,"<p><strong>Are you ready to live Beyond the Five Sense?</strong></p><p><strong>Learn how HERE:<a href=""http://www.seatofthesoul.com/beyondthefivesensescourse""> www.seatofthesoul.com/beyondthefivesensescourse </a></strong></p><p><br> In this DeepCast episode, Gary Zukav reveals one of Earth School’s most profound truths: the world around you is not a backdrop to your life – it is a mirror. <b>Every reaction, judgment, and moment of dislike or admiration you experience in others is a direct reflection of something alive within yourself. </b>Drawing on Carl Jung’s concept of projection:</p><p>Gary brings clarity to how the qualities that trigger the strongest responses in us are the very qualities we have yet to fully recognize in ourselves.</p><p><b>Gary challenges the habit of looking outside yourself for the source of your feelings.</b> Whether it is a person whose generosity moves you or someone whose behavior repulses you, the old consciousness looks outward for explanation. The new consciousness turns inward – using those same reactions as precise guidance about what is activating a frightened part or a loving part of your personality.</p><p><b>The path to self-knowledge is not found through introspection alone – it is revealed in every encounter</b>, every irritation, and every moment of unexpected beauty the world places in front of you.</p><p><strong>What You’ll Discover in This Episode:</strong></p><p><strong>(00:02) — A shift in human consciousness is underway –</strong> and the choice between gratitude and fear is one you are making moment by moment.</p><p><strong>(02:59) — Carl Jung’s concept of projection:</strong> when a quality feels too painful to acknowledge in yourself, you see it in the people around you instead – and you resist what you see.</p><p><strong>(06:23) — The world is not teaching you about others.</strong> It is teaching you about yourself – everything you need to know to create meaning and joy in your life.</p><p><strong>(09:14) — Every reaction to someone else is a projection.</strong> Place your attention inside – in your chest, your throat, your solar plexus – and discover whether a frightened part or a loving part of your personality is speaking.</p><p><strong>(12:12) — The takes‑one‑to‑know‑one principle works both ways:</strong> the grace and saintliness you admire in others are already active within you.</p><p><strong>(19:03) — You are not separate from the world you observe.</strong> Every choice you make ripples outward through the fabric of existence.</p><p><strong>Embrace the Soul Step Challenge</strong></p><p>The next time someone triggers a strong reaction in you – admiration or irritation – write down everything you notice about that person. That evening, look for each quality in yourself. Do not rush past anything. The things that feel most impossible to own are often the ones most worth finding. You are not here to judge yourself – you are here to know yourself. That is the gift the world is always offering.</p>"
Soul Snack #90: Your Comfort Zone Is Costing You More Than You Think,soul-snack-90-your-comfort-zone-is-costing-you-more-than-you-think,"Are you making choices in love or fear? Take this self-assessment today to find out In this Soul Snack, Linda Francis shares a story she has never forgotten – one that reshaped the way she moves through the world. Separated from Gary at a retreat and seated among a group of unfamiliar Texas attorneys, Linda […]",https://seatofthesoul.com/wp-content/uploads/2026/06/GaryZukav_Ep90.5_Graphic-02.jpg,https://seatofthesoul.com/wp-content/uploads/2026/06/GaryZukav_Ep90.5_Graphic-02.jpg,Gary Zukav,,Soul Snack,"Are you making choices in love or fear? Take this self-assessment today to find out In this Soul Snack, Linda Francis shares a story she has never forgotten – one that reshaped the way she moves through the world. Separated from Gary at a retreat and seated among a group of unfamiliar Texas attorneys, Linda […]",https://www.youtube.com/watch?v=mJT5fn6uFHs,"<p><strong>Are you making choices in love or fear? <a href=""https://seatofthesoul.com/cultivating-love-optin/"">Take this self-assessment today to find out</a></strong></p><p><br> In this Soul Snack, <b>Linda Francis shares a story she has never forgotten – one that reshaped the way she moves through the world.</b> Separated from Gary at a retreat and seated among a group of unfamiliar Texas attorneys, <b>Linda felt a frightened part of her personality become active immediately.</b> The pull to withdraw was strong, and yet she chose to stay present with her experience, and in that moment, to create Authentic Power.</p><p>The familiar often disguises itself as preference and comfort, but beneath it is the quiet refusal of the soul’s growth. </p><p>Linda’s experience reveals how much we lose when we move only toward what feels safe and known. <b>The transformation, she discovered, is not willpower but curiosity – a choice to stop judging and start opening.</b></p><p><strong>What You’ll Discover in This Soul Snack:</strong></p><p><strong>(00:00) — Gary opens with a reflection on the transformation of human consciousness</strong> and the choice each of us faces: to live in gratitude and awe, or to follow the pull of fear and despair.</p><p><strong>(00:43) — Linda shares the story:</strong> arriving late to a retreat, separated from Gary, and seated among men she immediately began to judge.</p><p><strong>(01:35) — Linda describes the frightened parts of her personality that became active</strong> – the pull toward comfort – and how she chose to move through her experience rather than away from it.</p><p><strong>(02:10) — Linda reflects on the shift that followed when she stopped pushing the men away</strong> and opened to what she could learn from them.</p><p><strong>(02:45) — Linda shares the broader principle: limiting ourselves to the familiar is a pattern of the frightened personality,</strong> and experimenting with discomfort becomes a powerful way to create Authentic Power.</p><p><strong>Embrace the Soul Step Challenge</strong></p><p>Think of a moment when you avoided something unfamiliar because it felt uncomfortable. Ask yourself: What frightened parts were driving that choice? What might I have missed? Sit with that today – and consider what one small step toward the unfamiliar might look like right now.</p>"
Soul Feast #90: You’re Being Tempted Right Now – Here’s What the Universe Wants You to Do,soul-feast-90-youre-being-tempted-right-now-heres-what-the-universe-wants-you-to-do,"Your emotions are messages from your soul. Learn How to Tune In and Listen Here In this Soul Feast, Gary Zukav brings the Temptation series to its most expansive conclusion – revealing that the greatest temptation you will ever face is not a single dramatic moment of crisis, but the one unfolding right now, in […]",https://seatofthesoul.com/wp-content/uploads/2026/06/GaryZukav_Ep89_Graphic-01.jpg,https://seatofthesoul.com/wp-content/uploads/2026/06/GaryZukav_Ep89_Graphic-01.jpg,Gary Zukav,,Soul Feast,"Your emotions are messages from your soul. Learn How to Tune In and Listen Here In this Soul Feast, Gary Zukav brings the Temptation series to its most expansive conclusion – revealing that the greatest temptation you will ever face is not a single dramatic moment of crisis, but the one unfolding right now, in […]",https://www.youtube.com/watch?v=AL7kA_Mxdv0,"<p>Your emotions are messages from your soul. <a href=""http://www.seatofthesoul.com/emotionalawarenesscourse"">Learn How to Tune In and Listen Here</a></p><p><br> In this Soul Feast, Gary Zukav brings the Temptation series to its most expansive conclusion – revealing that <b>the greatest temptation you will ever face is not a single dramatic moment of crisis, but the one unfolding right now, in this moment, and in every moment of your life. </b>Drawing on his own experience of writing The Dancing Wu Li Masters against impossible odds, </p><p>Gary illuminates the difference between what a frightened part of the personality creates and what a loving part of the personality sees – and why that distinction is everything.</p><p><b>Gary challenges the familiar notion that temptation is something you wait for or recognize only in rare, high‑stakes moments.</b> Instead, he reframes it as the constant, ever‑present invitation of Earth School itself – the ongoing choice between love and fear that lives in every reaction, every judgment, every hope you allow or dismiss.<b> The frightened parts of your personality do not announce themselves.</b> They feel righteous, satisfying, and completely justified in the moment.</p><p>The path through temptation is not avoidance – it is awareness. <b>When you learn to recognize the physical sensations and emotional charge of a frightened part of your personality, you gain the power to consciously redirect your attention toward a loving part and choose from there instead.</b></p><p><strong>What You’ll Discover in This Soul Feast:</strong></p><p><strong>(01:42) — You are not only a body and a mind. You are a soul</strong> – immortal, multi‑incarnational, and in Earth School for one essential reason: to learn to choose love instead of fear.</p><p><strong>(04:56) — Temptation is not a rough draft. It is the final dress rehearsal</strong> of a frightened part of your personality – every line memorized, every move set – presenting itself one last time before the action that creates karma.</p><p><strong>(09:15) — The greatest temptation is not a dramatic moment you will recognize when it arrives.</strong> It is the way you hold the possibilities in front of you right now – as reachable or out of reach. That act of seeing, or refusing to see, shapes probability itself.</p><p><strong>(13:54) — Eighteen months of rejection letters, mounting debt, and no credentials</strong> – and Gary never doubted The Dancing Wu Li Masters would be published. Not because he willed it. Because he simply saw it. That is a loving part of the personality at full strength.</p><p><strong>(20:59) — This temptation does not end.</strong> It lasts as long as you are in Earth School, because having a personality means having both loving and frightened parts. That is not a flaw in the design. That is the design.</p><p><strong>(24:21) — For 350,000 years, humans believed power meant control.</strong> The new consciousness changes that – you are not at the mercy of the world; you are its co‑creator. There is no “in here” and “out there.” There is only you, choosing, moment by moment, what you become.</p><p><strong>Embrace the Soul Step Challenge</strong></p><p>Take out a small notebook – something you can keep close throughout your day. Each time you notice a strong reaction, a dismissal, a craving, or a judgment, write it down. Ask yourself: was that coming from a frightened part of my personality or a loving one? How did it feel in your body – in your chest, your gut, the tension in your jaw? At the end of the day, look back at what you wrote. You are not looking for perfection. You are looking for awareness. That awareness is the gracious gift of temptation – divinity’s direct message, straight to your heart.</p>"
Soul Snack #83: Stop Fighting for Control: How to Trade External Power for Authentic Power,soul-snack-83-stop-fighting-for-control-how-to-trade-external-power-for-authentic-power,"Your emotions are messages from your soul. Learn How to Tune In and Listen HERE A new multisensory consciousness is transforming humanity, and with it comes a pressing question: what kind of power are you really reaching for? In this Soul Snack, Gary Zukav explores the internal dynamics of power struggles – what they are, where […]",https://seatofthesoul.com/wp-content/uploads/2026/05/GaryZukav_Ep83.5_Graphic-02.jpg,https://seatofthesoul.com/wp-content/uploads/2026/05/GaryZukav_Ep83.5_Graphic-02.jpg,Gary Zukav,,Soul Snack,"Your emotions are messages from your soul. Learn How to Tune In and Listen HERE A new multisensory consciousness is transforming humanity, and with it comes a pressing question: what kind of power are you really reaching for? In this Soul Snack, Gary Zukav explores the internal dynamics of power struggles – what they are, where […]",https://www.youtube.com/watch?v=6QSyO7DF7-0,"<p><strong>Your emotions are messages from your soul. <a href=""http://www.seatofthesoul.com/emotionalawarenesscourse"">Learn How to Tune In and Listen HERE</a></strong></p><p><br> A new multisensory consciousness is transforming humanity, and with it comes a pressing question: <b>what kind of power are you really reaching for?</b> In this Soul Snack, Gary Zukav explores the internal dynamics of power struggles – what they are, where they originate, and <b>why the impulse to control others is as present in our most intimate relationships as it is in conflicts between nations.</b></p><p>Every power struggle, Gary explains, is rooted in the pursuit of external power – the drive to change, manage, or dominate what exists outside of us. </p><p>Whether we are clashing with a partner or a roommate, or reaching for a fresh start in a new city, the horizontal path keeps us moving sideways. In the Earth School, <b>we often find that nothing truly changes because we haven’t changed the frightened parts of our personality that are driving the conflict.</b></p><p>The vertical path is different. It is the path of spiritual evolution. It <b>invites us to turn inward – to practice Emotional Awareness – and in doing so, to begin aligning our personality with our Soul.</b> This alignment allows us to access the kind of Authentic Power that Gandhi and Martin Luther King Jr. brought to bear on the world – a <b>power rooted in love, not in the control of others.</b></p><h3><strong>What You’ll Discover in This Soul Snack:</strong></h3><ul><li><strong>(00:43) — The Internal Dynamics of a Power Struggle:</strong> Gary defines the core of every power struggle – the pursuit of external power through the impulse to control – and reveals how it operates at every scale, from intimate partnerships to international conflict.</li><li><strong>(01:26) — The Horizontal Path and its Limitations:</strong> Attempting to find relief by changing partners, circumstances, or cities defines the horizontal path. Without internal change, the same frightened parts of the personality follow us wherever we go in the Earth School.</li><li><strong>(01:56) — The Vertical Path:</strong> Gary introduces the only path that creates real transformation – the vertical path of spiritual evolution – and connects it to the emergence of Authentic Power.</li><li><strong>(02:14) — The Fragility of External Power:</strong> For millennia, our species has sought safety through external power – competition, hoarding, and exploitation. Gary explains why this foundation now threatens our survival and the evolution of our consciousness.</li><li><strong>(02:54) — The Soul’s Intentions:</strong> Harmony, cooperation, sharing, and a reverence for Life are the Soul’s true intentions. Gary describes the creative tension humanity now inhabits as these values begin to emerge from the new consciousness.</li><li><strong>(03:27) — Authentic Power in Action:</strong> As we align our personality with our Soul, we begin to cultivate the kind of power that moves mountains – the Authentic Power of Gandhi and Martin Luther King Jr., anchored in a life lived from the frequency of love.</li></ul><p><strong>Embrace the Soul Step Challenge</strong></p><p>This week, notice where power struggles show up in your life – in a disagreement with a partner, a moment of frustration with a colleague, or an urge to change something outside yourself to feel better inside. Pause before choosing the horizontal path. Ask yourself: Am I trying to control, or am I trying to grow? What would it look like to change myself here instead of the situation around me? Each time you choose the vertical path, you take one more step toward Authentic Power.</p>"
Soul Feast #82: Creator or Victim? The Pain Driving Every Choice You Make – Gary Zukav’s Personal Experiences,soul-feast-82-creator-or-victim-the-pain-driving-every-choice-you-make-gary-zukavs-personal-experiences,"Create the life you desire by choosing love over fear. Learn how HERE In this Soul Feast, Gary Zukav gets to the heart of one of the most transformative distinctions in spiritual evolution: the difference between living as a victim and living as a creator. Drawing on the framework of Authentic Power – and the […]",https://seatofthesoul.com/wp-content/uploads/2026/05/GaryZukav_Ep82_Graphic-02.jpg,https://seatofthesoul.com/wp-content/uploads/2026/05/GaryZukav_Ep82_Graphic-02.jpg,Gary Zukav,,Soul Feast,"Create the life you desire by choosing love over fear. Learn how HERE In this Soul Feast, Gary Zukav gets to the heart of one of the most transformative distinctions in spiritual evolution: the difference between living as a victim and living as a creator. Drawing on the framework of Authentic Power – and the […]",https://www.youtube.com/watch?v=FgT8Z0q2QZU,"<p><strong>Create the life you desire by choosing love over fear. <a href=""https://seatofthesoul.com/love-fear/"">Learn how HERE</a></strong></p><p>In this Soul Feast, Gary Zukav gets to the heart of one of the most transformative distinctions in spiritual evolution: <b>the difference between living as a victim and living as a creator. </b>Drawing on the framework of Authentic Power – and the deeply personal experience of returning home from the hospital following Linda Francis’s Soul transition – </p><p>Gary walks listeners through what it actually feels like in the body and mind to be driven by fear, and what becomes possible the moment you make the Responsible Choice to choose love instead.</p><p>Gary introduces Emotional Awareness as the practical tool for recognizing which part of your personality is “at the wheel.” <b>Fear shows up as physical pain in your energy processing centers – aching, contracting, churning – paired with critical, judgmental thoughts.</b> It reaches outward, trying to extract from the world what it believes it cannot find within. Gary is clear: this pursuit of external power is the anatomy of victimhood. <b>Whether it is romantic attraction, addiction, or the need for admiration, all trace back to the same root: the pain of powerlessness and the belief that the center of your meaning lives outside of you.</b></p><p><b>The path out is not found through willpower or the intellect – it is found through intimacy with your own frightened parts and the courageous choice, made moment by moment, to let love move you instead.</b></p><h3><strong>What You’ll Discover in This Soul Feast:</strong></h3><ul><li><strong>(00:02) — The Choice That Defines Everything:</strong> Gary opens with the central tension every Soul faces: a new consciousness is being born and the old world is disintegrating. The question is not whether change is coming – it is which world you will make the Responsible Choice to live in.</li><li><strong>(01:22) — Emotional Awareness: Your Body Doesn’t Lie:</strong> Gary breaks down the somatic practice of distinguishing love from fear – where to place your Total Attention, what physical sensations to look for in your energy centers, and why the thoughts of a frightened personality are always critical and judgmental.</li><li><strong>(03:30) — The Pain of Powerlessness:</strong> At the root of every frightened part of the personality – anger, jealousy, resentment, addiction – is the same unbearable pain: the feeling of being intrinsically defective and fundamentally alone. Gary names it plainly and reminds listeners that everyone in the Earth School carries it.</li><li><strong>(07:52) — Victim or Creator? The Real Definition:</strong> Gary reframes victimhood not as weakness but as a structural condition – one that includes romantic attraction, martyrdom, and every addiction. He contrasts this with the Creator who asks not what they can get through external power, but what they can give from the Soul.</li><li><strong>(11:44) — How to Challenge Fear (Without Fighting It):</strong> Becoming intimate with fear – feeling exactly where it lives, watching what it thinks – is the heroic work. The frightened parts of your personality are not obstacles to your spiritual evolution; they are the avenues.</li><li><strong>(20:24) — The Night Linda Didn’t Come Home:</strong> Gary shares the raw account of returning home from the hospital alone for the first time following Linda’s Soul transition. He didn’t follow a protocol; he simply stayed aware in a state of Ready Presence and found the next morning that something fundamental had shifted.</li></ul><p><strong>Embrace the Soul Step Challenge</strong></p><p>Think of something you’ve reached for – food, a drink, your phone, someone’s approval – when the discomfort got too loud to sit with. What was the feeling underneath that reaching? Where did you feel it in your body? The next time that sensation arrives, Gary invites you to place your attention in your throat, your chest, your solar plexus. Ask: what is this frightened part of me thinking? You don’t have to fix it – just stay with it long enough to remember that you are the one who gets to choose.</p>"
Soul Feast #73: Gary Zukav’s Personal Experiences – Linda Part 3,soul-feast-73-gary-zukavs-personal-experiences-linda-part-3,"Discover a new way of seeing and experiencing the world. Start your journey to multisensory perception HERE. In this deeply intimate continuation of his journey, Gary Zukav reveals what happens when the boundaries between physical and non-physical reality begin to dissolve. Through his ongoing Spiritual Partnership with Linda Francis after her Soul’s transition, Gary […]",https://seatofthesoul.com/wp-content/uploads/2026/02/GaryZukav_Ep73_Graphic-01.jpg,https://seatofthesoul.com/wp-content/uploads/2026/02/GaryZukav_Ep73_Graphic-01.jpg,Gary Zukav,,Soul Feast,"Discover a new way of seeing and experiencing the world. Start your journey to multisensory perception HERE. In this deeply intimate continuation of his journey, Gary Zukav reveals what happens when the boundaries between physical and non-physical reality begin to dissolve. Through his ongoing Spiritual Partnership with Linda Francis after her Soul’s transition, Gary […]",,"<p><strong>Discover a new way of seeing and experiencing the world. <a href=""https://seatofthesoul.com/mutli-five-sensory/"">Start your journey to multisensory perception HERE</a>.</strong></p><p>In this deeply intimate continuation of his journey, <b>Gary Zukav reveals what happens when the boundaries between physical and non-physical reality begin to dissolve.</b> Through his ongoing Spiritual Partnership with Linda Francis after her Soul’s transition, Gary guides listeners through the paradox of profound presence and profound loss existing simultaneously. He shares the bewildering terrain of speaking with Linda daily while also aching for her physical touch – the five-sensory longing to hear her laugh. <b>This is not a story of “getting over” grief; it is a testament to expanding beyond the personality’s limitations to discover a connection that transcends the Earth School’s physical constraints.</b></p><p><b>The confusion Gary describes is not weakness – it is the natural friction that occurs when frightened parts of the personality demand the world remain as it was, while loving parts recognize a deeper intimacy emerging. </b>His teacher’s instruction seemed impossible: <i>forget about missing Linda and enjoy life.</i> Yet this paradox held the key to Authentic Power. </p><p>The pain of the personality can coexist with the reality of the Soul’s presence, and the intellect – designed only for five-sensory perception – cannot reconcile what the heart already knows.</p><p>The solution Gary discovered was a Responsible Choice: to experience greater intimacy with Linda, he had to stop clinging to the old forms of their relationship. <b>By setting the intention to relax into joy, he created space for a multisensory connection to emerge </b>– one where Linda appears in morning light, in clouds, and in moments of presence so powerful they fill every cell of his being. This is <b>the promise of multisensory perception: not the loss of those we love, but an expansion into experiencing them in ways the five senses alone could never access.</b></p><h3><strong>What You’ll Discover in This Soul Feast:</strong></h3><ul><li><strong>(00:02) — The Vast Scope of Human Emotion:</strong> Gary explores the full range of emotional experience—from rage and victimhood to gratitude and awe—and why you are far more than any single snapshot of feeling.</li><li><strong>(04:15) — Choosing Between Love and Fear:</strong> How the new consciousness gives you the unprecedented ability to distinguish frightened parts of your personality from loving parts, and to make the Responsible Choice of which to act on.</li><li><strong>(06:50) — “Linda Is With You”:</strong> The first words Gary’s teacher spoke after Linda’s Soul’s transition, and why frightened parts of the personality demand the world remain unchanged while love opens to new possibilities.</li><li><strong>(11:03) — Forgetting About Missing Her:</strong> The paradoxical instruction to “forget about missing Linda and enjoy life”—and how setting this intention opened the door to experiencing her multisensory presence more fully.</li><li><strong>(14:34) — Seeing Linda in Everything:</strong> Gary describes the first time he saw Linda in the morning light through trees, in clouds, and felt her presence so powerfully it filled his entire being.</li><li><strong>(18:14) — Beyond the Intellect’s Limits:</strong> Why the intellect was never designed to understand non-physical reality, and how the new consciousness allows you to become what you are rather than just describe it.</li></ul><p><strong>Embrace the Soul Step Challenge</strong></p><p>Think of someone you have navigated a transition with – whether through a Soul’s transition, distance, or the shifting forms of a relationship – and recall a moment when you felt their multisensory presence in an unexpected way. Perhaps in nature, in a sudden knowing, or in a feeling that filled you without explanation.</p><p><strong>Pause and ask yourself: <i>What if that presence was real?</i></strong> What if the way you have been taught to understand connection is only a limited form of five-sensory perception? What if there are intimacies available to you now that you could not access before? Gently invite yourself to consider that those you love may be closer than your five senses can perceive, waiting for you to make the Responsible Choice to relax into a new way of experiencing their presence.</p>"
