Blog Title,Slug,Short Description,Blog Thumbnail Image,Blog Banner Image,Editor Name,Editor Image,Category Name,Blog Single Description,Video Link,Blog Rich Text
Soul Feast #84: Scarlett Lewis – How to Choose Love While You’re Still in Pain: Scarlett Lewis- Gary Zukav’s Personal Experiences,soul-feast-84-scarlett-lewis-how-to-choose-love-while-youre-still-in-pain-scarlett-lewis-gary-zukavs-personal-experiences,Your journey to Authentic Power begins here.,https://seatofthesoul.com/wp-content/uploads/2026/05/GaryZukav_Ep84_Graphic-01.jpg,https://seatofthesoul.com/wp-content/uploads/2026/05/GaryZukav_Ep84_Graphic-01.jpg,Gary Zukav,,Soul Feast,Your journey to Authentic Power begins here.,https://www.youtube.com/watch?v=MCG2cYl-G1k,"<p><strong>Your journey to Authentic Power begins here. <a href=""https://seatofthesoul.com/apg-optin/"">Download your copy of the Authentic Power Guidelines today</a></strong></p>

<p>In this deeply moving continuation, Gary Zukav and Scarlett Lewis – founder of the Choose Love Movement – explore the interior landscape of <b>Authentic Power: what it truly means to choose love not just as a feeling, but as a conscious act of will in the face of grief, fear, and loss. </b>Together, they trace the path from forgiveness to compassion, and from compassion to personal transformation.</p>
<p>At the center of their exchange is a truth both hard-won and universal: <b>that the frightened parts of our personalities – anger, judgment, resentment, and righteousness – are not enemies to defeat but opportunities for deeper awareness.</b> Scarlett shares how forgiving the individual responsible for the death of her son, Jesse, was not an act of denial, but of liberation – and how that conscious choice led her to feel genuine compassion, and ultimately, love.</p>
<p><strong>Gary illuminates what makes this possible: </strong></p>
<p>A new level of consciousness allows us to see that we are not our frightened parts. We can observe them, choose not to be controlled by them, and act from our loving parts – even while fear is still present. </p>
<p><b>That is the exact moment Authentic Power is created.</b></p>
<p><strong>What You’ll Discover in This Soul Feast:</strong></p>
<ul>
<li><strong>(03:57) — Gary reflects on why he invited Scarlett back:</strong> her response to Jesse’s transition demonstrates what it looks like to face the frightened parts of the personality and choose love over judgment.</li>
<li><strong>(14:36) — Scarlett shares</strong> the internal process of forgiveness—releasing the charge of an event to move from the pain of the personality into the compassion and love of the Soul.</li>
<li><strong>(19:55) — Gary and Scarlett explore the paradox of Authentic Power</strong>: the tools of Emotional Awareness and Responsible Choice are simple, but applying them while fear is active is the most demanding work in the Earth School.</li>
<li><strong>(22:12) — Gary describes the exact moment Authentic Power is created:</strong> when you choose to act from a loving part of your personality while simultaneously experiencing the sensations of a frightened part.</li>
<li><strong>(31:55) — Scarlett reflects</strong> on approaching painful experiences as a Soul curriculum—turning toward difficulty with curiosity so that it refines, rather than defines, your life.</li>
<li><strong>(38:17) — Scarlett invites listeners to visit ChooseLoveMovement.org t</strong>o access tools for the next generation, helping children learn the skills of Authentic Power so they meet the world with love instead of fear.</li>
</ul>
<p><strong>Embrace the Soul Step Challenge</strong></p>
<p>Think of a moment when you felt the pull of a frightened part of your personality – anger, resentment, or the urge to be against something rather than for something. Now ask yourself: what was the loving intention beneath it that you couldn’t yet access? The next time a frightened part becomes active, pause before you act or speak. Ask: what would it look like to respond from the part of me that loves? You don’t have to feel love first. You only have to choose it.</p>"
"Soul Feast #83: Choosing Love Over Revenge: From Sandy Hook to 18,000 Schools – Gary Zukav’s Personal Experiences",soul-feast-83-choosing-love-over-revenge-from-sandy-hook-to-18000-schools-gary-zukavs-personal-experiences-2,Your journey to Authentic Power begins here.,https://seatofthesoul.com/wp-content/uploads/2026/05/GaryZukav_Ep83_Graphic-02.jpg,https://seatofthesoul.com/wp-content/uploads/2026/05/GaryZukav_Ep83_Graphic-02.jpg,Gary Zukav,,Soul Feast,Your journey to Authentic Power begins here.,https://www.youtube.com/watch?v=NoWtPnfTCw8,"<p><strong>Your journey to Authentic Power begins here. <a href=""https://seatofthesoul.com/apg-optin/"">Download your copy of the Authentic Power Guidelines today</a></strong></p>

<p><br>
In this profound co-creation, <b>Gary Zukav welcomes his first-ever Deepcast guest: Scarlett Lewis, founder of the Choose Love Movement</b> – a global nonprofit now reaching nearly 18,000 schools across 132 countries.</p>
<p>Scarlett shares the internal dynamics behind the movement, born from the experience of her six-year-old son Jesse’s return home on December 14th, 2012. Rather than surrender to the frightened parts of her personality that sought grief or revenge, she found her purpose in three words Jesse had written on the family’s kitchen chalkboard shortly before his transition: Nurturing, Healing, Love.</p>
<p><b>At the heart of Choose Love is a simple but profound truth: hurt people hurt people</b>. Scarlett recognized through direct experience that if the shooter had been able to give and receive nurturing, healing love, the tragedy would never have occurred. <b>That awareness did not produce blame – it produced a mission of the heart.</b></p>
<p>Gary reflects on Scarlett’s journey through the lens of the New Consciousness: what the personality calls a tragedy, the Soul recognizes as an opportunity for evolution – </p>
<p><b>One that has already changed millions of lives and made clear that love is not a feeling to wait for, but a Responsible Choice available in every moment.</b></p>
<h3><strong>What You’ll Discover in This Soul Feast:</strong></h3>
<ul>
<li><strong>(02:06) — The Choose Love Movement:</strong> Scarlett introduces the intentional vessel of her global nonprofit and the experience that gave birth to it. She shares how Jesse’s final chalkboard message – Nurturing, Healing, Love – became her life’s mission and the foundation for creating Authentic Power in the next generation.</li>
<li><strong>(07:55) — Refined, Not Defined:</strong> Scarlett describes her Responsible Choice following the Sandy Hook transition: the decision to not be defined by the frightened parts of the personality or grief. She chose joy and modeled for her surviving son what it means to be <i>for</i> love rather than <i>against</i> fear.</li>
<li><strong>(11:06) — A Miracle, Not a Tragedy:</strong> Gary reframes the events through the lens of multisensory perception. What the five-sensory personality labels a tragedy, the Soul recognizes as a miracle of awakening – one that has seeded a global movement and revealed the reality that love is an available choice in every Choice Moment™.</li>
<li><strong>(19:15) — Global Dissemination:</strong> From a farmhouse in Sandy Hook to nearly 18,000 schools, Scarlett discusses the Soul’s intention for this work. The movement’s reach culminated in “Choose Love” appearing in NFL end zones and on helmets at the Super Bowl – a beautiful sign of our collective awakening.</li>
<li><strong>(25:22) — The Gift of Attention:</strong> Scarlett shares the experience of sitting with school shooters and asking the question the intellect often avoids: <i>What needs were not met?</i> Their answer – that they didn’t feel seen – leads Gary and Scarlett to explore the Reverence required to see the holiness in every Soul we encounter.</li>
<li><strong>(29:50) — There Is No “Out There”:</strong> Understanding the multisensory reality that there is no separation between the inner and outer worlds. Every choice to move from fear to love ripples across the collective. As Scarlett notes, the change we seek in the Earth School must first be anchored within our own hearts.</li>
</ul>
<p><strong>Embrace the Soul Step Challenge</strong></p>
<p>Think of someone you recently pulled back from – a stranger, a colleague, someone in the news. What story did your mind tell about them? Now consider: what if that person simply didn’t feel seen? The next time you feel yourself contracting, pause and ask: Can I look for the light in this person right now? You don’t have to understand them or agree with them. Just choose – for one moment – to see them.</p>"
Soul Snack #82: The Reason Jealousy Keeps Coming Back,soul-snack-82-the-reason-jealousy-keeps-coming-back,Your emotions are messages from your soul.,https://seatofthesoul.com/wp-content/uploads/2026/05/GaryZukav_Ep82.5_Graphic-02.jpg,https://seatofthesoul.com/wp-content/uploads/2026/05/GaryZukav_Ep82.5_Graphic-02.jpg,Gary Zukav,,Soul Snack,Your emotions are messages from your soul.,https://www.youtube.com/watch?v=95cTTgUnY4g,"<p><strong>Your emotions are messages from your soul. <a href=""http://www.seatofthesoul.com/emotionalawarenesscourse"">Learn How to Tune In, </a>Listen HERE</strong></p>

<p><b>A new multisensory consciousness is transforming humanity, and with it comes an invitation to look honestly at the parts of ourselves we have long avoided – or justified.</b> In this Soul Snack, Gary Zukav and Linda Francis explore jealousy: what it feels like in the body, how it shapes our behavior, and <b>what it truly means to choose love when a frightened part of the personality is active.</b></p>
<p>Linda Francis opens with a candid admission – she was a deeply jealous person for most of her life, and for a long time, she didn’t fully recognize it. </p>
<p>When she did, her first instinct was to believe she had a right to feel that way – that the circumstances justified her reaction. But through her Spiritual Partnership with Gary, Linda came to understand a fundamental truth: <b>changing the people and situations around her would never change the internal dynamics generating her pain.</b></p>
<p>The shift occurred when Linda stopped “acting out” her jealousy – pushing away, judging, or separating – and made the Responsible Choice to feel the sensation instead. <b>By naming the fear to Gary and staying present with the physical sensations in her energy processing centers, she empowered her loving parts.</b> Over time, that frightened part of her personality lost its grip, allowing for a deeper alignment with her Soul.</p>
<h3><strong>What You’ll Discover in This Soul Snack:</strong></h3>
<ul>
<li><strong>(00:43) — Linda on living with unrecognized jealousy:</strong> Linda shares how deeply jealousy ran through her life – and how long she believed the circumstances around her were responsible for it.</li>
<li><strong>(01:41) — The moment the work began:</strong> Once Linda could no longer look outside herself for answers, she turned inward – naming the feelings in her body and telling Gary the truth of what she was experiencing.</li>
<li><strong>(02:40) — What she did instead of acting out:</strong> Rather than separating from Gary or blaming him, Linda chose to feel the jealousy fully – noticing thoughts and body sensations – without letting them direct her actions.</li>
<li><strong>(03:35) — How repetition created real change:</strong> By returning to this practice each time jealousy arose, Linda gradually gained power over that part of her personality, until what was once constant now appears only rarely.</li>
<li><strong>(04:00) — The only thing that actually worked:</strong> Changing herself – not the people or circumstances around her – was the only thing that helped her to choose to act from a loving part of her personality, and the same applies to every frightened part of the personality rooted in fear.</li>
</ul>
<p><strong>Embrace the Soul Step Challenge</strong></p>
<p>This week, when jealousy arises  -whether it shows up as a tightness in the chest, a sudden urge to pull away, or a thought that someone else is more than you – pause before acting on it. Ask yourself: Where do I feel this in my body? What story is it telling me? And what would it look like to feel this fully without letting it decide what I do next? Each time you choose to feel rather than react, you take one more step toward Authentic Power.</p>"
Soul Snack #81: Judging Someone? This Is What You Should Do,soul-snack-81-judging-someone-this-is-what-you-should-do,Learn how to connect with your intuition every day.,https://seatofthesoul.com/wp-content/uploads/2026/05/GaryZukav_Ep81.5_Graphic-01.jpg,https://seatofthesoul.com/wp-content/uploads/2026/05/GaryZukav_Ep81.5_Graphic-01.jpg,Gary Zukav,,Soul Snack,Learn how to connect with your intuition every day.,https://www.youtube.com/watch?v=vA9MlKAkZVk,"<p><strong>Learn how to connect with your intuition every day. Start your journey to authentic power!</strong></p>
<p><strong><a href=""https://seatofthesoul.com/daily-intuition-practice/"">Click Here</a></strong></p>

<p><b>A new multisensory consciousness is transforming humanity, and with it comes a deeper capacity for connection – one that begins not with the world around us, but within ourselves.</b> In this Soul Snack, Gary Zukav and Linda Francis explore the experience of compassion: what it feels like when it arises naturally, and what it means to cultivate it deliberately through the practice of Authentic Power.</p>
<p>Linda Francis opens by reflecting on how grateful she feels whenever compassion moves through her – and how it always leads back to love. She invites Gary to share his own experience, and he describes compassion arising most reliably in moments of judgment. </p>
<p>When he notices himself criticizing or pulling away from someone, he makes the Responsible Choice to remember that they are a Soul in a frightened part of their personality, and in pain.</p>
<p>In that remembering, the desire to connect overtakes the impulse to judge.</p>
<p><b>The Authentic Power Guidelines define compassion as the practice of noticing that other people are Souls, just like us, who sometimes have frightened parts of their personalities active </b>– and that remembering this is often enough to bring us back to the frequency of Love.</p>
<h3><strong>What You’ll Discover in This Soul Snack:</strong></h3>
<ul>
<li><strong>(00:43) — Linda reflects on the feeling of compassion:</strong> Linda shares her gratitude for the moments when compassion arises naturally – and how it always connects back to love.</li>
<li><strong>(01:01) — Gary on when compassion emerges most clearly:</strong> For Gary, compassion tends to surface in moments of judgment – when he notices himself criticizing someone and remembers they are a soul in pain.</li>
<li><strong>(01:38) — How remembering shifts the experience:</strong> When Gary recognizes that someone is in a frightened part of their personality, the impulse to judge loses its pull, and the desire to connect takes its place.</li>
<li><strong>(02:57) — The Authentic Power definition of compassion:</strong> The guidelines offer a clear and actionable understanding: compassion is remembering that other people are souls like us, who sometimes have frightened parts active – a tool that can interrupt judgment and return us to love.</li>
<li><strong>(03:39) — The progression of practice:</strong> Gary describes the natural arc of creating Authentic Power – from <i>I can do this</i> to <i>this is who I am</i> – where compassion becomes instinctive rather than intentional.</li>
<li><strong>(04:24) — Linda on the role of intention:</strong> Linda observes that Gary’s consistency with compassion flows from his clear intention to create Authentic Power  – and Gary affirms that he renews that intention every morning, every evening, and many times in between.</li>
</ul>
<p><strong>Embrace the Soul Step Challenge</strong></p>
<p>This week, when judgment arises toward someone in your life, pause before acting on it. Ask yourself: Is this person in a frightened part of their personality? Are they in pain? Let that question soften the distance. Each time you choose to remember that the person in front of you is a soul, just like you, you take one more step toward Authentic Power.</p>"
Soul Feast #81: Why You Are the Universe – Gary Zukav’s Personal Experiences,soul-feast-81-why-you-are-the-universe-gary-zukavs-personal-experiences,Discover a new way of seeing and experiencing the world.,https://seatofthesoul.com/wp-content/uploads/2026/05/GaryZukav_Ep81_Graphic-02.jpg,https://seatofthesoul.com/wp-content/uploads/2026/05/GaryZukav_Ep81_Graphic-02.jpg,Gary Zukav,,Soul Feast,Discover a new way of seeing and experiencing the world.,https://www.youtube.com/watch?v=pDQ2IgMoVl0,"<p><strong>Discover a new way of seeing and experiencing the world. <a href=""https://seatofthesoul.com/mutli-five-sensory/"">Start your journey to multisensory perception HERE</a></strong></p>

<p>In this Soul Feast, <b>Gary Zukav brings his personal series to its most expansive destination yet: the Universe itself.</b> Drawing on four years of profound transformation following Linda Francis’s Soul transition to non-physical reality, and the wisdom accumulated through his encounters with non-physical teachers, Jesus, Buddha, and Krishna:</p>
<p>Gary arrives at the insight anchoring every Soul Feast in this series – the Universe is not something you observe. It is something you are.</p>
<p>He revisits the final chapter of <i>The Dancing Wu Li Masters</i> and finds that words he chose a half-century ago – before his personality could fully grasp them – now describe precisely what he is living. <b>Gary traces the arc of human consciousness from five-sensory perception – where only the physical world is real – to the multisensory awareness now emerging across the planet.</b> Genesis taught him this transformation is happening within three generations, with roughly four billion Souls now carrying the new consciousness.</p>
<p>The answer Gary arrives at is simple and total: <b>the Universe is Love, Authentic Power is Love, and the only meaningful work left in the Earth School is to expand awareness of that love – by challenging the frightened parts of your personality and making the Responsible Choice, moment by moment, to let love drive.</b></p>
<h3><strong>What You’ll Discover in This Soul Feast:</strong></h3>
<ul>
<li><strong>(00:00) — An Unprecedented Transformation:</strong> Gary names the shift reshaping human history and frames the central choice every listener faces: gratitude, patience, and awe, or anger, worry, and despair.</li>
<li><strong>(01:22) — The Arc of This Series:</strong> Gary reflects on the journey this series has traced – from Linda’s transition and his encounter with Genesis, to Jesus, Buddha, and Krishna – and explains why the Universe is the destination they were always moving toward.</li>
<li><strong>(09:00) — The Dancing Wu Li Masters Closes the Circle:</strong> Gary returns to the final chapter of his first book, written a half-century ago while “sleepwalking,” and discovers that the words he chose then now describe exactly what he is living.</li>
<li><strong>(12:16) — The Universe Is All That Is:</strong> Drawing on Genesis’s teaching that Gary is the Universe – not an observer of it – Gary explores what it means that the Universe is not a container for love. It is love itself.</li>
<li><strong>(16:26) — Enjoy Yourself. All Is Perfect.:</strong> For 40 years, Genesis ended every session with the same words – enjoy yourself, all is perfect – and Gary only now understands it was never a farewell. It was an instruction. Joy is the revealer of love: you cannot experience both at the same time.</li>
<li><strong>(20:31) — Changing Yourself Changes the World:</strong> The old consciousness sees an uncrossable barrier between inner and outer. The new sees none. As you create authentic power within, the world transforms with you.</li>
</ul>

<p><strong>Embrace the Soul Step Challenge</strong></p>
<p>Think of the last time you tried to change something outside of yourself and found yourself spinning your wheels. What was driving you in that moment –  love or fear? Gary invites you to try a different experiment today: instead of reaching outward, pause and ask the question Genesis asked him for forty years – can I enjoy myself here? All is perfect. Not as a platitude, but as a practice.</p>"
Soul Feast #80: Who’s Driving Your Chariot? Krishna & The Great Battle – Gary Zukav’s Personal Experiences,soul-feast-80-whos-driving-your-chariot-krishna-the-great-battle-gary-zukavs-personal-experiences,Discover a new way of seeing and experiencing the world.,https://seatofthesoul.com/wp-content/uploads/2026/05/GaryZukav_Ep80_Graphic-02.jpg,https://seatofthesoul.com/wp-content/uploads/2026/05/GaryZukav_Ep80_Graphic-02.jpg,Gary Zukav,,Soul Feast,Discover a new way of seeing and experiencing the world.,https://www.youtube.com/watch?v=6y71JQsciuk,"<p><strong>Discover a new way of seeing and experiencing the world. <a href=""https://seatofthesoul.com/mutli-five-sensory/"">Start your journey to multisensory perception HERE</a></strong></p>

<p>In this Soul Feast, Gary Zukav continues his personal experiences series by turning to a frequency of wisdom that has stayed close to his heart: <b>Krishna</b>. Drawing a familiar <b>distinction between institutionalized religion and living spiritual truth,</b> Gary makes clear this isn’t about Hinduism as dogma – it’s about <b>the Soul’s intention</b> pulsing at its center. He traces his encounter with the <i>Mahabharata</i> and its heart, the <i>Bhagavad Gita</i>, unpacking the epic allegory of two warring families as something far more intimate: <b>the Great Battle between love and fear being fought within each of us, every moment.</b></p>
<p>Gary walks through the pivotal scene in which <b>Arjuna </b>– the greatest warrior in the Earth School – finds his physical body trembling before battle, and Krishna halts the chariot to provide a <b>non-physical perspective</b>. The two armies are not external families – they represent the loving and frightened parts of your own personality. <b>The Responsible Choice of who drives your chariot is the choice that defines your life and creates your future.</b></p>
<p>Authentic Power is not found in armies, wealth, or external power – it is found in the alignment of your personality with your Soul, choosing love over fear, moment by moment, in the Earth School.</p>
<h3><strong>What You’ll Discover in This Soul Feast:</strong></h3>
<ul>
<li><strong>(00:00) — Two Worlds, One Choice:</strong> Gary opens with the invitation anchoring this series: the choice between the new multisensory consciousness – gratitude, patience, and awe – and the old world of external power defined by anger, worry, and despair.</li>
<li><strong>(03:05) — The Heart of Hinduism:</strong> Gary shares how the <i>Mahabharata</i> opened him to living spiritual wisdom –  and how its heart, the <i>Bhagavad Gita</i>, distills everything into one searing question: love or fear?</li>
<li><strong>(06:30) — Arjuna’s Responsible Choice:</strong> The greatest warrior in the Earth School chooses Krishna as his chariot driver over all the armies in the world. Gary unpacks what that choice means – and why the Kaurava leader’s delight in gaining the armies (external power) is itself the lesson.</li>
<li><strong>(09:44) — The Greatest Battle Is Inside You:</strong> The two warring families represent the loving and frightened parts of your personality. The battle between them is the curriculum every awakening human being is living right now.</li>
<li><strong>(13:06) — Authentic Power Requires Your Total Involvement:</strong> Multisensory perception alone does not create Authentic Power – commitment, courage, compassion, and conscious action do. You cannot opt out. You volunteered.</li>
<li><strong>(20:56) — Living it Consciously:</strong> Gary shares how he and Linda Francis listened to the <i>Bhagavad Gita</i> together in Spiritual Partnership, and how even after her Soul’s transition, they continue to co-create. He carries Krishna’s words not as philosophy, but as lived experience.</li>
</ul>
<h3><strong>Embrace the Soul Step Challenge</strong></h3>
<p>Think of the great battle in your own life – not on any battlefield, but in a choice you keep deferring, a frightened part of yourself you keep handing the reins to. Arjuna, the greatest warrior in the world, froze. And yet he chose Krishna. Who are you choosing as your chariot driver? What would it look like, just today, to let love drive?</p>"
"Soul Feast #79: Buddha, Angels & the Moment My Mind Went Quiet – Gary Zukav’s Personal Experiences",soul-feast-79-buddha-angels-the-moment-my-mind-went-quiet-gary-zukavs-personal-experiences,Discover a new way of seeing and experiencing the world.,https://seatofthesoul.com/wp-content/uploads/2026/05/GaryZukav_Ep79_Graphic-01.jpg,https://seatofthesoul.com/wp-content/uploads/2026/05/GaryZukav_Ep79_Graphic-01.jpg,Gary Zukav,,Soul Feast,Discover a new way of seeing and experiencing the world.,https://www.youtube.com/watch?v=8fbI0wnzbno,"<p><strong>Discover a new way of seeing and experiencing the world. Start your journey to multisensory perception <a href=""https://seatofthesoul.com/mutli-five-sensory/"">HERE</a></strong></p>

<p>In thisSoul Feast, <b>Gary Zukav continues his personal experiences series by tuning to a frequency he never anticipated: Buddha. </b>Making the same distinction he drew with Christ and Christianity, Gary is clear this isn’t about institutionalized structures – it’s about Siddhartha’s living wisdom. <b>He shares two unexpected encounters in San Francisco – the Kalachakra initiation with Kalu Rinpoche and the Black Hat Ceremony with the Karmapa – that silenced the chatter of his personality and brought tears his five-sensory perception couldn’t explain.</b></p>
<p>Gary traces the parallels between Buddha and Christ – two Souls, two transformations, two Responsible Choices that changed everything – alongside the teaching from Genesis, his long-term non-physical teacher, that the Universe is inside you, and there is no outside. </p>
<p>At first incomprehensible to the intellect, the idea echoed across traditions: Christ’s “the kingdom of heaven is within,” Lakota wisdom, and Buddha’s vision of worlds as numerous as dust motes. The intellect will never perceive this, Gary says. But your Soul can.</p>
<p><b>What emerged was simple: consciousness is immortal, and every moment in the Earth School is an invitation to make the Responsible Choice to choose love over fear.</b></p>
<h3><strong>What You’ll Discover in ThisSoul Feast:</strong></h3>
<ul>
<li><strong>(00:00) — Two Worlds, One Choice:</strong> Gary opens with the invitation anchoring this series: the choice between the new multisensory consciousness – gratitude, patience, and awe — and the old world of external power defined by anger, worry, and despair.</li>
<li><strong>(03:05) — The Most Personal Are the Most Universal:</strong> Gary explains why he shares his own experiences – not to be believed, but because the most intimate truths are the ones your Soul already recognizes.</li>
<li><strong>(06:30) — Two Encounters, One Silence:</strong> Gary recounts the Kalachakra initiation and the Black Hat Ceremony – experiences that stilled the chatter of his personality, brought unexplained tears, and drew the living wisdom of the Buddha into his life without his seeking it.</li>
<li><strong>(13:19) — Buddha and Christ:</strong> Two Paths, One Transformation: Gary draws the parallels between Siddhartha and Jesus – two Souls, both transformed. It was their Responsible Choices in those moments, not their miracles, that made them who they became in the Earth School.</li>
<li><strong>(18:21) — The Universe Is Inside You:</strong> Gary shares the teaching from Genesis that stopped him cold – and how it echoed across Christ, Lakota wisdom, and Buddha’s vision of worlds as numerous as dust motes, until it became undeniable to his multisensory perception.</li>
<li><strong>(23:33) — You Are a Unique Expression of the Universe:</strong> When his non-physical teachers told Gary he was Immortal, something shifted permanently. Consciousness does not cease. Spiritual responsibility does not cease. And that realization makes every moment in the Earth School precious.</li>
</ul>
<p><strong>Embrace the Soul Step Challenge</strong></p>
<p>Think of a moment when something unexpected opened a door – a conversation, an event you nearly didn’t attend. Did it quiet something in you? Leave a mark you couldn’t explain? Buddha didn’t find enlightenment by staying in the palace. Jesus didn’t become the Christ by avoiding the wilderness. What are you being asked to step toward that your intellect says makes no sense? What wisdom is already inside you, waiting to be recognized?</p>"
Soul Snack #78: Are You Actually Enjoying Your Life?,soul-snack-78-are-you-actually-enjoying-your-life,Your emotions are messages from your soul.,https://seatofthesoul.com/wp-content/uploads/2026/05/GaryZukav_Ep78.5_Graphic-02.jpg,https://seatofthesoul.com/wp-content/uploads/2026/05/GaryZukav_Ep78.5_Graphic-02.jpg,Gary Zukav,,Soul Snack,Your emotions are messages from your soul.,https://www.youtube.com/watch?v=8kxJMNbIp6I,"<p><strong>Your emotions are messages from your soul. </strong><a href=""http://www.seatofthesoul.com/emotionalawarenesscourse""><strong>Learn How to Tune In and Listen Here</strong></a></p>

<p><br>
In this illuminating episode, Gary Zukav and Linda Francis invite listeners to examine one of the most deceptively simple questions of spiritual evolution: <b><i>Are you truly enjoying yourself?</i></b><b> They offer a profound lens for understanding why so many of us navigate the Earth School without genuine joy – and what it means to make a Responsible Choice to live differently</b>.</p>
<p>Linda Francis reveals a powerful internal indicator: when you are not truly enjoying yourself, a frightened part of your personality is in command. </p>
<p>The moment you notice this lack of joy is the very moment you are being invited to choose again.</p>
<p><b>The path is available in every moment: choose the loving part of your personality – the part that always enjoys itself – and create Authentic Power by letting it lead.</b></p>
<h3><strong>What You’ll Discover in This Episode:</strong></h3>
<ul>
<li><strong>(00:02) — A New World, A New Choice:</strong> Gary opens with a vision of two worlds calling to each of us – one rooted in gratitude, patience, and awe (the new consciousness); the other in anger, worry, and despair (the old world of external power).</li>
<li><strong>(00:42) — Your Enjoyment as a Spiritual Indicator:</strong> Linda shares a transformative insight: if you are not truly enjoying yourself, a frightened part of your personality is active and in control of your experience in the Earth School.</li>
<li><strong>(01:12) — The Power to Choose:</strong> In any moment of non-enjoyment, you can make the Responsible Choice to consciously shift to the loving part of your personality, which always enjoys itself and aligns with your Soul.</li>
<li><strong>(01:39) — A Daily Reminder:</strong> Linda shares that she continues to receive the same message in her own meditations: <i>enjoy yourself</i>. Even for those deeply committed to spiritual evolution, this practice is ongoing and worth returning to every day as you create Authentic Power.</li>
<li><strong>(01:54) — One Happy Buddhist:</strong> Gary closes with a warm story about the Dalai Lama – a reminder that joy is not something to be earned through effort, but a conscious choice that reflects the frequency of the Soul.</li>
</ul>

<p><strong>Embrace the Soul Step Challenge:</strong></p>
<p>Pause and reflect: how much of your day are you truly enjoying yourself? The next time you notice tension, frustration, or a quiet sense of dread, stop and ask yourself – is a frightened part of my personality running the show right now? You don’t need to judge it. Simply notice it. Then ask: what would it feel like to choose the loving part of my personality instead? Try it once today – just once – and notice what shifts.</p>"
Soul Snack #77: You Were Born To Choose Love,soul-snack-77-you-were-born-to-choose-love,Discover a new way of seeing and experiencing the world.,https://seatofthesoul.com/wp-content/uploads/2026/05/GaryZukav_Ep77.5_Graphic-02.jpg,https://seatofthesoul.com/wp-content/uploads/2026/05/GaryZukav_Ep77.5_Graphic-02.jpg,Gary Zukav,,Soul Snack,Discover a new way of seeing and experiencing the world.,https://www.youtube.com/watch?v=VqiIgk6ZtGg,"<p><strong>Discover a new way of seeing and experiencing the world. Start your journey to multisensory perception <a href=""https://seatofthesoul.com/mutli-five-sensory/"">HERE</a></strong></p>

<p>In this soul-stirring Soul Snack, <b>Gary Zukav speaks directly to the heart of what it means to be alive in this unprecedented moment of human evolution.</b> As a new consciousness reshapes the entire human species.</p>
<p>Gary presents each listener with a fundamental choice: will you orient your life toward gratitude, patience, contentment, and awe – or remain in the familiar grip of fear and doubt? </p>
<p>This Soul Snack is both an invitation and a roadmap for those ready to walk the path of authentic transformation.</p>
<p><b>At the center of Gary’s teaching is the recognition that the frightened parts of our personality – those deeply ingrained patterns of reactivity and self-protection – will continue to run the show until we make a conscious, intentional choice to move beyond them. </b>The challenge is not simply wanting to change; it is summoning the genuine, soul level intention to align your personality with your soul and create Authentic Power.</p>
<p>The path forward is clear: <b>scan your body for emotional currents, set your intention, and choose love over fear in each moment.</b> By doing so, you become a spiritual partner – to yourself, and to those around you. As Gary reminds us, you were born to do this. Why not begin now?</p>
<h3><strong>What You’ll Discover in ThisSoul Snack:</strong></h3>
<ul>
<li><strong>(00:02) — A New World Being Born:</strong> Gary describes the unprecedented evolution of the human species – from five-sensory to multi-sensory – and the moment-by-moment choice we each face between two worlds.</li>
<li><strong>(00:30) — The Essence of Authentic Power:</strong> How to align your personality with your soul. Gary makes it clear: without a conscious intention, this alignment – and your spiritual evolution—simply cannot happen.</li>
<li><strong>(01:03) — Intention as the Only Lever:</strong> Only your own sincere, soul-level intention can move you beyond the control of the frightened parts of your personality. No one can do this work for you.</li>
<li><strong>(01:30) — The Choice for Love:</strong> Gary illuminates the core practice of spiritual awareness: distinguishing the frequency of love from the frequency of fear within your own body – and choosing love, unconditionally.</li>
<li><strong>(02:00) — The Path of Spiritual Partnership:</strong> Gary invites you into a new way of relating – as equals who are joined together for the purpose of spiritual growth.</li>
</ul>
<p><strong>Embrace the Soul Step Challenge:</strong></p>
<p>Pause and reflect: where in your life are the frightened parts of your personality still making decisions for you? Identify one moment this week when you felt fear, anger, or overwhelm  – and ask yourself: what would it have looked like to choose love instead? Set a clear intention today. Say it aloud or write it down: “I intend to align my personality with my soul and create Authentic Power in my life.” Notice what shifts when you do.</p>"
Soul Feast #77: Jesus – What Does It Mean To Be Guided By Him? – Gary Zukav’s Personal Experiences,soul-feast-77-jesus-what-does-it-mean-to-be-guided-by-him-gary-zukavs-personal-experiences,Discover a new way of seeing and experiencing the world.,https://seatofthesoul.com/wp-content/uploads/2026/05/GaryZukav_Ep77_Graphic-02.jpg,https://seatofthesoul.com/wp-content/uploads/2026/05/GaryZukav_Ep77_Graphic-02.jpg,Gary Zukav,,Soul Feast,Discover a new way of seeing and experiencing the world.,https://www.youtube.com/watch?v=eaCwvyUcdd0,"<p><strong>Discover a new way of seeing and experiencing the world. Start your journey to multisensory perception <a href=""https://seatofthesoul.com/mutli-five-sensory/"">HERE</a></strong></p>

<p>In this Soul Feast Gary Zukav shares a transformative revelation of his journey into multi-sensory perception: <b>the discovery that he is a student under the direct guidance of Jesus Christ. </b>From his initial repulsion – rooted in the frightened parts of his personality and the historical violence and hypocrisy of institutional religion – to the moment Jesus connected and spoke to him directly as a compadre and equal, Gary traces the arc of a relationship that cracked his heart wide open.</p>
<p>For Gary, the word “Christian” carried the heavy energy of the five-sensory human experience – the Crusades, the Inquisition, and the use of power as a weapon of control. </p>
<p>When Genesis delivered the announcement of his guidance, every frightened part of his personality rose up in resistance. Yet, beneath that fear, something else was quietly stirring.</p>
<p>The resolution came not through doctrine, but through direct experience. <b>Jesus met Gary as an equal – a presence so sweet and tender that it dissolved the walls created by the frightened part of his personality.</b> In that moment, the choice to close his heart became an impossibility, replaced by a permanent alignment with unconditional love.</p>
<h3><strong>What You’ll Discover in This Soul Feast:</strong></h3>
<ul>
<li><strong>(00:00) — Beyond the Five Senses:</strong> Gary opens with an invitation into the new human consciousness and the non-physical reality reshaping our species.</li>
<li><strong>(03:22) — The Announcement:</strong> Genesis pauses with profound intentionality, delivering a revelation Gary’s frightened parts never saw coming: he is a student under the direct guidance of Jesus.</li>
<li><strong>(05:20) — The Shadow of the Personality:</strong> Why that announcement felt like a threat to Gary’s sense of self, and the historical power struggles that created his resistance.</li>
<li><strong>(09:41) — The Cross Reframed:</strong> Genesis reinterprets the crucifixion as a map of authentic power: the horizontal path of the five-sensory world, the vertical path of spiritual transformation, and the heart at the intersection of both.</li>
<li><strong>(12:45) — Compadre:</strong> Jesus met Gary not as a deity, but as a spiritual equal – and four words expand his heart beyond the limits of the personality: “And I have you.”</li>
<li><strong>(15:35) — The Sweetness of the Soul:</strong> How the lived tenderness of this presence permanently transformed Gary’s capacity to remain in heart-bound connection with all of Life.</li>
</ul>
<h3><strong>Embrace the Soul Step Challenge</strong></h3>
<p>Think of something you’ve resisted – not because of what it truly is, but because of what the label carried. A word, a tradition, an identity so loaded with history that you couldn’t see past it. What if beneath that label lived something entirely different from what you feared? What parts of your spiritual journey have been shaped – or held back – by the weight of inherited associations? And what might open in you if you were willing to encounter it directly, without the armor of the past?</p>"
Soul Feast #75: Gary Zukav’s Personal Experiences – Angels,soul-feast-75-gary-zukavs-personal-experiences-angels,Discover a new way of seeing and experiencing the world.,https://seatofthesoul.com/wp-content/uploads/2026/05/GaryZukav_Ep75_Graphic-02.jpg,https://seatofthesoul.com/wp-content/uploads/2026/05/GaryZukav_Ep75_Graphic-02.jpg,Gary Zukav,,Soul Feast,Discover a new way of seeing and experiencing the world.,https://www.youtube.com/watch?v=TXIENmYCTcE,"<p><strong>Discover a new way of seeing and experiencing the world. Start your journey to multisensory perception <a href=""https://seatofthesoul.com/mutli-five-sensory/"">HERE </a></strong></p>

<p>In this Soul Feast, <b>Gary Zukav reveals something more fundamental than non-physical teachers: non-physical communication never stops. </b>From a physics meeting at Lawrence Berkeley Laboratory to a first night at Esalen that could not have been random, </p>
<p>Gary traces the invisible guidance that shaped his awakening long before the personality had words for it. </p>
<p>As a young man hungry for meaning in the Earth School, he met the physicist who became his mentor and watched the chapters of <i>The Dancing Wu Li Masters</i> write and arrange themselves without outlines – until <b>he could no longer pretend he was creating alone.</b></p>
<p>The through line is unmistakable: <b>non-physical communication speaks through passion, through sudden knowing, through the chapters of a life that arrange themselves</b>—and through the laughter of a grandmother who lingered at her own funeral to delight in her own transition.</p>
<h3><strong>What You’ll Discover in This Soul Feast:</strong></h3>
<ul>
<li><strong>(00:00) — Beyond the Teacher:</strong> Why non-physical communication is far broader than channeling – and how Gary reframes it as the constant language of the Soul, available to every multisensory human.</li>
<li><strong>(03:07) — A Soul Returns Home:</strong> Gary reflects on the Soul’s transition of Linda Francis and reframes death not as catastrophe but as a soul returning home, welcomed by non-physical teachers and fellow souls into a loving embrace.</li>
<li><strong>(06:07) — The Spark at Lawrence Berkeley:</strong> How a Friday afternoon gathering of renowned physicists ignited something Gary couldn’t yet articulate – and why that uncontainable excitement was itself a form of non-physical communication.</li>
<li><strong>(08:47) — One Night at Esalen:</strong> The story of how Gary met Al Wong and David Finkelstein on his very first evening at Esalen – encounters that gave birth to <i>The Dancing Wu Li Masters</i> and, Gary says, could not possibly have been random.</li>
<li><strong>(15:10) — The Chapters That Closed Themselves:</strong> The pivotal moment during the writing of <i>The Dancing Wu Li Masters</i> when Gary realized he was not creating alone – and understood for the first time that it is not possible to create alone.</li>
<li><strong>(18:02) — Grandmother Libby’s Laugh:</strong> A tender early memory of non-physical communication – when Gary felt his grandmother’s presence at her own funeral, delighting in her own transition and jerking his hand as she always had in life.</li>
</ul>

<p><strong>Embrace the Soul Step Challenge</strong></p>
<p>Think of a moment that arrived too perfectly to be coincidence – a meeting, a passion, a knowing deeper than thought. What if that wasn’t luck? Where has non-physical communication already been at work in your story – and what might it be saying to you right now?</p>"
Soul Feast #74: Gary Zukav’s Personal Experiences – The Angel,soul-feast-74-gary-zukavs-personal-experiences-the-angel,Discover a new way of seeing and experiencing the world.,https://seatofthesoul.com/wp-content/uploads/2026/05/GaryZukav_Ep74_Graphic-02.jpg,https://seatofthesoul.com/wp-content/uploads/2026/05/GaryZukav_Ep74_Graphic-02.jpg,Gary Zukav,,Soul Feast,Discover a new way of seeing and experiencing the world.,https://www.youtube.com/watch?v=Bc57AagRobw,"<p><strong>Discover a new way of seeing and experiencing the world. Start your journey to multisensory perception <a href=""https://seatofthesoul.com/mutli-five-sensory/"">HERE</a></strong></p>

<p>In this transformative Soul Feast, <b>Gary Zukav reveals his first encounters with non-physical teachers – beings that once seemed impossible to his five-sensory mind but became essential guides on his spiritual journey.</b> From a jet-lagged evening in Stockholm where he met Ambrose – a presence that knew impossible details about Gary’s time in the desert – to his profound relationship with Genesis, <b>Gary describes the opening of doorways into non-physical reality. </b>These were not abstract concepts but intimate, life-altering moments that challenged the very foundation of how he understood reality, connection, and the Earth School.</p>
<p>The friction Gary carried during these years wasn’t just about sexuality; it was the heavy burden of addiction and the pursuit of external power through the objectification of others. Genesis, a non-physical teacher, did not permit Gary’s personality to hide behind its defenses. When Gary finally sat before this presence, <b>the unspoken question in his heart was met with a direct hit of truth: the issue was not his sexuality, but his understanding of love and power.</b> This was the pivotal moment where the personality’s desperate need for control met the Soul’s invitation to experience authentic connection.</p>
<p>The wisdom Gary received was a reframe for all of multisensory humanity: </p>
<p>Communication with non-physical teachers is available to everyone, and within that relationship comes the ability to distinguish frightened parts of the personality from the loving parts of the personality.</p>
<p>By learning to recognize the frequency of Genesis’s guidance among the many voices in his mind, Gary discovered that <b>Authentic Power is not found in the temporary relief of addiction, but in the Responsible Choice to choose love, no matter what fear demands.</b></p>
<h3>What You’ll Discover in This Soul Feast:</h3>
<ul>
<li><b>(03:10) — From Radical to Normal:</b> How the ideas in Gary’s first book about the <b>new consciousness</b>, once considered radical in 1989, are now the lived experience of four billion <b>multisensory humans</b>.</li>
<li><b>(05:00) — Meeting Ambrose:</b> Gary’s first encounter with a <b>non-physical teacher</b> in Stockholm—how Ambrose knew about his dreams in the desert and ignited a small flame that Gary had to keep alive by making the <b>Responsible Choice</b> to speak with people.</li>
<li><b>(10:13) — Genesis and the Unspoken Question:</b> The moment Genesis answered the question Gary didn’t have the courage to ask about his sexual addiction, redirecting him from the personality’s struggle to the nature of <b>love and power</b>.</li>
<li><b>(13:45) — Communication Is Established:</b> How Genesis placed a thought in Gary’s mind, taught him to recognize that specific frequency of guidance, and established direct communication that has continued for 40 years.</li>
<li><b>(17:18) — The 1987 Shift:</b> Genesis’s announcement of the <b>Harmonic Convergence</b>—a thousand-year-planned event intended to increase humanity’s openness to <b>multisensory consciousness</b> across three generations.</li>
<li><b>(19:20) — The Humanness of Ambrose:</b> Why Gary describes Ambrose as the most warm, connected, and human presence he’s ever encountered—a very old and good friend in <b>non-physical form</b>.</li>
</ul>
<p>Embrace the Soul Step Challenge</p>
<p>Think of a moment when you received guidance that seemed to come from beyond your own thinking – a sudden knowing, a voice that spoke truth you couldn’t ignore, or wisdom that arrived precisely when you needed it most. Perhaps it happened in meditation, in nature, or in a quiet moment when your mind finally stopped its noise.</p>
<p>Pause and ask yourself: <i>What if that guidance was real?</i> What if you already have a non-physical teacher waiting to communicate with you, but the five-sensory consciousness you were taught keeps you from hearing? What if the issue you’re struggling with isn’t what you think it is – and a deeper question, one you haven’t yet had the courage to ask, is waiting to be answered? Gently invite yourself to consider: could you be ready to recognize that voice when it speaks?</p>"
Soul Snack #73: Why is it Important to Experience Physical Sensations?,soul-snack-73-why-is-it-important-to-experience-physical-sensations,Your emotions are messages from your soul.,https://seatofthesoul.com/wp-content/uploads/2026/02/GaryZukav_Ep73.5_Graphic-02.jpg,https://seatofthesoul.com/wp-content/uploads/2026/02/GaryZukav_Ep73.5_Graphic-02.jpg,Gary Zukav,,Soul Snack,Your emotions are messages from your soul.,,"<p><strong>Your emotions are messages from your soul. <a href=""http://www.seatofthesoul.com/emotionalawarenesscourse"">Learn How to Tune In and Listen HERE</a>.</strong></p>

<p>In this illuminating episode, <b>Gary Zukav reveals why experiencing physical sensations in your body is essential to creating Authentic Power.</b> Set within the context of humanity’s unprecedented shift in consciousness, Gary guides you to understand that <b>painful physical sensations – felt within your energy centers – are not caused by the external world, but by the internal dynamics of your own personality.</b> Through his compassionate wisdom, he explains how most people exhaust their energy pursuing <b>external power – attempting to change the world or others to find relief – when real transformation requires looking inward to change the dynamics that create those sensations.</b></p>
<p>The central challenge facing multisensory humanity is the five-sensory tendency to seek relief from painful emotions by manipulating the external environment. </p>
<p><b>This pursuit of external power can only create temporary happiness, a fleeting high that inevitably fades. </b>Whether it is acquiring a material object or demanding an apology, these external shifts cannot permanently alter the frightened parts of the personality that are creating your painful sensations.</p>
<p>The solution lies in creating Authentic Power by cultivating Emotional Awareness, looking deeply at what is occurring within you, and making the Responsible Choice to respond with love instead of reacting with fear.<b> When you shift your focus from changing the world to transforming yourself, you ignite a joy that is not dependent on external circumstances. This is the path of the Universal Human.</b></p>
<h3><strong>What You’ll Discover in This Soul Snack:</strong></h3>
<ul>
<li><strong>(00:00) — The Gateway to Self-Awareness:</strong> Gary explains how experiencing physical sensations allows you to see the internal dynamics of your personality creating them, rather than wasting time pursuing external power to change the world.</li>
<li><strong>(01:35) — The Activation of Internal Dynamics:</strong> Understanding how external events and your thoughts about them activate the dynamics within you—the frightened parts of your personality – that create painful physical sensations.</li>
<li><strong>(02:30) — The Roller Coaster of External Power:</strong> Gary uses a powerful analogy to illustrate how changing the external world creates only temporary happiness, while Authentic Power ignites joy that is independent of circumstances.</li>
<li><strong>(03:56) — Responding with Love vs. Reacting with Fear:</strong> Discovering the profound difference between making the Responsible Choice to consciously respond with love to what the world activates in you and automatically reacting from fear.</li>
<li><strong>(04:30) — The Futility of Changing Others:</strong> Learning why trying to change your spiritual partner, friend, or pursuing the external power of being “right” will not change the dynamics creating your painful sensations.</li>
</ul>
<h3><strong>Embrace the Soul Step Challenge</strong></h3>
<p>Take a moment this week to notice when you experience a painful physical sensation in your body. Instead of immediately looking to the external world to make it go away, pause and ask yourself: What internal dynamic might be creating this sensation? Have I been trying to change someone or something outside of me to feel better? Notice what happens when you shift your attention inward and become curious about what this sensation is revealing about yourself. Can you choose to respond with love to this information rather than react with fear?</p>"
Soul Feast #72: Gary Zukav’s Personal Experiences – Linda Part 2,soul-feast-72-gary-zukavs-personal-experiences-linda-part-2,Discover a new way of seeing and experiencing the world.,https://seatofthesoul.com/wp-content/uploads/2026/02/GaryZukav_Ep72_Graphic-02.jpg,https://seatofthesoul.com/wp-content/uploads/2026/02/GaryZukav_Ep72_Graphic-02.jpg,Gary Zukav,,Soul Feast,Discover a new way of seeing and experiencing the world.,,"<p><strong>Discover a new way of seeing and experiencing the world. <a href=""https://seatofthesoul.com/mutli-five-sensory/"">Start your journey to multisensory perception HERE</a>.</strong></p>
<p>https://youtu.be/A3RibsRoQvs</p>

<p>In this profoundly moving conclusion to his personal journey, <b>Gary Zukav continues the story of his Spiritual Partnership with Linda Francis.</b> He guides listeners through the beauty of their 27 years together – a laboratory of Authentic Power – and the night of Linda’s transition, when her Soul completed its curriculum in the Earth School. Through memories of global adventures and quiet moments of belonging,</p>
<p><b>Gary reveals how the unbearable agony of the personality can become a powerful invitation to multisensory awareness.</b></p>
<p>As Gary reflects on their travels to sacred sites and the simple comfort of their life, he illuminates how <b>Spiritual Partnerships operate beyond the needs and dramas that characterize five-sensory relationships.</b> Yet, even within this conscious partnership, he reveals how<b> frightened parts of the personality can emerge unnoticed, showing why vigilance and the Spiritual Partnership Guidelines remain essential throughout the journey.</b> When Linda suffered a massive stroke, Gary experienced a grief so overwhelming it challenged the very foundations of his personality – only to discover that this pain held the seeds of his greatest awakening.</p>
<p>The solution Gary offers is both stark and sacred: <b>allow loss to dissolve the barriers of your personality so you may see your true purpose.</b> In surrendering to the unbearable, he discovered that his only reason for living is to love people, waking up fully present in the Earth School for the first time. By embracing rather than resisting the agony of grief, he found not an ending, but a new beginning – a continued, multisensory relationship with Linda’s soul and a deeper connection to the non-physical reality that supports us all.</p>
<h3><b>What You’ll Discover in This Soul Feast:</b></h3>
<ul>
<li><b>(00:02) — Beyond the Drama of the Five-Sensory Personality:</b> Gary describes how a <b>Spiritual Partnership</b> transcends the needful “ups and downs” and struggle to become a shared frequency of ease.</li>
<li><b>(05:30) — Global Adventures in Sacred Service:</b> Gary shares stories of their intentional travels—from cleaning toilets in India to the stillness of Machu Picchu—and how these served the <b>Soul’s intention</b>.</li>
<li><b>(15:12) — When Frightened Parts Emerge Unnoticed:</b> A raw look at how <b>unconscious patterns</b> and the karma of the personality can surface even in a deeply conscious partnership.</li>
<li><b>(19:31) — The Transition from the Earth School:</b> Gary recounts the night Linda’s <b>Soul</b> began its journey beyond the physical form and the profound presence required during her final days.</li>
<li><b>(24:13) — Grief as a Portal to Authentic Power:</b> How the unbearable agony of the personality dissolved Gary’s old world, revealing his ultimate purpose: <b>to love people</b>.</li>
</ul>

<p><strong>Embrace the Soul Step Challenge</strong></p>
<p>Reflect on a loss in your life – whether of a person, a dream, or an identity – that brought you to your knees. Pause and ask yourself: What gift emerged from that pain that I couldn’t have received any other way? What part of me died so that something truer could be born? Gently invite yourself to see how your greatest griefs may have been your most powerful teachers, guiding you toward your authentic purpose in the Earth School.</p>"
Soul Snack #59: How Can I Heal Anxiety?,soul-snack-59-how-can-i-heal-anxiety,Your emotions are messages from your soul.,https://seatofthesoul.com/wp-content/uploads/2026/02/GaryZukav_Ep59.5_Graphic-02.jpg,https://seatofthesoul.com/wp-content/uploads/2026/02/GaryZukav_Ep59.5_Graphic-02.jpg,Gary Zukav,,Soul Snack,Your emotions are messages from your soul.,https://www.youtube.com/watch?v=7lXxehSKhjk,"<p><b>Your emotions are messages from your soul. <a href=""http://www.seatofthesoul.com/emotionalawarenesscourse"">Learn How to Tune In and </a></b><b>Listen Here.</b></p>

<p>In this Soul Snack, <b>Gary Zukav explores what anxiety truly is – and what it isn’t.</b> He reveals that the vague, overwhelming feeling so many call<b> “generalized anxiety” is actually emotional illiteracy</b>: the inability to recognize and name the physical sensations that accompany our emotions.</p>
<p>True healing begins not with suppression or medication, but with awareness.</p>
<p><b>Gary guides listeners to look inward – to the energy processing centers (the throat, chest, and solar plexus) – where emotions manifest as sensations.</b> By identifying these feelings precisely, we dissolve the fog of fear and reclaim our power of choice. Each sensation, he explains, is a message from the soul, inviting us to move from reaction to responsibility.</p>
<p><b>Healing anxiety, then, is not about eliminating discomfort but learning from it.</b> When we name and feel our emotions rather than numbing them, we create authentic power – the ability to choose love over fear in every moment.</p>
<p><b>What You’ll Discover in This Soul Snack:</b></p>
<ul>
<li><b>(00:02) — Anxiety as a Messenger</b><b><br>
</b>Why “generalized anxiety” is too vague to heal—and how becoming emotionally literate transforms your experience.</li>
<li><b>(01:13) — The Practice of Emotional Literacy</b><b><br>
</b>How to turn inward and identify the specific physical sensations that reveal your emotional state.</li>
<li><b>(03:48) — Naming the Pain Removes the Fear</b><b><br>
</b>How describing sensations precisely (tightness, pressure, burning) dissolves the “boogeyman” of anxiety.</li>
<li><b>(05:22) — The Myth of Tranquilizers</b><b><br>
</b>Why medicating emotional pain only numbs it temporarily—and what it means to make a responsible, conscious choice instead.</li>
<li><b>(06:03) — Choosing Authentic Power</b><b><br>
</b>How recognizing your role as the source of your pain opens the path to freedom, love, and inner strength.</li>
</ul>
<h3><b>Embrace the Soul Step Challenge</b></h3>
<p>This week, notice moments when you feel anxious or unsettled. Pause and bring your attention to your throat, chest, or solar plexus. Describe what you feel – tension, heat, constriction – and stay with it. Ask yourself: <i>What is this feeling teaching me?</i> Each time you recognize an emotion instead of running from it, you strengthen your emotional literacy and move closer to authentic power.</p>"
Soul Feast #58: Moving Beyond Stress,soul-feast-58-moving-beyond-stress,Discover a new way of seeing and experiencing the world.,https://seatofthesoul.com/wp-content/uploads/2026/02/GaryZukav_Ep58_Graphic-01.jpg,https://seatofthesoul.com/wp-content/uploads/2026/02/GaryZukav_Ep58_Graphic-01.jpg,Gary Zukav,,Soul Feast,Discover a new way of seeing and experiencing the world.,https://www.youtube.com/watch?v=xdYaMBwtVtU,"<p><b>Discover a new way of seeing and experiencing the world. <a href=""https://seatofthesoul.com/mutli-five-sensory/"">Start your journey to multisensory perception HERE</a>.</b></p>

<p><br>
<strong>What if stress isn’t caused by the world around you – but by what’s happening inside you? </strong></p>
<p>In this Soul Feast of The Gary Zukav Deepcast, <b>Gary explores the true nature of stress – not as a reaction to external pressure, but as a signal from a frightened part of your personality</b>. It’s not the deadlines, the traffic, or the conversations that create stress – it’s how we interpret them through fear. With vivid, practical examples and gentle guidance, Gary invites you to shift your focus inward. <b>He shows how stress, when met with emotional awareness, becomes a doorway to authentic power – a chance to choose love over fear, response over reaction.</b></p>
<p>Gary explains that stress is simply another name for fear – a fear that narrows your vision and distorts your perception of reality. When you’re consumed by stress, you don’t see clearly; you see through fear’s lens. <b>But when you turn your attention inward and develop emotional awareness, you begin to recognize stress for what it truly is:</b> physical sensations generated by fear-based parts of the self. <b>This awareness opens the door to choice</b> – the power to act from love rather than fear.</p>
<p><b>By choosing love – trusting the universe, relaxing, doing your best, and enjoying yourself – you move beyond stress into authentic power. </b>Each stressful moment becomes an invitation to align your personality with your soul.</p>
<p><b>What You’ll Discover in This Soul Feast:</b></p>
<ul>
<li><b>(01:08) — </b>What stress really is and why it’s rooted in fear, not circumstance</li>
</ul>
<ul>
<li><b>(05:33) — </b>How to identify the physical sensations of stress in your body</li>
</ul>
<ul>
<li><b>(10:50) — </b>Why avoiding or numbing emotions keeps you stuck in stress</li>
</ul>
<ul>
<li><b>(12:27) — </b>The moment of choice: shifting attention from fear to love</li>
</ul>
<ul>
<li><b>(17:36) — </b>Gary’s four keys to move beyond stress—Trust, Relax, Do Your Best, Enjoy Yourself</li>
</ul>
<ul>
<li><b>(21:36) — </b>How authentic power turns daily challenges into spiritual growth</li>
</ul>
<p><b>Embrace the Soul Step Challenge</b></p>
<p>Take out your Soul Notebook and write down Gary’s four reminders: Trust, Relax, Do Your Best, Enjoy Yourself.Reflect on the moments when you felt overwhelmed or afraid – how might those moments have changed if you had trusted life instead of resisting it? Notice where stress arises in your body, and practice choosing love instead of fear. Each conscious choice to act from love is a step toward authentic power.</p>"
Soul Snack #57: Why Does Challenging Anger Bring More Anger?,soul-snack-57-why-does-challenging-anger-bring-more-anger,Create the life you desire by choosing love over fear.,https://seatofthesoul.com/wp-content/uploads/2026/02/GaryZukav_Ep57.5_Graphic-02.jpg,https://seatofthesoul.com/wp-content/uploads/2026/02/GaryZukav_Ep57.5_Graphic-02.jpg,Gary Zukav,,Soul Snack,Create the life you desire by choosing love over fear.,https://www.youtube.com/watch?v=p8u039ca-QM,"<p><b>Create the life you desire by choosing love over fear. <a href=""https://seatofthesoul.com/love-fear/"">Learn how HERE</a>.</b></p>

<p><br>
In this Soul Snack, <b>Gary Zukav explains why setting an intention to release anger often seems to attract </b><b><i>more</i></b><b> of it.</b> He reveals that when you decide to challenge a fear-based part of your personality, the universe cooperates – not to punish you, but to help you grow. </p>
<p>Each irritating encounter or judgmental thought becomes an opportunity to strengthen your authentic power and to choose love over fear.</p>
<p><b>Gary shares that anger is not an external force but an energy that arises from a  frightened part of your personality.</b> By recognizing the physical sensations – tightness in your chest, tension in your throat, or heat in your solar plexus – you can begin to observe your anger rather than act from it. <b>This awareness transforms destructive reactions into conscious choices that align with your soul’s intention.</b></p>
<p><b>When you stop blaming and judging and instead reach for gratitude, patience, and compassion, anger begins to lose its control over you. </b>What once felt like chaos and conflict becomes a practice ground for spiritual mastery and co-creation with the universe.</p>
<p><b>What You’ll Discover in This Soul Snack:</b></p>
<ul>
<li><b>(00:02) — The Spiritual Context of Anger</b><i><br>
</i>Why the universe mirrors your intentions to help you grow in awareness.</li>
<li><b>(01:12)</b> <b>— Recognizing the Roots of Fear</b><i><br>
</i>How anger, jealousy, and revenge are all fear-based parts of the personality.</li>
<li><b>(02:30)</b> <b>— Experiencing Anger Consciously</b><i><br>
</i>How to identify anger’s sensations in your body and observe its critical, judgmental thoughts.</li>
<li><b>(03:34)</b> <b>— Challenging the Frightened Part</b><i><br>
</i>Why choosing not to act on anger creates authentic power and weakens its control.</li>
<li><b>(04:30) — The Universe as a Co-Creative Partner</b><i><br>
</i>How life brings repeated opportunities to transform anger into love, patience, and appreciation.</li>
</ul>
<h3><b>Embrace the Soul Step Challenge</b></h3>
<p>This week, notice when anger arises. Instead of reacting or suppressing it, pause and observe where you feel it in your body. Ask yourself: <i>What fear might be underneath this?</i> Then consciously reach for gratitude, patience, or compassion. Each time you do this, you dissolve a layer of fear and move closer to living in authentic power.</p>"
Soul Feast #57: What’s Real? The New Consciousness,soul-feast-57-whats-real-the-new-consciousness,Your emotions are messages from your soul.,https://seatofthesoul.com/wp-content/uploads/2026/02/GaryZukav_Ep57_Graphic-02.jpg,https://seatofthesoul.com/wp-content/uploads/2026/02/GaryZukav_Ep57_Graphic-02.jpg,Gary Zukav,,Soul Feast,Your emotions are messages from your soul.,https://www.youtube.com/watch?v=uFuDutQkRDk,"<p><b>Your emotions are messages from your soul. <a href=""http://www.seatofthesoul.com/emotionalawarenesscourse"">Learn How to Tune In and Listen Here</a>.</b></p>

<p><b>A new consciousness is transforming the human experience –  a shift so vast that it’s redefining what we call “reality.”</b> In this Soul Feast, Gary explores how this unprecedented evolution is dissolving the boundaries of five-sensory perception and awakening humanity to a larger, multisensory reality. He shares vivid personal experiences that illustrate how connection with the nonphysical world – with souls, angels, and divine intelligence – reveals that <b>love is not just an emotion but the very fabric of existence.</b></p>
<p>As Gary contrasts the old world built on manipulation and fear with the emerging one built on love, cooperation, and reverence for life, he shows how the human story is shifting from survival to spiritual growth. </p>
<p>Power is no longer defined by control, but by alignment – the alignment of personality with soul. </p>
<p><b>Every thought, word, and action is a choice between love and fear – and with awareness, we can now consciously choose love.</b></p>
<p>The new consciousness calls us to remember who we are: immortal souls creating with the energy of love. As Gary reminds us,<b> what’s real is not what we can weigh or measure – it’s the awareness expanding within us, awakening us to our true power and purpose.</b></p>
<p><b>What You’ll Discover in This Soul Feast:</b></p>
<ul>
<li><b>(00:42) — </b>The profound personal moment that revealed the presence of the nonphysical world</li>
<li><b>(06:56) — </b>What the “new consciousness” means and how it’s transforming human perception</li>
<li><b>(14:56) —</b> Why external power based on control and manipulation leads to destruction — and how authentic power transforms it</li>
<li><b>(18:33) —</b> The difference between love and fear — and how every choice creates either pain or peace</li>
<li><b>(22:04) —</b> How to live from love even amid fear, conflict, or injustice</li>
<li><b>(25:12) —</b> Practical ways to develop emotional awareness and align personality with soul</li>
</ul>
<p><b>Embrace the Soul Step Challenge</b></p>
<p>Take out your Soul Notebook and reflect on the moments that resonated with you in this Soul Feast. Which parts of Gary’s message awakened a sense of recognition, resistance, or curiosity? Write honestly about the choices you’ve made from fear – and the ones you’ve made from love. Each reflection brings you closer to living as a multisensory being, aware that love is what’s real, and it always has been.</p>"
Soul Feast #56: What’s Real? What Should I Do Now?,soul-feast-56-whats-real-what-should-i-do-now,Discover a new way of seeing and experiencing the world.,https://seatofthesoul.com/wp-content/uploads/2026/02/GaryZukav_Ep56_Graphic-02.jpg,https://seatofthesoul.com/wp-content/uploads/2026/02/GaryZukav_Ep56_Graphic-02.jpg,Gary Zukav,,Soul Feast,Discover a new way of seeing and experiencing the world.,https://www.youtube.com/watch?v=zmkLt-Dyzb4,"<p><b>Discover a new way of seeing and experiencing the world. <a href=""https://seatofthesoul.com/mutli-five-sensory/"">Start your journey to multisensory perception HERE</a>.</b></p>
<p>A new consciousness is reshaping the human experience – and this Soul Feast of <i>The Gary Zukav Deepcast</i> invites you to step consciously into it. In <i>What’s Real? What Should I Do Now? </i>Gary explores the dramatic tension between the fading five-sensory world – built on manipulation, control, and fear – and the emerging multi-sensory world founded on love, cooperation, and reverence for life. He illustrates how today’s global crises mirror an inner crossroads each of us faces: will we cling to external power, or choose authentic power instead?</p>
<p>As Gary unpacks the illusions of fear-based living, he reveals how every act of anger, righteousness, or superiority reinforces the old consciousness, while every act of compassion builds the new. Through examples ranging from authoritarian politics to our most intimate relationships, he shows that transforming the world begins by transforming the self.</p>
<p>In the end, the path forward is disarmingly simple yet profoundly challenging: choose love over fear. By doing so, you align your personality with your soul – the true source of real power and the only force capable of changing the world.</p>
<p><b>What You’ll Discover in This Soul Feast:</b></p>
<ul>
<li><b>(00:45) —</b> The urgent question of “What’s real?” amid global turmoil, AI, and climate change</li>
<li><b>(03:19) —</b> How two worlds – old and new consciousness – exist side by side</li>
<li><b>(08:57) —</b> The illusion of separation between “in here” and “out there”</li>
<li><b>(12:44) —</b> Why every choice is between love and fear—and how to see the parts of your personality that drive each</li>
<li><b>(15:54) —</b> What it means to live as a “chooser” in the Earth School</li>
<li><b>(17:43) —</b> How to respond to fear-based leaders and systems without losing your humanity</li>
<li><b>(22:41) —</b> Why authentic power, not external power, is the only force that truly transforms the world</li>
</ul>
<p><b>Embrace the Soul Step Challenge</b></p>
<p>Take out your <i>Soul Notebook</i> and reflect on the moments in this Soul Feast that stirred something in you – agreement, resistance, or curiosity. Which ideas felt true? Which challenged you? Write honestly about how you relate to fear and love in your daily choices. Each reflection deepens your awareness of what is <i>real</i> in your own life and strengthens your ability to create authentic power.</p>"
Soul Snack #55: Can There Be Multiple Intentions?,soul-snack-55-can-there-be-mulitple-intentions,Create the life you desire by choosing love over fear.,https://seatofthesoul.com/wp-content/uploads/2026/02/GaryZukav_Ep55.5_Graphic-02.jpg,https://seatofthesoul.com/wp-content/uploads/2026/02/GaryZukav_Ep55.5_Graphic-02.jpg,Gary Zukav,,Soul Snack,Create the life you desire by choosing love over fear.,https://www.youtube.com/watch?v=og-huCsf2YQ,"<p><b>Create the life you desire by choosing love over fear. </b><b><a href=""https://seatofthesoul.com/love-fear/"">Learn how HERE</a>.</b></p>

<p><br>
Every action begins with an intention, but can one action carry more than one? In this Soul Snack, Gary Zukav explores the essence of intention at the deepest level, showing how all intentions can ultimately be traced back to either love or fear. Through practical examples, he illustrates how the same action – a charitable donation, for instance – can manifest entirely different outcomes depending on the intention behind it.</p>
<p>Gary explains that while one person may act from pure love, another may act from fear-driven motives like seeking approval, recognition, or superiority. The energy of your intention determines the consequences in your life and the kinds of people you attract. Love creates harmony, trust, and connection, while fear creates painful consequences and relationships built on second agendas.</p>
<p>Ultimately, the choice of intention is the most important creative decision you make in the Earth School. Each choice determines not only your experiences but also the community of energy and people that surrounds you.</p>
<p><b>What You’ll Discover in This Soul Snack:</b></p>
<ul>
<li><b>(00:02) — Two Fundamental Intentions</b><b><br>
</b>Why every action and word is rooted in either love or fear.</li>
<li><b>(00:51) — Love and Fear Cannot Coexist</b><b><br>
</b>How love and fear are mutually exclusive and why the same action cannot hold both intentions at once.</li>
<li><b>(02:49) — Charity Example</b><b><br>
</b>How the same donation can create different outcomes depending on whether the intention is love or fear.</li>
<li><b>(03:48) — Law of Attraction and Intention</b><b><br>
</b>Why the energy behind your intention draws people and experiences of the same energy to you.</li>
<li><b>(05:15) — Intention as the Creative Force</b><b><br>
</b>How intention shapes karma, brings energy into matter, and determines your experiences in the Earth School. </li>
</ul>
<h3><b>Embrace the Soul Step Challenge</b></h3>
<p>This week, pause to reflect on the intentions behind your daily actions. Ask yourself: <i>Am I acting from love, or from fear?</i>Notice the energy you bring into even small choices, and observe how it affects not only your experience but also the people and situations that come into your life. Experiment with shifting your actions toward love-based intentions and see what changes.</p>"
Soul Feast #55: What’s Real? Creating Authentic Power,soul-feast-55-whats-real-creating-authentic-power,Your journey to Authentic Power begins here.,https://seatofthesoul.com/wp-content/uploads/2026/02/GaryZukav_Ep55_Graphic-01.jpg,https://seatofthesoul.com/wp-content/uploads/2026/02/GaryZukav_Ep55_Graphic-01.jpg,Gary Zukav,,Soul Feast,Your journey to Authentic Power begins here.,https://www.youtube.com/watch?v=r2FbaS7JfiE,"<p><b>Your journey to Authentic Power begins here. <a href=""https://seatofthesoul.com/apg-optin/"">Download your copy of the Authentic Power Guidelines today</a>.</b></p>

<p>A new human consciousness is emerging – one that challenges everything we thought was “real.” In this Soul Feast, Gary explores the tension between the old five-sensory consciousness, rooted in control and fear, and the new multi-sensory consciousness, grounded in love, cooperation, and reverence for life. Through powerful examples – from AI and climate change to authoritarian politics – he illustrates why the question “What’s real?” has never been more urgent.</p>
<p>At the heart of this conversation is the difference between external power and authentic power. The old consciousness equates power with domination and manipulation, but the new consciousness reveals that real power is created when your personality aligns with your soul. This transformation is not abstract – it is happening now, across the entire human species, and within each of us.</p>
<p>Authentic power is born when you recognize that you are more than your body and mind. It grows as you cultivate harmony, cooperation, sharing, and reverence for life. In this Soul Feast, Gary explains why external power has become toxic, how to recognize the new consciousness rising in you, and what steps you can take to live authentically in today’s world.</p>
<p><b>What You’ll Discover in This Soul Feast:</b></p>
<ul>
<li><b>(00:45) </b>— The urgent question of “what’s real?” in a world shaped by AI, climate change, and authoritarian politics</li>
</ul>
<ul>
<li><b>(03:19) </b>— The emergence of a new consciousness and why old five-sensory awareness can no longer define reality</li>
</ul>
<ul>
<li><b>(06:51) </b>— How authentic power transcends domination and control by aligning personality with soul</li>
</ul>
<ul>
<li><b>(10:11) </b>— Why manipulation and fear—once humanity’s survival tools—are now toxic to our evolution</li>
</ul>
<ul>
<li><b>(13:12) </b>— The contrast between fundamentalism/authoritarianism and the new archetypes of harmony, cooperation, and reverence for life</li>
</ul>
<ul>
<li><b>(19:00) </b>— Lessons from history: how fear-driven leaders exploit old consciousness, and what the new consciousness asks instead</li>
</ul>
<p><b>Embrace the Soul Step Challenge:</b></p>
<p>Take out your Soul Notebook and write down the parts of this Soul Feast that stirred something in you – whether resonance or rejection. Which ideas sounded true? Which felt uncomfortable? Which made you pause? Reflect honestly, and in doing so, notice the emergence of your new consciousness. This practice deepens your ability to recognize what is real in your own life.</p>"
Soul Snack #53: Is Painful Karma From a Good Deed Possible?,soul-snack-53-is-painful-karma-from-a-good-deed-possible,Learn how to connect with your intuition every day.,https://seatofthesoul.com/wp-content/uploads/2026/02/GaryZukav_Ep53.5_Graphic-02.jpg,https://seatofthesoul.com/wp-content/uploads/2026/02/GaryZukav_Ep53.5_Graphic-02.jpg,Gary Zukav,,Soul Snack,Learn how to connect with your intuition every day.,https://www.youtube.com/watch?v=A6D9hRfhMDk,"<p><b>Learn how to connect with your intuition every day. <a href=""https://seatofthesoul.com/daily-intuition-practice/"">Click here to start your journey</a> to authentic power!</b></p>

<p><b>An unprecedented new consciousness is reshaping humanity, and with it comes a deeper understanding of karma.</b> In this Soul Snack, Gary Zukav answers a profound question:</p>
<p>If you act with the intention of love but accidentally cause harm, will you still create painful karma?</p>
<p><b>Gary explains that karma is precise, accurate, and always aligned with the intention behind your actions.</b> Painful karma arises not from accidents but from the fear-based energy that fuels unconscious deeds. If love is the true source of your action, then what returns to you will be constructive and beneficial, regardless of unintended consequences.</p>
<p>The key is awareness of intention. <b>Every word and deed carries the energy of either love or fear, and that energy shapes your experiences.</b> When you choose love consciously, you create authentic power and a life of growth and compassion.</p>
<p><b>What You’ll Discover in This Soul Snack:</b></p>
<ul>
<li><b>(00:22) — What Karma Really Reflects</b><br>
Why karma is less about consequences of accidents and more about the intention behind every action.</li>
<li><b>(01:12) — The Role of Intention in Karma</b><br>
How the quality of consciousness—love or fear—determines what you experience.</li>
<li><b>(03:09) — Everyday Examples of Intention</b><br>
Why even something as ordinary as driving reflects whether you are living with gratitude or fear.</li>
<li><b>(04:00) — Karma as a Spiritual Delivery System</b><br>
How life returns to you the same intention you send out, teaching you exactly what you need for growth.</li>
<li><b>(05:34) — Becoming Conscious Creators</b><br>
Why awareness of your intentions allows you to shape your life and create authentic power.</li>
</ul>
<h3><b>Embrace the Soul Step Challenge</b></h3>
<p>This week, pause and reflect on your daily actions. Ask yourself: <i>What intention is fueling my words and deeds right now—love or fear?</i> Consider moments when you may have caused unintended harm. Instead of fearing painful karma, explore the consciousness behind your choices. Notice how consciously choosing love shifts the energy you send into the world, and how it transforms what you receive in return. </p>"
Soul Snack #52: How Can I Judge in Jury Duty?,soul-snack-52-how-can-i-judge-in-jury-duty,Are you ready to live Beyond the Five Sense?,https://seatofthesoul.com/wp-content/uploads/2026/02/GaryZukav_Ep52.5_Graphic-02.jpg,https://seatofthesoul.com/wp-content/uploads/2026/02/GaryZukav_Ep52.5_Graphic-02.jpg,Gary Zukav,,Soul Snack,Are you ready to live Beyond the Five Sense?,https://www.youtube.com/watch?v=doozb-SylSU,"<p><b>Are you ready to live Beyond the Five Sense? </b><b><a href=""http://www.seatofthesoul.com/beyondthefivesensescourse"">Learn How Here</a>.</b></p>

<p><br>
An unprecedented new consciousness is transforming the human species, and even <b>everyday experiences can open the door to greater awareness.</b><b> </b></p>
<p>In this Soul Snack, Gary Zukav takes a common situation – being called for jury duty – and explores the deeper spiritual question it raises: Is it my duty to judge my peers?</p>
<p>Gary explains that it is never our responsibility to judge another person. <b>Judgment creates painful consequences for ourselves.</b> In jury duty, however, you are not asked to judge a person – you are asked to evaluate their actions against a specific standard: the law. <b>The larger lesson is to separate the person from the action, responding to harmful behaviors without condemning the individual.</b></p>
<p>Ultimately, <b>the path of authentic power means experiencing life’s painful moments with courage, while choosing love over fear. </b>This shift allows us to engage responsibly in the world without stepping into judgment or creating new painful karma.</p>
<p><b>What You’ll Discover in This Soul Snack:</b></p>
<ul>
<li><b>(00:22) – Jury Duty and Judgment</b><b><br>
</b>Why serving on a jury is about judging actions, not people.</li>
</ul>
<ul>
<li><b>(01:42) – Separating Person from Action</b><b><br>
</b>How Gandhi’s ahimsa shows the power of responding to harmful actions without condemning individuals.</li>
</ul>
<ul>
<li><b>(02:30) – Preventing Harm Without Judgment</b><b><br>
</b>Why it’s appropriate to stop abuse, but harmful to judge the abuser or the abused.</li>
</ul>
<ul>
<li><b>(03:10) – The Bigger Perspective</b><b><br>
</b>How unseen circumstances—or even lifetimes—shape interactions, reminding us we never know the full picture.</li>
</ul>
<ul>
<li><b>(04:10) – Choosing Love Over Fear</b><b><br>
</b>What it means to experience pain deeply, yet still choose love instead of fear.</li>
</ul>
<h3><b>Embrace the Soul Step Challenge</b></h3>
<p>This week, reflect on times when you have judged another person instead of discerning their actions. Ask yourself: How could I separate the action from the individual? Where can I intervene with love and clarity, without condemnation? Pause, breathe, and notice how shifting from judgment to compassion changes your experience.</p>"
Soul Feast #52: What’s Real? Reverence,soul-feast-52-whats-real-reverence,Are you making choices in love or fear?,https://seatofthesoul.com/wp-content/uploads/2026/02/GaryZukav_Ep52_Graphic-01.jpg,https://seatofthesoul.com/wp-content/uploads/2026/02/GaryZukav_Ep52_Graphic-01.jpg,Gary Zukav,,Soul Feast,Are you making choices in love or fear?,https://www.youtube.com/watch?v=hVC61L8ekVc,"<p><b>Are you making choices in love or fear? <a href=""https://seatofthesoul.com/cultivating-love-optin/"">Take this self-assessment today to find out</a>.</b></p>

<p>In this Soul Feast, Gary deepens the “What’s Real?” exploration, turning toward reverence – the awareness that life in all its forms is precious, valuable, and sacred. <b>Beyond appearances, reverence opens us to the essence of others, ourselves, and the world around us.</b></p>
<p>Reverence is not simply another word for authentic power, though they are inseparable. </p>
<p><b>While authentic power arises from aligning your personality with your soul, reverence allows you to experience life without cruelty, to see its inherent worth even when disempowered.</b> It transforms how you perceive people, plants, animals, and even the most ordinary moments.</p>
<p>At its heart, this Soul Feast reveals that love and reverence are what’s truly real. <b>When we move beyond personality-to-personality reactions into soul-to-soul connections, we begin to live with awe, compassion, and a deeper recognition of life’s uniqueness.</b></p>
<p><b>What You’ll Discover in This Soul Feast:</b></p>
<ul>
<li><b>(00:00)</b> — A New World Emerging: Why humanity is moving beyond external power and into soul-based authentic power.</li>
<li><b>(05:48) </b>— Personality vs. Soul Connections: How to recognize the difference between surface-level attraction/repulsion and meaningful soul-to-soul connection.</li>
<li><b>(09:13) </b>— Seeing the Soul in Others: Why acknowledging both frightened and loving parts in yourself helps you honor them in others.</li>
<li><b>(11:46) </b>— Even Hitler Had a Soul: What extreme examples of human shadow teach us about complexity and hidden loving parts.</li>
<li><b>(14:56) </b>— From Judgment to Reverence: How shifting from personality-to-personality judgments to soul awareness creates reverence for life.</li>
<li><b>(18:13) </b>— Why Reverence Matters: Why life without reverence becomes destructive—and how reverence restores compassion and meaning.</li>
</ul>

<p><b>Embrace the Soul Step Challenge:</b></p>
<p>This week, take out your Soul Notebook and jot down the insights, phrases, or ideas from this episode that resonated most deeply with you. Each day, reflect on them: Did you experience moments of reverence in your interactions – with people, animals, or even simple experiences? Where did you miss the opportunity to see the preciousness of life? At the end of the week, review your reflections to see how reverence is beginning to transform your awareness.</p>"
Soul Feast #51: What’s Real? Connection,soul-feast-51-whats-real-connection,Your journey to Authentic Power begins here.,https://seatofthesoul.com/wp-content/uploads/2026/02/GaryZukav_Ep51_Graphic-01.jpg,https://seatofthesoul.com/wp-content/uploads/2026/02/GaryZukav_Ep51_Graphic-01.jpg,Gary Zukav,,Soul Feast,Your journey to Authentic Power begins here.,https://www.youtube.com/watch?v=sCONCR45Y7M,"<p><b>Your journey to Authentic Power begins here. <a href=""https://seatofthesoul.com/apg-optin/"">Download your copy</a> of the Authentic Power Guidelines today!</b></p>

<p><b>A profound transformation in human consciousness is unfolding</b>, inviting us to see beyond the five-sensory world and into the multisensory reality of the soul. In this Soul Feast, Gary continues his exploration of “What’s Real?”- this time focusing on connection. </p>
<p>What does it mean to truly connect, and why is it inseparable from authentic power and spiritual growth?</p>
<p>Gary reveals that connection is not found in devices, games, or external validation, but in the interior world of the soul. <b>Through our interactions with others, we learn to distinguish between fear and love, frightened and loving parts of our personality.</b> These choices shape the consequences we create, opening the path to authentic power – the alignment of personality with soul.</p>
<p>At its essence, this conversation illuminates a timeless truth: only love is real. Fear produces emptiness and pain, but love generates joy, meaning, and fulfillment. <b>Authentic connection begins when we choose love over fear, cultivating harmony, cooperation, and reverence for life.</b></p>
<p><b>What You’ll Discover in This Soul Feast:</b></p>
<ul>
<li><b>(00:00) </b>— A New Consciousness: Why humanity is shifting from five-sensory to multisensory perception.</li>
</ul>
<ul>
<li><b>(04:50) </b>— What Real Connection Is (and Isn’t): How true connection arises from shared inner experiences, not devices or distractions.</li>
</ul>
<ul>
<li><b>(07:21) </b>— Love vs. Fear: Why learning to distinguish these inner states determines the quality of our consequences.</li>
</ul>
<ul>
<li><b>(10:17) </b>— Authentic Power: How aligning your personality with your soul creates lasting fulfillment.</li>
</ul>
<ul>
<li><b>(13:17) </b>— External Power vs. Authentic Power: Why manipulation and control always collapse, while authentic power cannot be lost.</li>
</ul>
<ul>
<li><b>(16:14) </b>— Joy as a Revelator: How joy reveals the presence of love and why fear can never bring fulfillment.</li>
</ul>
<ul>
<li><b>(18:42) </b>— The Tools of Love: How emotional awareness and responsible choice stabilize love as the ongoing experience of life.</li>
</ul>
<p><b>Embrace the Soul Step Challenge:</b></p>
<p>This week, take out your Soul Notebook and write down the insights, words, or moments from this episode that resonated with you. Notice what felt meaningful and what did not. At the end of the week, reflect on your notes: How did you experience love or fear in your interactions? What did these choices create in your life? Use this practice to prepare for the next episode, where Gary will share a new dimension of connection that will transform how you experience life.</p>
<p>.</p>"
Soul Snack #50: Does Protecting My Business Come From Fear?,soul-snack-50-does-protecting-my-business-come-from-fear-2,Create the life you desire by choosing love over fear.,https://seatofthesoul.com/wp-content/uploads/2026/02/GaryZukav_Ep50.5_Graphic-02.jpg,https://seatofthesoul.com/wp-content/uploads/2026/02/GaryZukav_Ep50.5_Graphic-02.jpg,Gary Zukav,,Soul Snack,Create the life you desire by choosing love over fear.,,"<p><b>Create the life you desire by choosing love over fear. </b><b>Learn how <a href=""https://seatofthesoul.com/love-fear/"">HERE</a></b></p>
<p><a href=""https://youtu.be/RekD5QF217"">https://youtu.be/RekD5QF217</a></p>

<p>Everyday choices – especially in business – can feel like a test between protecting what’s yours and staying true to your values. But <b>how do you know if your actions come from authentic power or from fear? </b>In this Soul snack, Gary Zukav answers a listener’s question about dealing with someone who seems deceitful in business. His response reveals <b>the deeper difference between acting from fear and acting from love.</b></p>
<p>Gary explains that fear always separates – through blame, judgment, or superiority – while love unites and creates authentic power. Even when protecting yourself and your livelihood is necessary, the intention behind your actions determines whether you are contributing to harmony or to painful consequences.</p>
<p><b>The key takeaway is that it isn’t the circumstance that matters most, but the conscious intention you bring to it.</b> If your actions flow from appreciation, gratitude, and love, you are creating authentic power. If they arise from blame, worry, or judgment, you are creating a world of painful consequences from a place of fear.</p>
<p><b>What You’ll Discover in This Soul Snack:</b></p>
<ul>
<li><b>(00:42) – Fear or Authentic Power?</b><b><br>
</b>Gary responds to a listener asking if protecting their business and family comes from fear or authentic power.</li>
<li><b>(01:43) – The Two Intentions: Love and Fear</b><b><br>
</b>Understand why only two choices exist—love or fear—and how to tell which one is guiding you.</li>
<li><b>(02:43) – The Umbrella Analogy</b><b><br>
</b>Discover how preparing for challenges, like bringing an umbrella for the rain, can be done from love rather than fear.</li>
<li><b>(03:43) – Closing Your Heart Creates Fear</b><b><br>
</b>Learn why judging or blaming others—even those who may have deceived you—keeps you trapped in fear.</li>
<li><b>(04:39) – Choosing Love in Every Relationship</b><b><br>
</b>Gary shares how you can thank difficult people for giving you the chance to shift from fear to love.</li>
</ul>
<h3><b>Embrace the Soul Step Challenge</b></h3>
<p>This week, notice when you feel the need to protect yourself – whether in business, relationships, or everyday life. Ask yourself: Am I closing my heart and acting from fear, or am I choosing love, appreciation, and authentic power? Reflect on how your intention shapes not just your actions, but the consequences you create.</p>"
Soul Feast #50: What’s Real? Meaning,soul-feast-50-whats-real-meaning,Your journey to Authentic Power begins here.,https://seatofthesoul.com/wp-content/uploads/2026/02/GaryZukav_Ep50_Graphic-01.jpg,https://seatofthesoul.com/wp-content/uploads/2026/02/GaryZukav_Ep50_Graphic-01.jpg,Gary Zukav,,Soul Feast,Your journey to Authentic Power begins here.,https://www.youtube.com/watch?v=N7EFfYTMM3k,"<p><b>Your journey to Authentic Power begins here. <a href=""https://seatofthesoul.com/apg-optin/"">Download your copy of the Authentic Power Guidelines today</a>!</b></p>
<p>A profound shift in human consciousness is underway. In this Soul Feast, <b>Gary invites listeners to explore what it truly means to live a life of meaning.</b> While the five-sensory world measures worth in achievements, possessions, and external validation, Gary shows us that meaning comes from a deeper source – the soul.</p>
<p>Through stories, teachings, and timeless wisdom, </p>
<p>Gary illustrates the difference between living from fear and illusion versus aligning with love and authentic power. </p>
<p>Meaning is not found in intellect, appearances, or artificial intelligence. Instead, <b>we experience true meaning when we recognize and use the unique gifts we were born to give.</b></p>
<p>At its heart,<b> this conversation is an invitation to remember that authentic power and true fulfillment come only when we align our personality with our soul.</b> Meaning isn’t something we chase – it’s something we live by choosing love over fear in every moment.</p>
<p><b>What You’ll Discover in This Soul Feast:</b></p>
<ul>
<li><b>(00:00)</b> — A New Consciousness Emerging: Why humanity is moving from a five-sensory to a multisensory way of experiencing reality.</li>
<li><b>(03:07)</b> — Beyond Intellect: Why real meaning cannot be found in data, analysis, or AI, but in the deeper knowing of the soul.</li>
<li><b>(06:00)</b> — Shadows and the Cave: How ancient wisdom illustrates the shift from illusion to authentic perception of reality.</li>
<li><b>(08:44)</b> — Choice and Responsibility: Why Earth School always brings us back to the same decision—love or fear.</li>
<li><b>(11:56)</b> — Illusion of Fear vs. Reality of Love: How fear distorts perception and why meaning only arises when we choose love.</li>
<li><b>(18:05)</b> — No Separation: The realization that there are no “others,” only oneness, and why authentic power is inseparable from love.</li>
<li><b>(21:01)</b> — A Life of Meaning: How aligning with the soul brings harmony, cooperation, and reverence for life.</li>
</ul>
<p><b>Embrace the Soul Step Challenge:</b></p>
<p>This week, take out your Soul Notebook. Write down the words, phrases, or moments from this episode that felt deeply <i>meaningful</i> to you – not intellectually, but as a deeper knowing. Notice how these insights resonate with your life. Ask yourself: <i>Am I choosing fear or love in the way I live today?</i> Return to your notes at the end of the week and reflect on how these choices shape your sense of meaning.</p>"
Soul Snack #43: How Can I Be Authentic and Grieve a Loss?,soul-snack-43-how-can-i-be-authentic-and-grieve-a-loss,"In this soul-nourishing Soul Snack, Gary Zukav answers a heartfelt listener question: How do I live an authentic life while grieving a deep loss?",https://seatofthesoul.com/wp-content/uploads/2025/08/GaryZukav_Ep43.5_Graphic-01.jpg,https://seatofthesoul.com/wp-content/uploads/2025/08/GaryZukav_Ep43.5_Graphic-01.jpg,Gary Zukav,,Soul Snack,"In this soul-nourishing Soul Snack, Gary Zukav answers a heartfelt listener question: How do I live an authentic life while grieving a deep loss?",https://www.youtube.com/watch?v=uU00-ewaYjY,"<p>In this soul-nourishing Soul Snack, Gary Zukav answers a heartfelt listener question: <i>How do I live an authentic life while grieving a deep loss?</i> With clarity and compassion, <b>Gary explains why emotions like grief and loss are not barriers to authenticity – they are part of it. </b>In fact, developing emotional awareness through our deepest pain is one of the most essential steps toward creating authentic power.</p>
<p><b>Grieving doesn’t mean abandoning authenticity – it’s an invitation to experience life more deeply.</b> Gary describes how fear-based emotions like grief and loss activate a frightened part of our personality, while emotions rooted in love connect us to our soul and who we really are.</p>
<p>The challenge is not to eliminate difficult feelings, but to become aware of them, and to choose love – again and again – even in the midst of suffering.</p>
<p>Ultimately, Gary shows that we don’t have to wait until the pain is gone to live authentically. <b>By using your emotional awareness to make the responsible choice of love over fear, the frightened parts of your personality lose their control over you,</b> and you begin to give the gifts that you were born to give.</p>
<h3><b>What You’ll Discover in This Soul Snack:</b></h3>
<ul>
<li><b>(00:50)</b> – The listener’s question: Is it possible to live authentically and grieve at the same time?</li>
<li><b>(01:12)</b> – Avenues to Growth: Why painful emotions are not obstacles, but avenues to your spiritual growth </li>
<li><b>(02:10)</b> – How to become aware of your emotions by feeling the physical sensations in your energy centers, such as your chest and solar plexus .</li>
<li><b>(03:12)</b> – Why emotions like grief and loss activate a frightened part of your personality</li>
<li><b>(05:08)</b> – How a loving parts of our personality offer a new perspective on loss</li>
<li><b>(06:10)</b> – The power of responsible choice: How to consciously choose to act from a loving part of your personality, such as gratitude, while a frightened part is active.</li>
<li><b>(07:04)</b> – How frightened parts of your personality lose their control over you each time you challenge them by choosing love </li>
</ul>
<h3><b>Embrace the Soul Step Challenge:</b></h3>
<p>Think of a time when grief or loss pulled you away from your sense of self. What physical sensations did you notice in your body? What thoughts accompanied them—were they filled with comparison or fear? Now gently shift your attention. Can you recognize a gift that came from the person or situation you lost? Practice holding that memory with love and gratitude. This is how authentic power is born: not by avoiding pain, but by choosing love in the midst of it.</p>"
Soul Feast #41: What Am I Responsible For?,soul-feast-41-what-am-i-responsible-for,"Join the Seat of the Soul monthly newsletter and receive weekly, wisdom filled, insights from Gary.",https://seatofthesoul.com/wp-content/uploads/2025/07/GaryZukav_Ep41_Graphic-01.jpg,https://seatofthesoul.com/wp-content/uploads/2025/07/GaryZukav_Ep41_Graphic-01.jpg,Gary Zukav,,Soul Feast,"Join the Seat of the Soul monthly newsletter and receive weekly, wisdom filled, insights from Gary.",https://www.youtube.com/watch?v=poB0oehr5tQ,"<p><strong>Join the Seat of the Soul <a href=""https://seatofthesoul.com/soul-connections-newsletter/"">monthly newsletter</a> and receive weekly, wisdom filled, insights from Gary.</strong></p>
<p>In this illuminating Soul Snack, Gary explores the deeper meaning of responsibility – not in the conventional, duty-bound sense, but as <strong>a sacred invitation to become conscious of your choices</strong>.</p>
<p>As our world experiences massive transformation and old structures begin to dissolve, Gary guides listeners to focus not on controlling outcomes, but on cultivating authentic power from within.</p>
<p>The question at the heart of this Soul Feast is not what you should be responsible for, but what <strong>you truly are responsible for: your intentions</strong>.</p>
<p>Gary invites us to see our lives not as random or externally controlled, but as reflections of our own soul-level choices. He shares how responsibility is not about changing the world or managing others’ feelings – it’s about choosing your intention in each moment.</p>
<p>Through powerful metaphors and soul-centered insights, Gary highlights how everything we experience, from joy to pain, is an opportunity for spiritual growth – an invitation from the universe to choose love rather than fear every moment.</p>
<p>Ultimately, this Soul Feast reveals that true responsibility is not a burden, but a blessing.</p>
<p>By aligning with our soul’s intentions and choosing love over fear, we begin to co-create a life of meaning, harmony, and authentic power.</p>
<p><strong>What You’ll Discover in This Soul Feast:</strong></p>
<p><strong>(01:08)</strong> — Why trying to manage others’ emotions leads to depletion, and how to release that false sense of control<br>
<strong>(03:06)</strong> — How the new consciousness empowers you to create authentic power by changing yourself, not the world<br>
<strong>(05:42)</strong> — The metaphor of the Earth School and how your life is being shaped by the choices of your soul<br>
<strong>(10:28)</strong> — The drifting boat parable and how it reveals your role in co-creating each life experience<br>
<strong>(13:55)</strong> — Why intention—not action—is what you are truly responsible for, and how it shapes your karma<br>
<strong>(16:54) </strong>— How the universe responds to love and fear not with judgment, but with opportunities for learning</p>
<p><strong>Embrace the Soul Step Challenge:</strong><br>
Take out your soul notebook and reflect on this: When was the last time the universe gave you something that supported your spiritual growth? Write freely and honestly. Consider the events – both joyful and painful – that shaped your day. What intentions did you bring to them? How might you shift your perspective to see these experiences as soul-given opportunities for growth and expansion?</p>"
Soul Snack #35: Can Healing Be Spontaneous?,can-healing-be-spontaneous,"In this Soul Snack Gary explores the powerful question: Is healing spontaneous, or is it something we must choose and cultivate within ourselves?",https://seatofthesoul.com/wp-content/uploads/2025/05/GaryZukav_Ep35.5_Graphic-01.jpg,https://seatofthesoul.com/wp-content/uploads/2025/05/GaryZukav_Ep35.5_Graphic-01.jpg,Gary Zukav,,Soul Snack,"In this Soul Snack Gary explores the powerful question: Is healing spontaneous, or is it something we must choose and cultivate within ourselves?",https://www.youtube.com/watch?v=USvapquiY04,"<p>In this Soul Snack Gary explores the powerful question: <i>Is healing spontaneous, or is it something we must choose and cultivate within ourselves?</i> With clarity and conviction, he emphasizes that <b>healing is not a random gift from the universe – it is a conscious, personal responsibility. </b>He guides listeners to understand how <b>emotional awareness and spiritual commitment are essential steps to reclaiming power from fear-based parts of our personality.</b></p>
<p>Gary takes us deeper into the nature of grace, explaining how <b>moments of lightness or peace may arrive spontaneously – but they are temporary. </b></p>
<h2>Real healing, he says, is about what we do when grace fades.</h2>
<p>He offers a practical path for identifying when fear is active in our energy centers and invites us to <b>respond with presence, not reactivity</b>. Whether it’s anger, jealousy, or impatience, <b>we have the power to recognize these patterns and choose not to act on them</b>.</p>
<h2>The solution to suffering lies in spiritual responsibility.</h2>
<h2>By developing mastery over fear-based reactions and choosing to respond with love, we move closer to creating authentic power and a life filled with meaning, vitality, and joy.</h2>

<p><b><i>Please do not take anything that Gary or Linda share as true just because they say it. If it resonates with you, experiment with it in your life. If it doesn’t, let it go.</i></b></p>

<p><b>What You’ll Discover in This Soul Snack:</b></p>
<ul>
<li><b>(00:45)</b> – Why healing isn’t spontaneous—and why it’s your responsibility to initiate it</li>
<li><b>(01:10)</b> – What grace feels like, and why you can’t rely on it to sustain healing</li>
<li><b>(01:40)</b> – How to identify fear-based parts of your personality through your body’s energy centers</li>
<li><b>(02:30)</b> – Why choosing not to act on anger or fear is a spiritual act of power</li>
<li><b>(03:37)</b> – Why healing is not just your duty—it’s your joy, your fulfillment, and your transformation</li>
</ul>

<p><b>Explore your full potential, so you can give the gifts you were born to give. Your soul has been waiting for you to take this journey! Learn More </b><a href=""http://www.seatofthesoul.com/soulthemescourse""><b>Here</b></a><b>.</b></p>

<p><b>Embrace the Soul Step Challenge:</b></p>
<p>Reflect on a time when a part of your personality—like anger, jealousy, or impatience—took control. Can you remember what it felt like in your body? How did it affect your decisions and relationships? Now, imagine facing a similar moment again and choosing instead to stay present and not act on that fear. Ask yourself: “What would it feel like to respond with love instead?” This is your opportunity to create authentic power.</p>"
Soul Snack # 34: How Can We Understand Suicide?,how-can-we-understand-suicide,"In this deeply compassionate and spiritually grounded Soul Snack, Gary responds to a listener’s question about how to talk with a young man grieving the suicide of his father.",https://seatofthesoul.com/wp-content/uploads/2025/05/GaryZukav_Ep34.5_Graphic-01.jpg,https://seatofthesoul.com/wp-content/uploads/2025/05/GaryZukav_Ep34.5_Graphic-01.jpg,Gary Zukav,,Soul Snack,"In this deeply compassionate and spiritually grounded Soul Snack, Gary responds to a listener’s question about how to talk with a young man grieving the…",https://www.youtube.com/watch?v=VwStKRordQs,"<p>In this deeply compassionate and spiritually grounded Soul Snack, Gary responds to a listener’s question about how to talk with a young man grieving the suicide of his father. With vulnerability and clarity, Gary reflects on the loss of his own brother to suicide and guides listeners into a larger understanding of such tragedies through the lens of multisensory perception and the soul’s journey.</p>
<p>The conversation explores how suicide is never a wise choice, as it does not end pain but instead complicates healing by removing <b>the body — our primary means of spiritual growth on Earth. </b></p>
<h2>Gary helps listeners view suicide and loss from a soul-level perspective, where pain is not only part of the human experience but also a powerful opportunity for transformation.</h2>
<p><b>By recognizing emotions such as guilt, abandonment, and regret as expressions of fear, we can begin the sacred work of healing.</b></p>
<h2>The path to authentic power begins with choosing to feel our pain, without acting on it, and seeing ourselves and others as souls learning in the Earth School.</h2>
<p><b>From this place, healing, compassion, and spiritual growth become possible.</b></p>

<p><i>Please do not take anything that Gary or Linda share as true just because they say it. If it resonates with you, experiment with it in your life. If it doesn’t, let it go.</i></p>

<p><b>What You’ll Discover in This Soul Snack:</b></p>
<ul>
<li><b>(00:45)</b> — Why suicide doesn’t end pain—and why it creates more challenges for the Soul</li>
</ul>
<ul>
<li><b>(01:49) </b>— How Gary’s brother’s suicide shaped his spiritual understanding</li>
</ul>
<ul>
<li><b>(02:44) </b>— Why pain is an opportunity for spiritual development, not a punishment</li>
</ul>
<ul>
<li><b>(03:30) </b>— What it means to feel pain without acting on it—and how this creates authentic power</li>
</ul>
<ul>
<li><b>(04:25) </b>— How to help someone grieving a suicide see their continued Soul connection</li>
</ul>
<ul>
<li><b>(05:39) </b>— Why seeing life from a Soul-level perspective brings compassion and growth</li>
</ul>

<p><b>Embrace the Soul Step Challenge:</b></p>
<p>Reflect on a time when you or someone you love experienced deep emotional pain—perhaps a loss, a feeling of abandonment, or even self-loathing. Can you recognize how fear expressed itself in that experience? Take a moment to feel that pain without pushing it away or acting on it. Ask yourself, “Is this a frightened part of my personality?” Then choose to respond with compassion – for yourself and others. This is how you create authentic power—by choosing love over fear, moment by moment.</p>

<p><b>Create the life you desire by choosing love over fear. Learn how </b><a href=""https://seatofthesoul.com/love-fear/""><b>HERE</b></a><b>.</b></p>"
Soul Snack #33: What Inspired Gary to Change?,what-inspired-gary-to-change,"In this Soul Snack, Gary offers a deeply personal reflection on the origins of his transformation—from living in anger to choosing a path of love and authentic power.",https://seatofthesoul.com/wp-content/uploads/2025/05/GaryZukav_Ep33.5_Graphic-01.png,https://seatofthesoul.com/wp-content/uploads/2025/05/GaryZukav_Ep33.5_Graphic-01.png,Gary Zukav,,Soul Snack,"In this Soul Snack, Gary offers a deeply personal reflection on the origins of his transformation—from living in anger to choosing a path of love and authentic…",https://www.youtube.com/watch?v=XDisk4RvP4U,"<p>In this Soul Snack, Gary offers a deeply personal reflection on the origins of his transformation—from living in anger to choosing a path of love and authentic power. Responding to a listener’s question, Gary shares how discovering the non-physical dimensions of life helped him understand the deeper consequences of his actions—not just on himself, but on the collective consciousness of humanity.</p>
<p>The Soul Snack explores how Gary came to see that <b>emotions like anger, jealousy, and resentment are all expressions of fear.</b> When he recognized his own role in contributing to the world’s suffering, he made a conscious choice: to stop fueling pain and start embodying love. </p>
<h2>Through practices of emotional awareness, intention-setting, and responsible choice he began aligning his life with the energy of gratitude, patience, and open-hearted presence.</h2>
<p><b>The key to authentic power, Gary explains, is choosing to act from love even when fear arises. </b></p>
<h2>By becoming aware of our emotional energy via physical sensations—especially in the chest, throat, and solar plexus—we gain the ability to respond with care instead of react from fear.</h2>
<p><b>Transformation begins with this choice.</b></p>

<p><b>What You’ll Discover in This Episode:</b></p>
<ul>
<li><b>(00:10) </b>— The pivotal moment that sparked Gary’s personal transformation</li>
</ul>
<ul>
<li><b>(01:11) </b>— How fear hides behind anger, jealousy, and superiority</li>
</ul>
<ul>
<li><b>(02:02)</b> — Why your emotions contribute to collective human consciousness</li>
</ul>
<ul>
<li><b>(03:35) </b>— How to recognize fear and love through physical sensations in the body</li>
</ul>

<p><b>Discover a new way of seeing and experiencing the world. Start your journey to multisensory perception</b><a href=""https://seatofthesoul.com/mutli-five-sensory/""><b> HERE</b></a>.</p>

<p><b>Embrace the Soul Step Challenge:</b></p>
<p>Take a moment to reflect on a recent time when you felt angry, jealous, or overwhelmed. Can you locate where those sensations appeared in your body—your throat, chest, or solar plexus? Instead of reacting or pushing the feeling away, pause. Ask yourself, “Is this a frightened part of me?” Then, set a new intention: respond from love. Whether it’s through silence, kindness, or simply not acting from fear, notice how this shifts your internal state. This is how you begin to change—moment by moment.</p>"
Soul Snack #30: When Are Boundaries Necessary?,when-are-boundaries-necessary,"Boundaries are often seen as emotional shields—tools we use to protect ourselves from pain, discomfort, or conflict.",https://seatofthesoul.com/wp-content/uploads/2025/04/GaryZukav_Ep30.5_Graphic-01.png,https://seatofthesoul.com/wp-content/uploads/2025/04/GaryZukav_Ep30.5_Graphic-01.png,Gary Zukav,,Soul Snack,"Boundaries are often seen as emotional shields—tools we use to protect ourselves from pain, discomfort, or conflict.",https://www.youtube.com/watch?v=RhSkpxSru1s,"<p>Boundaries are often seen as emotional shields—tools we use to protect ourselves from pain, discomfort, or conflict. But…</p>
<h2>What if the impulse to build boundaries comes not from wisdom, but from fear?</h2>
<p>In this Soul Snack, Gary Zukav explores why emotional pain doesn’t come from other people, but from within, and how <b>true emotional mastery begins not with distancing ourselves from others, but by turning inward</b>.</p>
<p>Gary shares a transformative perspective on emotional pain, revealing that <b>what often looks like a need for boundaries is actually a call for emotional awareness.</b> </p>
<p>Through a powerful story and candid reflection, he explains that our emotional reactions are not caused by others—they’re activated by parts of ourselves rooted in fear. </p>
<h2>By identifying these frightened parts and cultivating emotional literacy, we begin to understand the real source of our discomfort—and reclaim our power.</h2>
<p>The key? <b>Shift from reaction to response</b>. Instead of erecting boundaries, challenge the painful inner dynamics that others activate. </p>
<h2>When you stop trying to change the outside world to feel better, you begin to create authentic power from the inside out.</h2>

<p><b>Please do not take anything that Gary or Linda share as true just because they say it. If it resonates with you, experiment with it in your life. If it doesn’t, let it go.</b></p>

<p><b>What You’ll Discover in This Episode:</b></p>
<ul>
<li><b>(00:34) — </b>Why emotional boundaries often originate from fear, not love</li>
</ul>
<ul>
<li><b>(02:21) — </b>The story of a Chan Master and the lesson that transformed Gary’s understanding of emotional independence</li>
</ul>
<ul>
<li><b>(05:32) — </b>How repeated emotional pain reveals what still needs healing within yourself</li>
</ul>
<ul>
<li><b>(07:45) — </b>A step-by-step guide to developing emotional literacy through physical awareness</li>
</ul>
<ul>
<li><b>(10:19) — </b>How gratitude, not boundaries, is the doorway to authentic power</li>
</ul>
<ul>
<li><b>(11:58) — </b>Why “Love includes” is more than a mantra—it’s a way of living</li>
</ul>

<h3><b>Embrace the Soul Step Challenge:</b></h3>
<p>Think of a moment when you wanted to put up a boundary—perhaps you felt hurt, overwhelmed, or annoyed. Ask yourself: Was I trying to protect myself, or was I trying to avoid feeling something deeper? This week, pause when that impulse to create distance arises. Notice the physical sensations in your body, and let yourself feel them without reacting. Explore what’s really being activated inside of you. Then ask: Can I respond from love instead?</p>

<p><b>Discover a new way of seeing and experiencing the world. Start your journey to multisensory perception</b><a href=""https://seatofthesoul.com/mutli-five-sensory/""><b> HERE</b></a><b>.</b></p>"
Soul Feast #29: What is a Universal Human?,what-is-a-universal-human,"In this powerful Soul Feast of The Gary Zukav Podcast, Gary takes listeners beyond the concept of multisensory perception and into the next evolutionary step in human consciousness—the Universal…",https://seatofthesoul.com/wp-content/uploads/2025/04/GaryZukav_Ep29_Graphic-01.png,https://seatofthesoul.com/wp-content/uploads/2025/04/GaryZukav_Ep29_Graphic-01.png,Gary Zukav,,Soul Feast,"In this powerful Soul Feast of The Gary Zukav Podcast, Gary takes listeners beyond the concept of multisensory perception and into the next evolutionary step…",https://www.youtube.com/watch?v=5vQ9a_vuSGA,"<p>In this powerful Soul Feast of <i>The Gary Zukav Podcast</i>, Gary takes listeners beyond the concept of multisensory perception and into <b>the next evolutionary step in human consciousness—the Universal Human</b>. </p>
<p>As he explains, humanity is currently undergoing a monumental shift from five-sensory awareness into multisensory awareness, and already, something even greater is pulling us forward. Through personal stories and illuminating insights, Gary offers a glimpse into what it means to be a Universal Human—and how we are all being called to embody this transformation.</p>
<p>While the current stage of human evolution allows us to sense the world beyond our five senses and align our personalities with our souls (what Gary calls creating <i>authentic power</i>), <b>the Universal Human represents an even deeper shift</b>. </p>
<h2>It is a being whose allegiance is to Life first, and everything else—gender, nationality, race, religion—second.</h2>
<p>This <b>emerging identity transcends all the boundaries</b> that previously divided us, <b>awakening a collective sense of love, interconnectedness, and responsibility</b>.</p>
<h2>The path forward is rooted in love.</h2>
<p>As we learn to <b>distinguish between love and fear within ourselves and consistently choose love</b>, we develop authentic power. From that space, the possibility of Universal Humanity becomes real—first as a feeling, then as  lived experience (truth).</p>
<p><b><i>Please do not take anything that Gary or Linda share as true just because they say it. If it resonates with you, experiment with it in your life. If it doesn’t, let it go.</i></b></p>
<h3><b>What You’ll Discover in This Soul Feast:</b></h3>
<ul>
<li>
<ul>
<li><b>(00:00)</b> — Why a new consciousness is emerging—and how it’s reshaping the entire human experience</li>
<li><b>(01:45)</b> — How the disintegration of the old world invites us to choose love over fear</li>
<li><b>(03:30)</b> — How multisensory perception reveals the continuation of consciousness beyond</li>
</ul>
</li>
</ul>

<h3><b>Embrace the Soul Step Challenge:</b></h3>
<p>This week, reflect on the identity you most often lead with—your profession, your culture, your roles, your beliefs. Ask yourself: What would it mean to be a Universal Human first, and all those things second? Journal or record a moment in your life when you felt pulled beyond your individual identity and into a deeper connection with all of life. How did that feel? Could that moment be calling you toward your next soul step?</p>
<p><b>Join Gary LIVE every month as he shares his wisdom and answers your questions live. </b><a href=""http://www.seatofthesoul.com/eveningwithgaryzukav""><b>REGISTER HERE</b></a><b> for An Evening with Gary Zukav.</b></p>"
Soul Feast #26 – Am I Joyful or Am I Happy?,am-i-joyful-or-am-i-happy,"Many people use the words “joy” and “happiness” interchangeably, but are they really the same?",https://seatofthesoul.com/wp-content/uploads/2025/03/GaryZukav_Ep26_Graphic-01.png,https://seatofthesoul.com/wp-content/uploads/2025/03/GaryZukav_Ep26_Graphic-01.png,Gary Zukav,,Soul Feast,"Many people use the words “joy” and “happiness” interchangeably, but are they really the same?",https://www.youtube.com/watch?v=jXiDmrY6RLU,"<p>Many people use the words “joy” and “happiness” interchangeably, but are they really the same? In this Soul Feast, Gary Zukav explores the profound difference between the fleeting highs of happiness—driven by external circumstances—and the deep, unwavering presence of joy.<br>
</p>
<h2>While happiness is tied to the temporary satisfaction of our fears and desires, joy arises from something much deeper: the alignment of our personality with our soul.</h2>
<p>At the heart of this conversation is the concept of authentic power—choosing love over fear, even when fear is present. Gary breaks down how <b>happiness is dependent on the external world, fluctuating with life’s ups and downs, while joy is an unshakable state of being that emerges when we move beyond fear-based reactions.</b> </p>
<h2>By recognizing and challenging the frightened parts of our personality, we can cultivate lasting joy rather than chasing momentary happiness.</h2>
<p>The key to experiencing true joy is to practice emotional awareness, learning to distinguish between fearful and loving parts of our personality. <b>When we act from love—choosing gratitude, patience, and appreciation—we step into our authentic power and free ourselves from the illusion that external circumstances define our well-being</b>. </p>
<h2>Joy is our natural state; it is always available when we choose to see beyond fear.</h2>

<h3><b>What You’ll Discover in This Soul Feast:</b></h3>
<ul>
<li><b>(02:05) — </b>The fundamental difference between happiness and joy</li>
</ul>
<ul>
<li><b>(07:42) — </b>Why happiness is dependent on external circumstances and how it leads to suffering</li>
</ul>
<ul>
<li><b>(12:30) — </b>How joy arises from within and remains unaffected by life’s ups and downs</li>
</ul>
<ul>
<li><b>(17:15) — </b>The role of emotional awareness in recognizing fear-based reactions</li>
</ul>
<ul>
<li><b>(22:04) — </b>How to create authentic power by choosing love over fear</li>
</ul>
<ul>
<li><b>(28:18) — </b>Practical steps to shift from seeking happiness to experiencing joy</li>
</ul>

<h3><b>Embrace the Soul Step Challenge: </b>Reflect on the moments in your life when you felt happy versus when you felt truly joyful. Was your happiness tied to a specific event, person, or outcome? Did it fade when circumstances changed? Now, recall a moment of joy—one that felt deeply fulfilling and was not dependent on anything external. This week, observe your emotions: Are you chasing happiness, or are you choosing joy? The path to joy begins with recognizing when fear is present and consciously shifting toward love.</h3>

<p><b>Your emotions are messages from your soul. Learn How to Tune In and Listen </b><a href=""http://www.seatofthesoul.com/emotionalawarenesscourse""><b>HERE</b></a><b>.</b></p>"
Soul Feast #24: What You Can Control,what-you-can-control,"In this Soul Feast, Gary explores a fundamental question: What can you control?",https://seatofthesoul.com/wp-content/uploads/2025/02/GaryZukav_Ep24_Graphic-01.png,https://seatofthesoul.com/wp-content/uploads/2025/02/GaryZukav_Ep24_Graphic-01.png,Gary Zukav,,Soul Feast,"In this Soul Feast, Gary explores a fundamental question: What can you control?",https://www.youtube.com/watch?v=6ghj9Jp-1lk,"<p>In this Soul Feast, Gary explores a fundamental question: <b><i>What can you control?</i></b> Our perception of control is shaped by whether we operate from the old consciousness—rooted in external power, manipulation, and dominance—or from the emerging multisensory consciousness, which embraces spiritual growth and authentic power. </p>
<p>He challenges the traditional notion of control and introduces a transformative approach that aligns with our evolving human experience. Many people believe control comes from external circumstances—status, wealth, or authority—but Gary explains why this outdated perspective leads to suffering. </p>
<h2>True power does not come from changing the world around us but from changing ourselves.</h2>
<p>Through the lens of vertical and horizontal dimensions, he illustrates how <b>our emotions and reactions shape our reality</b>. </p>
<h2>The key to freedom and fulfillment lies in mastering our choices rather than trying to dominate external circumstances.</h2>
<p>The solution is simple yet profound: <b>while we cannot control our emotions, we </b><b><i>can</i></b><b> control how we respond to them.</b> By developing emotional awareness and choosing to act from love instead of fear, we create positive, lasting consequences. </p>
<h2>This conscious choice-making is the foundation of creating authentic power and the path to true joy and fulfillment.</h2>

<h3><b>What You’ll Discover in This Soul Feast:</b></h3>
<ul>
<li><b>(00:41)</b> — The difference between external power and authentic power</li>
<li><b>(02:43)</b> — Why the old model of control is no longer effective</li>
<li><b>(03:47) </b>— The horizontal and vertical dimensions of control</li>
<li><b>(07:04)</b> — Why you can’t control emotions but can control your responses to them</li>
<li><b>(09:23)</b> — How emotional awareness creates space for conscious choices</li>
<li><b>(11:30) </b>— The role of intention in shaping your experiences and reality</li>
</ul>

<h3><b>Embrace the Soul Step Challenge:</b> Take a moment to reflect on how control has played a role in your life. Have you been trying to change external circumstances in order to feel safe? secure? happy? Instead, consider how you can shift your focus inward. Observe your emotions without judgment and practice making conscious choices based on love rather than fear. What happens when you respond with awareness instead of reacting?</h3>

<p><strong>Are you practicing judgment or discernment? Learn more as Gary explains the difference in this illuminating <a href=""https://seatofthesoul.com/judgment/"">video</a>.</strong></p>"
Soul Snack #21: How Do I Challenge a Frightened Part of My Personality?,challenge-a-frightened-part-of-my-personality,"In this Soul Snack, Gary explores the process of recognizing and challenging the frightened parts of our personality.",https://seatofthesoul.com/wp-content/uploads/2025/02/GaryZukav_Ep21.5_Graphic-01.png,https://seatofthesoul.com/wp-content/uploads/2025/02/GaryZukav_Ep21.5_Graphic-01.png,Gary Zukav,,Soul Snack,"In this Soul Snack, Gary explores the process of recognizing and challenging the frightened parts of our personality.",https://www.youtube.com/watch?v=D1hGqKL_CVg,"<p>In this Soul Snack, Gary explores the process of recognizing and challenging the frightened parts of our personality. He explains how these parts, rooted in fear, shape our experiences by driving emotions such as anger, jealousy, resentment, and insecurity. </p>

<h2>Through emotional awareness and responsible choice, we can begin the journey of moving beyond their control and stepping into authentic power.</h2>

<p>Many people mistakenly believe they can eliminate fear-based behaviors through wishful thinking or intellectual understanding, but <b>true transformation requires consistent practice.</b> Gary shares personal stories, illustrating how the <b>frightened parts of the personality lose their grip over time when we choose love over fear again and again</b>. He emphasizes that growth is not about erasing fear, but about making conscious choices in the face of it.</p>

<h2>The key to challenging a frightened part of your personality is to observe it without judgment, recognize its physical and emotional impact, and then deliberately choose to act from love instead.</h2>

<p><b>This daily practice of emotional awareness and conscious choice is how we create authentic power and lasting transformation.</b></p>

<h3><b>What You’ll Discover in This Soul Snack:</b></h3>
<ul>
<li><b>(00:41):</b> How fear-based parts of our personality shape our experiences.</li>
<li><b>(02:50):</b> Why choosing love over fear is a process that requires repetition.</li>
<li><b>(05:07):</b> How to recognize the physical and emotional impact of frightened parts.</li>
<li><b>(07:15):</b> The importance of self-awareness and responsible choice in transformation.</li>
<li><b>(10:59): </b>How spiritual partnerships support the process of challenging fear-based behaviors.</li>
</ul>

<h3><b>Embrace the Soul Step Challenge : </b>Take time to observe the frightened parts of your personality throughout the day. When you feel emotions like jealousy, anger, or fear, pause and notice their physical sensations—tightness in the chest, a knot in the stomach, or tension in the throat. Ask yourself: What part of me is feeling this, and how can I choose love instead? Write down your observations and document how conscious choices (from love) impacts your experience.</h3>
<p><b>Are you creating with love or fear in your life? Take this </b><a href=""https://seatofthesoul.com/cultivating-love-optin/""><b>self-assessment</b></a><b> today to find out.</b></p>"
Soul Feast #21: Choosing Roles in Spiritual Partnership,choosing-roles-in-spiritual-partnership,"In this Soul Feast, Gary explores how roles are chosen within a spiritual partnership and how they shape personal and spiritual growth.",https://seatofthesoul.com/wp-content/uploads/2025/02/GaryZukav_Ep21_Graphic-02.png,https://seatofthesoul.com/wp-content/uploads/2025/02/GaryZukav_Ep21_Graphic-02.png,Gary Zukav,,Soul Feast,"In this Soul Feast, Gary explores how roles are chosen within a spiritual partnership and how they shape personal and spiritual growth.",https://www.youtube.com/watch?v=DVtw7bcXNMo,"<p>In this Soul Feast, Gary explores how roles are chosen within a spiritual partnership and how they shape personal and spiritual growth. Unlike traditional relationships, where roles are often assigned by society, culture, or external expectations, <b>spiritual partnerships provide an opportunity to consciously choose roles based on love rather than fear</b>. By doing so, individuals align with their soul’s purpose and create authentic power.</p>
<h2>Many people unknowingly adopt roles based on family conditioning, societal norms, or personal fears, which can limit growth and create unconscious patterns.</h2>
<p>Gary explains that when roles are chosen unconsciously, they imprison us, leading to experiences shaped by fear and external validation. However, <b>when roles are chosen consciously and with intention, they serve as powerful tools for personal transformation.</b> He highlights how gender roles, career choices, and relationship dynamics can all be redefined through spiritual awareness.</p>
<h2>The key to choosing roles in spiritual partnership is recognizing that you are not your role—you are a powerful, loving, and creative soul. </h2>
<p>When roles are consciously selected with the intention of love, they bring freedom, alignment, and deeper fulfillment. <b>This shift allows spiritual partners to support each other in mutual growth while remaining open to continuous evolution.</b></p>

<h3><b>What You’ll Discover in This Soul Feast:</b></h3>
<ul>
<li>(02:51): Why societal and cultural roles often define us unconsciously.</li>
<li>(05:15): How choosing roles with awareness creates freedom rather than limitation.</li>
<li>(07:22): The connection between roles, spiritual partnership, and authentic power.</li>
<li>(09:51): Why traditional roles can limit self-expression and growth.</li>
<li>(14:07): The importance of creating roles based on love rather than fear.</li>
</ul>

<h3><b>Embrace the Soul Step Challenge: </b>Take time to examine the roles you play in your relationships. Are they chosen consciously or inherited from society, family, or fear-based conditioning? Write down how your roles shape your experiences and ask yourself: If I could redefine my role, what would I choose? Consider how consciously choosing your roles could bring more joy, freedom, and alignment with your soul’s purpose. Document your thoughts in your journal.</h3>

<p><b>Are you creating with love or fear in your life? Take this </b><a href=""https://seatofthesoul.com/cultivating-love-optin/""><b>self-assessment</b></a><b> today to find out.</b></p>"
Soul Snack #18: Can Talents Learned in Past Lives Carry Over?,can-talents-learned-in-past-lives-carry-over,"In this Soul Snack, Gary explores the fascinating concept of talents and abilities carrying over from other lifetimes.",https://seatofthesoul.com/wp-content/uploads/2025/01/GaryZukav_Ep18.5_Graphic-02.png,https://seatofthesoul.com/wp-content/uploads/2025/01/GaryZukav_Ep18.5_Graphic-02.png,Gary Zukav,,Soul Snack,"In this Soul Snack, Gary explores the fascinating concept of talents and abilities carrying over from other lifetimes.",https://www.youtube.com/watch?v=UQwDjZ9lDWA,"<p>In this Soul Snack, Gary explores the fascinating concept of talents and abilities carrying over from other lifetimes. He shares profound insights into how <b>the experiences and skills developed by other personalities of our soul influence our present lives</b>. Through compelling examples, Gary reveals how these connections illuminate our soul’s journey and support its growth in each incarnation.</p>
<p>Gary discusses how<b> the traits, talents, and even challenges we bring into this life are not random but are intentionally aligned with our soul’s goals for spiritual growth</b>. Whether it’s a child’s unexplainable musical proficiency or an adult’s surprising ability in a completely new field, these attributes stem from the rich tapestry of our soul’s experiences. By recognizing this, <b>we can view our lives and our abilities with greater awe, gratitude, and purpose.</b></p>
<h2>The key lies in understanding that every aspect of our lives, from our physical traits to our cultural circumstances, serves the soul’s learning.</h2>
<p><b>This awareness empowers us to embrace our uniqueness and make conscious choices that contribute to our spiritual evolution</b>.</p>

<p><b>What You’ll Discover in This Soul Snack:</b></p>
<ul>
<li><b>(00:40):</b> How talents can emerge in this life from experiences in other lives.</li>
<li><b>(02:00):</b> The relationship between our soul’s other personalities and our present abilities.</li>
<li><b>(03:10):</b> Why every aspect of our being aligns with our soul’s goals for growth.</li>
<li><b>(05:29):</b> The role of conscious choice in utilizing our inherited talents for spiritual development.</li>
<li><b>(07:00):</b> Viewing life’s circumstances as intentional for the soul’s learning.</li>
</ul>

<h3><b>Embrace the Soul Step Challenge:</b> Take a moment to reflect on your unique talents and abilities. Write down how these strengths might connect to your soul’s journey. What do these gifts tell you about the lessons your soul may be learning in this lifetime? Consider how you can use these talents consciously to grow spiritually and serve others. Document your thoughts and insights in your journal.</h3>

<p><strong>Are you ready to live Beyond the Five Sense? Learn how <a href=""http://www.seatofthesoul.com/beyondthefivesensescourse"">HERE</a>.</strong></p>"
Soul Feast #18: What To Do Before You Speak or Act,what-to-do-before-you-speak-or-act,"In this insightful Soul Feast, Gary discusses the profound impact of intentions on our actions and words.",https://seatofthesoul.com/wp-content/uploads/2025/01/GaryZukav_Ep18_Graphic-01-1.png,https://seatofthesoul.com/wp-content/uploads/2025/01/GaryZukav_Ep18_Graphic-01-1.png,Gary Zukav,,Soul Feast,"In this insightful Soul Feast, Gary discusses the profound impact of intentions on our actions and words.",https://www.youtube.com/watch?v=QGKenKizWWE,"<p>In this insightful Soul Feast, Gary discusses the profound impact of intentions on our actions and words.</p>
<p>He reveals how<b> every action we take is guided by an intention—conscious or unconscious</b>—and how <b>the quality of our intention shapes the consequences we experience</b>. </p>
<p>Gary emphasizes that <b>understanding and aligning with loving intentions is a cornerstone of creating authentic powe</b>r.Delving deeper, Gary explains the duality of love and fear as the foundation of all intentions. </p>
<h2>When we act unconsciously, our intentions stem from fear, resulting in pain and disconnection.</h2>
<p><b>However, by cultivating emotional awareness and consciously choosing intentions of love, we can transform our experiences and relationships.</b> He illustrates this with relatable examples, showing how intentions—not just actions—are the true creators of our life’s outcomes.</p>
<h2>The solution lies in becoming aware of your intentions before speaking or acting.</h2>
<p>By consistently choosing love over fear, <b>you can align with your soul’s intentions</b>, creating a life filled with joy, connection, meaning and fulfillment.</p>

<h3><strong>What You’ll Discover in This Soul Feast:</strong></h3>
<ul>
<li><b>(00:41):</b> Why every action and word has an intention behind it.</li>
<li><b>(02:52):</b> The importance of identifying unconscious intentions rooted in fear.</li>
<li><b>(05:13):</b> How intentions of love transform your words, actions, and outcomes.</li>
<li><b>(07:21):</b> The duality of love and fear as the foundation of all intentions.</li>
<li><b>(13:03):</b> Practical steps to align your intentions with your soul’s purpose.</li>
</ul>

<h3><strong>Embrace the Soul Step Challenge:</strong> Reflect on your intentions throughout the day. Use a journal or voice recorder to note the intentions behind your actions and words, noting whether they stem from love or fear. At the end of the day, review your notes to observe patterns and areas for growth. Commit to making intentional choices rooted in love to create more joyful and fulfilling experiences.</h3>

<p><strong>Join the Seat of the Soul monthly <a href=""https://seatofthesoul.com/soul-connections-newsletter/"">newsletter</a> and receive weekly, wisdom filled, insights from Gary.</strong></p>"
SOUL FEAST # 17: The Underlying Gift of Addiction,the-underlying-gift-of-addiction,"In this Soul Feast, Gary delves into the profound and often misunderstood topic of addiction.",https://seatofthesoul.com/wp-content/uploads/2025/01/GaryZukav_Ep17_Graphic-02.png,https://seatofthesoul.com/wp-content/uploads/2025/01/GaryZukav_Ep17_Graphic-02.png,Gary Zukav,,Soul Feast,"In this Soul Feast, Gary delves into the profound and often misunderstood topic of addiction.",https://www.youtube.com/watch?v=sHdBfF6qR_o,"<p>In this Soul Feast, Gary delves into the profound and often misunderstood topic of addiction. He reframes addiction as more than a destructive force, illuminating its deeper spiritual significance. Drawing from his personal experiences and insights, Gary reveals how <b>addiction stems from the most frightened parts of our personality and offers a unique opportunity for spiritual growth</b>. </p>
<h2>By feeling and moving beyond the control of addiction, we unlock the potential for joy, love, and create authentic power.</h2>
<p>Gary explains that addiction is not merely a habit or compulsion but a manifestation of unresolved pain and powerlessness. These strong, frightened parts of our personalities often dominate our lives, leading us to seek external fixes for internal wounds. </p>
<p>However, this Soul Feast uncovers the <b>spiritual opportunity hidden within addiction: the ability to fully experience and move beyond its control, creating authentic power in the process.</b></p>
<p>At its core, the solution lies in awareness and choice. <b>Through emotional awareness and responsible choice, we can begin the journey of healing an addiction and more</b>. </p>
<p>The process is not easy, but it is transformative, offering the chance to replace fear with love and reclaim control of our lives.<br>
 </p>

<h3><b>What You’ll Discover in This Soul Feast:</b></h3>
<ul>
<li><b>(00:20):</b> How addiction reflects the strongest frightened parts of your personality.</li>
<li><b>(03:59):</b> The anchor analogy: Why addictions keep us stuck and how to cut the chain.</li>
<li><b>(08:05):</b> Shifting from external power to authentic power through introspection.</li>
<li><b>(12:39):</b> Understanding the spiritual opportunity and choice within addiction.</li>
<li><b>(20:10):</b> Moving through the pain of addiction to the other side of freedom.</li>
<li><b>(23:18):</b> Why the Earth school is designed for souls ready to heal and grow.</li>
</ul>

<p><b>Embrace the Soul Step Challenge: </b>Take a moment to reflect on the strongest, most frightened parts of your personality. Write down the aspects of your life where you feel controlled by addiction or unresolved pain. Ask yourself: What would change if I faced this fear with courage and integrity? How can I move from fear to love in these areas? Use your journal to document your discoveries and insights.</p>

<p><strong>For many the persistent need to cover their pain with their addiction is very real. Learn more from Gary Zukav <a href=""https://seatofthesoul.com/addiction/"">Here.</a></strong></p>"
Soul Feast #15: Why Choose Forgiveness?,why-choose-forgiveness,"In today’s Soul Feast, Gary Zukav explores the transformative power of forgiveness.",https://seatofthesoul.com/wp-content/uploads/2025/01/Gary-Zukav-Graphic-01-10.jpg,https://seatofthesoul.com/wp-content/uploads/2025/01/Gary-Zukav-Graphic-01-10.jpg,Gary Zukav,,Soul Feast,"In today’s Soul Feast, Gary Zukav explores the transformative power of forgiveness.",https://www.youtube.com/watch?v=-dCub-M_uKE,"<p>In today’s Soul Feast, Gary Zukav explores the <b>transformative power of forgiveness</b>. Often misunderstood as something you do for others, Gary reveals that forgiveness is actually about freeing yourself from the emotional weight of resentment, anger, and judgment. </p>
<h2>It’s not about condoning someone’s actions but about lightening your own load and seeing the world with clarity and love.</h2>
<p>Gary shares practical insights on how<b> forgiveness aligns with the new consciousness</b>, the creation of authentic power, and the development of a more meaningful, joyful life. </p>
<p>With thoughtful analogies – like carrying a backpack full of rocks or wearing distorted sunglasses – Gary illustrates how holding onto resentment distorts your perception and keeps you stuck.</p>
<h2>Ultimately, forgiveness is a choice rooted in love. By embracing it, you create profound shifts in your personal growth, spiritual development, and relationships.</h2>

<p><b>What You’ll Discover in This Soul Feast:</b></p>
<ul>
<li><b>(00:46): </b>Forgiveness as an energy dynamic, not a moral obligation.</li>
<li><b>(02:15): </b>How holding on to resentment distorts your view of life.</li>
<li><b>(05:31): </b>The connection between forgiveness, authentic power, and the new consciousness.</li>
<li><b>(13:31): </b>The role of karma and how your choices shape your experiences.</li>
<li><b>(19:31): </b>Why choosing forgiveness lightens your load and changes your life.</li>
</ul>

<p><b>Embrace the Soul Step Challenge:</b> Reflect on moments where you’ve struggled to forgive others – or yourself. Write down these instances and consider how they’ve impacted your emotional and spiritual well-being. Ask yourself: What would change if I chose love over fear in these situations?</p>

<p><strong>Join Gary LIVE every month as he shares his wisdom and answers your questions live.</strong> <strong><a href=""http://www.seatofthesoul.com/eveningwithgaryzukav"">REGISTER HERE</a> for An Evening with Gary Zukav.</strong></p>"
Soul Feast #14: What is Love?,what-is-love,"In today’s Soul Feast, Gary Zukav unpacks one of life’s greatest questions: What is Love?",https://seatofthesoul.com/wp-content/uploads/2024/12/Gary-Zukav-Graphic-01-9.jpg,https://seatofthesoul.com/wp-content/uploads/2024/12/Gary-Zukav-Graphic-01-9.jpg,Gary Zukav,,Soul Feast,"In today’s Soul Feast, Gary Zukav unpacks one of life’s greatest questions: What is Love?",https://www.youtube.com/watch?v=bA4sUOvEuEU,"<p>In today’s Soul Feast, Gary Zukav unpacks one of life’s greatest questions: <i>What is Love?</i> </p>
<p>Love is often misunderstood, confused with attachment, fear, or fleeting emotions. </p>
<p>T<b>rue Love is the essence of who we are.</b></p>
<h2>Through the lens of the new consciousness, Gary explains how fear distorts our vision of life and keeps us disconnected from joy, meaning, and authentic power.</h2>
<p>He explores how <b>creating authentic power – aligning your personality with your soul – helps you move beyond fear and cultivate the loving parts of your personality.</b></p>
<p>Using practical wisdom and simple analogies like a fish in water and flowers tracking the sun, Gary reveals that Love isn’t something you chase – it’s something you <i>are</i>.</p>
<h2>When you choose Love over fear, you unlock clarity, joy, and purpose.</h2>

<p><b>What You’ll Discover in This Soul Feast:</b></p>
<ul>
<li><b>(02:10):</b> Why Love is everywhere – like water to a fish – but so hard to describe.</li>
<li><b>(04:21):</b> The fundamental duality of life: Love and fear, and how it shapes your choices.</li>
<li><b>(09:20):</b> How creating authentic power helps you align with Love and move beyond fear.</li>
<li><b>(11:51):</b> Gary’s moments of awe: when the experiencer and the experience become one.</li>
<li><b>(22:15):</b> A soul step challenge: follow what gives you joy and meaning to track Love.</li>
</ul>

<p><b>Embrace the Soul Step Challenge:</b> This week, take a moment to reflect on what truly gives you a sense of joy and meaning. Like a flower that naturally turns toward the sun, track those experiences in your life that bring light, fulfillment, and purpose. Write them down in your journal and notice how often fear tries to obscure your path. Each time you choose joy and meaning over fear, you move closer to the Love that you are.</p>

<p>Your emotions are messages from your soul.  Learn How to Tune In and Listen <a href=""http://www.seatofthesoul.com/emotionalawarenesscourse"">HERE</a>.</p>"
Soul Snack #10: How do I change the way I process energy?,how-do-i-change-the-way-i-process-energy,"In today’s soul snack, Gary Zukav introduces a powerful message from his beloved spiritual partner, Linda Francis.",https://seatofthesoul.com/wp-content/uploads/2024/12/Gary-Zukav-Graphic-01-2.jpg,https://seatofthesoul.com/wp-content/uploads/2024/12/Gary-Zukav-Graphic-01-2.jpg,Gary Zukav,,Soul Snack,"In today’s soul snack, Gary Zukav introduces a powerful message from his beloved spiritual partner, Linda Francis.",https://www.youtube.com/watch?v=ukEFPe5T7vQ,"<p>In today’s soul snack, Gary Zukav introduces a powerful message from his beloved spiritual partner, Linda Francis. <b>Linda shares transformative insights on shifting from fear to love in your thoughts, words, and actions.</b> </p>
<p>Drawing on wisdom from the book they co-authored: <i>The Heart of the Soul: Emotional Awareness</i>, Linda answers a listener’s question about consciously processing energy and creating authentic power.</p>
<h2>Linda explains how to identify and fully feel the physical sensations of fear-based parts of your personality, while deliberately choosing to act from a loving part of your personality instead. </h2>
<p>By practicing this repeatedly, moment to moment, fear loses its hold over time, allowing you to align your actions with love and your soul’s purpose.</p>
<p>If you’re ready to understand how to change the way energy is processed in your energy processing system in a way that nurtures love and reduces fear, this soul snack is a must-listen!</p>

<p><b>What You’ll Discover in This Soul Snack:</b></p>
<ul>
<li>(00:42) Why self-love is foundational to supporting others authentically.</li>
<li>(01:16) Recognizing how energy is processed in your body.</li>
<li>(02:10) Steps to feel fear fully while acting from love.</li>
<li>(03:20) Weakening fear-based parts of your personality over time.</li>
<li>(04:00) How conscious intention leads to authentic power.</li>
</ul>

<p><b>Soul Step: </b>When fear-based sensations arise in your energy processing centers (e.g., tightness in the throat or chest), pause to fully feel them. Commit to choosing thoughts, words, and actions rooted in love rather than fear. Journal about your experience and observe how your choices impact your interactions.</p>

<p>Join the Seat of the Soul monthly<a href=""https://seatofthesoul.com/soul-connections-newsletter/""> newsletter </a>and receive weekly, wisdom filled, insights from Gary.</p>"
Soul Feast #9: Sharing: Your Soul’s Intention,sharing-your-souls-intention,"In today’s soul feast, Gary Zukav expands on the concept of harmony, from the previous episode, and introduces another key intention of the soul – sharing.",https://seatofthesoul.com/wp-content/uploads/2024/12/Gary-Zukav-Graphic-02-3.jpg,https://seatofthesoul.com/wp-content/uploads/2024/12/Gary-Zukav-Graphic-02-3.jpg,Gary Zukav,,Soul Feast,"In today’s soul feast, Gary Zukav expands on the concept of harmony, from the previous episode, and introduces another key intention of the soul – sharing.",https://www.youtube.com/watch?v=4VGZ7-cVYik,"<p>In today’s soul feast, Gary Zukav expands on the concept of harmony, from the previous episode, and introduces another <b>key intention of the soul – sharing</b>. Moving beyond the idea of simply exchanging words or gifts, <b>he redefines sharing as an act of deep connection, grounded in love and free of any agenda</b>. </p>
<p>Gary reflects on his own journey, including how his personal experiences have shifted his understanding of generosity,<b> making sharing an act of the soul rather than the personality</b>.</p>
<h2>Gary invites listeners to explore the difference between sharing from a place of fear versus from a place of authentic power, where sharing becomes a true expression of one’s essence and presence.</h2>
<p>He emphasizes that to truly connect with others, we must look within, using emotional awareness to guide whether we’re acting from love or fear. He offers a practical “soul step” exercise: carry a small journal and record moments when you’ve shared authentically, and when you’ve shared with an underlying desire for validation or recognition.</p>

<p><b>What You’ll Discover in This Episode:</b></p>
<ul>
<li><b>(01:10):</b> Why sharing goes beyond external agreement and starts with inner alignment.</li>
<li><b>(04:05):</b> How sharing, when done without a second agenda, becomes a powerful act of connection.</li>
<li><b>(08:32):</b> Why authentic sharing comes from aligning with love rather than seeking personal gain.</li>
<li><b>(10:15):</b> How tuning into our emotions helps us recognize when we’re sharing from love or fear.</li>
<li><b>(20:53):</b> A practical exercise to help you deepen your understanding of true sharing.</li>
</ul>

<p><b>Embrace the Soul Step Challenge:</b> Carry a small notebook with you daily to capture moments of sharing. After each experience, take a moment to reflect: Was your intention truly grounded in love, or did it carry an element of fear or self-interest? By practicing this awareness, you’ll gain powerful insights that help you align more deeply with your soul’s intention to share and to create authentic power.</p>

<p><b>Join the Seat of the Soul </b><a href=""https://seatofthesoul.com/soul-connections-newsletter/""><b>monthly newsletter</b></a><b> and receive weekly, wisdom filled, insights from Gary.</b></p>"
Soul Feast #3: What is The New Consciousness?,what-is-the-new-consciousness,"In today’s Soul Feast, Gary Zukav dives deeper into the origins of his inspiration for The Seat of the Soul.",https://seatofthesoul.com/wp-content/uploads/2024/10/Gary-Zukav-1500x1500-EP-03.png,https://seatofthesoul.com/wp-content/uploads/2024/10/Gary-Zukav-1500x1500-EP-03.png,Gary Zukav,,Soul Feast,"In today’s Soul Feast, Gary Zukav dives deeper into the origins of his inspiration for The Seat of the Soul.",https://www.youtube.com/watch?v=gPD-KXK-ZgE,"<p>In today’s Soul Feast, Gary Zukav dives deeper into the origins of his inspiration for <i>The Seat of the Soul.</i> </p>
<p>He recounts his personal encounters with non-physical teachers like Ambrose and Genesis, revealing how these interactions opened him to a broader understanding of love, power, and wisdom. </p>
<h2>Through these teachings, Gary began to recognize the profound connection between the human experience and the universe, understanding that all guidance comes from this vast, universal wisdom.</h2>
<p>Gary explores the concept of the new consciousness, a multi-sensory perception that helps us access non-physical reality and understand our deeper connection to the world. </p>
<p><b>By embracing this awareness, we take personal responsibility for our choices, guided by love and wisdom, and align ourselves with the universe’s greater purpose.</b></p>
<p>As you listen, you’ll gain a deeper understanding of how the new consciousness is emerging in all of us, how connecting with non-physical teachers can guide us toward alignment with love and power, and how multi-sensory perception enables us to navigate life with greater wisdom. </p>
<p>Gary also touches on the key moment when he first recognized Genesis’ voice within his own thoughts, further deepening his understanding of non-physical communication.</p>

<p><b>What We Discuss in This Episode:</b></p>
<ul>
<li><b>(02:04)</b> The inspiration behind <i>The Seat of the Soul</i> and Gary’s encounters with non-physical teachers.</li>
<li><b>(06:34) </b>The nature of love, power, and wisdom through the lens of multi-sensory perception.</li>
<li><b>(10:54) </b>The emergence of the new consciousness and how it shifts our understanding of reality.</li>
<li><b>(17:20) </b>Personal responsibility and the power of conscious choices.</li>
<li><b>(20:47)</b> How multi-sensory perception helps us navigate life with greater awareness and connection.</li>
</ul>

<p><b>Are you ready to explore the new consciousness and live Beyond the Five Senses? </b></p>
<p><a href=""http://www.seatofthesoul.com/beyondthefivesensescourse""><b>Learn How HERE</b></a></p>"
Soul Feast #2: Where Did the Inspiration for “The Seat of the Soul” Come From?,inspiration-for-the-seat-of-the-soul,"﻿ In today’s Soul Feast, Gary Zukav delves into the inspiration behind his groundbreaking work, “The Seat of the Soul,” and the journey that led him to discover the deeper truths about the universe…",https://seatofthesoul.com/wp-content/uploads/2024/10/1500-Thumbnail-Ep2-1.jpg,https://seatofthesoul.com/wp-content/uploads/2024/10/1500-Thumbnail-Ep2-1.jpg,Gary Zukav,,Soul Feast,"﻿ In today’s Soul Feast, Gary Zukav delves into the inspiration behind his groundbreaking work, “The Seat of the Soul,” and the journey that led him to…",https://www.youtube.com/watch?v=kh06IcYcnE8,"<p><b>In today’s Soul Feast, Gary Zukav delves into the inspiration behind his groundbreaking work, “The Seat of the Soul,” and the journey that led him to discover the deeper truths about the universe and non-physical reality.</b> </p>
<p>He begins by sharing how the ideas for his work didn’t originate from him alone but were co-created with the universe, urging listeners to explore and find their own truth in every teaching. </p>
<h2>Gary invites us to examine how inspiration comes from beyond our physical senses and how our understanding of consciousness has expanded beyond the limitations of the five senses.</h2>
<p>Gary provides insights into his personal experience with quantum physics, and how it became a gateway to a broader understanding of non-physical reality and co-creation. </p>
<p>Through his storytelling, Gary explores how his writing journey was less about structure and more about allowing inspiration from the universe to flow through him, showing us how true creation is never done in isolation. </p>
<p><b>He also recounts his transformative experiences meeting with non-physical entities and how these encounters deepened his awareness and connection to a larger reality beyond the physical world.</b></p>
<p>As you listen, you’ll gain a deeper understanding of how consciousness is evolving, the role of co-creation in our lives, and how embracing non-physical reality can lead to a richer, more expansive experience of life.</p>

<p><b>What We Discuss in This Episode:</b></p>
<ul>
<li><b>(01:51) </b>The inspiration behind “The Seat of the Soul” and how Gary’s work is co-created with the universe.</li>
<li><b>(02:34)</b> The shift from old consciousness, rooted in the five senses, to a new consciousness that embraces a wider reality.</li>
<li><b>(05:52) </b>Gary’s journey into quantum physics and how it led to a discovery of non-physical reality.</li>
<li><b>(09:55)</b> Understanding co-creation and how it influences everything we do, including Gary’s writing process.</li>
<li><b>(18:25) </b>Gary’s encounter with a non-physical entity and the life-changing impact it had on his journey.</li>
</ul>

<p><a href=""https://seatofthesoul.com/soul-connections-newsletter/""><b>Join the Seat of the Soul monthly newsletter</b></a><b> and receive weekly, wisdom filled, insights from Gary.</b></p>"
Soul Feast #1: How Is It That Oprah Called You?,how-oprah-called,"﻿ In today’s episode, Gary Zukav reflects on a pivotal moment in his life—meeting Oprah Winfrey and the profound impact that experience had on his journey.",https://seatofthesoul.com/wp-content/uploads/2024/10/Gary-Zukav-Graphic-2.jpg,https://seatofthesoul.com/wp-content/uploads/2024/10/Gary-Zukav-Graphic-2.jpg,Gary Zukav,,Soul Feast,"﻿ In today’s episode, Gary Zukav reflects on a pivotal moment in his life—meeting Oprah Winfrey and the profound impact that experience had on his journey.",https://www.youtube.com/watch?v=Rd71SQRU2vU,"<p>In today’s episode, Gary Zukav reflects on a pivotal moment in his life—<b>meeting Oprah Winfrey and the profound impact that experience had on his journey.</b> </p>
<p>He shares how this encounter brought him <i>from the quiet solitude of Mount Shasta</i>, a small and serene mountain community in Northern California where he spent much of his time engaging in outdoor activities, <i>into the national spotlight</i>, <b>forever changing his life. </b></p>
<p>This unexpected meeting not only brought his work to millions but also<b> ignited a transformation in Gary’s life</b>, <b>challenging him to navigate the complexities of fame and recognition while staying true to his spiritual path.</b></p>
<p>Gary expresses his deep gratitude for the lessons he learned from Oprah, a woman of great integrity, and the importance of following a life of true meaning and purpose. </p>
<h2>Gary also introduces his powerful sailing ship metaphor, offering a thoughtful explanation of the intricate relationship between our personality and soul.</h2>
<p>Through this metaphor, he illustrates how we can steer our lives, making conscious choices about which ‘crew members’—our emotions, thoughts, and behaviors—we allow to guide us through life’s challenges. </p>
<p><b>This concept serves as a profound reminder of the importance of aligning our actions with our soul’s true purpose</b>, rather than being driven by fear, ego, or societal expectations.</p>
<p><strong>As you listen, you’ll gain insights into:</strong></p>
<p> ► How authentic connections can lead to transformative experiences</p>
<p> ► Why fame and recognition aren’t the true path to fulfillment</p>
<p> ► The real essence of empowerment</p>

<p><b>What Gary Discusses in This Episode:</b></p>
<ul>
<li><b>(02:04)</b> The impact of Oprah’s invitation on Gary’s journey and the unexpected way it changed his life.</li>
<li><b>(05:37)</b> How Gary’s metaphor of the ship illustrates the relationship between the personality and the soul.</li>
<li><b>(12:59)</b> Transitioning from a life of solitude in Mount Shasta to national recognition.</li>
<li><b>(16:00)</b> Lessons Gary learned from Oprah on integrity, fame, and finding true purpose.</li>
<li><b>(21:11)</b> Why following meaning, rather than seeking fame or wealth, leads to genuine fulfillment.</li>
</ul>"
