URL,Verdict,Title,Series,Primary Category,All Categories,Year,Published Date,Word Count,Image Count,Images Missing Alt,Internal Links,External Links,Yoast SEO Title,Yoast SEO Title Length,Yoast Meta Description,Meta Description Length,SEO Score (0-100),SEO Action Items,Reason / Notes
https://seatofthesoul.com/honoring-maya-angelou-2,DROP,Honoring Maya Angelou,Other,Blog,Blog; Exclude,2024,2024-05-23,597,1,1,8,0,Honoring Maya Angelou - The Seat of the Soul Institute,,,,,,WordPress 'Exclude' category set by the SOTSI team — pre-tagged to skip migration
https://seatofthesoul.com/coronavirus-and-karma,DROP,Coronavirus and Karma,Other,SOUL THOUGHTS,Exclude; SOUL THOUGHTS,2021,2021-03-20,533,1,1,21,0,Coronavirus and Karma - The Seat of the Soul Institute,,,,,,WordPress 'Exclude' category set by the SOTSI team — pre-tagged to skip migration
https://seatofthesoul.com/coronavirus-opportunity-or-obstacle,DROP,Coronavirus – Opportunity Or Obstacle,Other,Miracle,Exclude; Miracle,2021,2021-03-24,636,1,1,13,0,Coronavirus – Opportunity Or Obstacle - The Seat of the Soul Institute,,,,,,WordPress 'Exclude' category set by the SOTSI team — pre-tagged to skip migration
https://seatofthesoul.com/coronavirus-the-heart-of-the-matter,DROP,Coronavirus – The Heart of the Matter,Other,Miracle,Exclude; Miracle,2021,2021-03-24,633,1,1,10,0,Coronavirus – The Heart of the Matter - The Seat of the Soul Institute,,,,,,WordPress 'Exclude' category set by the SOTSI team — pre-tagged to skip migration
https://seatofthesoul.com/explore-multisensory-perception-and-spiritual-partnership,DROP,Explore Multisensory Perception and Spiritual Partnership,Other,Interviews,Exclude; Interviews,2021,2021-05-11,2009,1,0,7,0,Explore Multisensory Perception and Spiritual Partnership - The Seat of the Soul Institute,,,,,,WordPress 'Exclude' category set by the SOTSI team — pre-tagged to skip migration
https://seatofthesoul.com/gary-zukav-and-linda-francis-share-their-insight,DROP,Gary Zukav and Linda Francis Share Their Insight,Other,Interviews,Exclude; Interviews,2021,2021-05-11,3837,1,1,7,0,Gary Zukav and Linda Francis Share Their Insight - The Seat of the Soul Institute,,,,,,WordPress 'Exclude' category set by the SOTSI team — pre-tagged to skip migration
https://seatofthesoul.com/im-thankful-network-seattle,DROP,I’m Thankful Network – Seattle,Other,Podcast,Exclude; Podcast,2021,2021-05-11,104,0,0,9,0,I’m Thankful Network – Seattle - The Seat of the Soul Institute,,,,,,WordPress 'Exclude' category set by the SOTSI team — pre-tagged to skip migration
https://seatofthesoul.com/keep-your-eye-on-the-ball,DROP,Keep Your Eye on the Ball,Other,SOUL THOUGHTS,Exclude; SOUL THOUGHTS,2021,2021-03-20,529,1,1,18,0,Keep Your Eye on the Ball - The Seat of the Soul Institute,,,,,,WordPress 'Exclude' category set by the SOTSI team — pre-tagged to skip migration
https://seatofthesoul.com/love-in-or-lock-down,DROP,Love In or Lock Down,Other,SOUL THOUGHTS,Exclude; SOUL THOUGHTS,2021,2021-03-20,466,1,1,16,0,Love In or Lock Down - The Seat of the Soul Institute,,,,,,WordPress 'Exclude' category set by the SOTSI team — pre-tagged to skip migration
https://seatofthesoul.com/moments-with-marianne-internet,DROP,Moments with Marianne – Internet,Other,Podcast,Exclude; Podcast,2021,2021-07-09,119,0,0,8,0,Moments with Marianne - Internet - The Seat of the Soul Institute,,,,,,WordPress 'Exclude' category set by the SOTSI team — pre-tagged to skip migration
https://seatofthesoul.com/rhythm-flow-radio-dallas,DROP,Rhythm and Flow  Radio – Dallas,Other,Podcast,Exclude; Podcast,2021,2021-05-11,103,0,0,9,0,Rhythm and Flow  Radio - Dallas - The Seat of the Soul Institute,,,,,,WordPress 'Exclude' category set by the SOTSI team — pre-tagged to skip migration
https://seatofthesoul.com/the-catherine-bradford-show-seattle,DROP,The Catherine Bradford Show – Seattle,Other,Podcast,Exclude; Podcast,2021,2021-05-11,112,0,0,9,0,The Catherine Bradford Show – Seattle - The Seat of the Soul Institute,,,,,,WordPress 'Exclude' category set by the SOTSI team — pre-tagged to skip migration
https://seatofthesoul.com/the-miracle-of-the-coronavirus-part-1,DROP,The Miracle Of The Coronavirus – Part 1,Other,Miracle,Exclude; Miracle,2021,2021-03-24,665,1,1,14,0,The Miracle Of The Coronavirus – Part 1 - The Seat of the Soul Institute,,,,,,WordPress 'Exclude' category set by the SOTSI team — pre-tagged to skip migration
https://seatofthesoul.com/the-miracle-of-the-coronavirus-part-2,DROP,The Miracle Of The Coronavirus – Part 2,Other,Miracle,Exclude; Miracle,2021,2021-03-24,705,1,1,17,0,The Miracle Of The Coronavirus – Part 2 - The Seat of the Soul Institute,,,,,,WordPress 'Exclude' category set by the SOTSI team — pre-tagged to skip migration
https://seatofthesoul.com/the-miracle-of-the-coronavirus-part-3,DROP,The Miracle Of The Coronavirus – Part 3,Other,Miracle,Exclude; Miracle,2021,2021-03-24,597,1,1,20,0,The Miracle Of The Coronavirus – Part 3 - The Seat of the Soul Institute,,,,,,WordPress 'Exclude' category set by the SOTSI team — pre-tagged to skip migration
https://seatofthesoul.com/the-new-male-and-authentic-power-internet,DROP,The New Male and Authentic Power – Internet,Other,Podcast,Exclude; Podcast,2021,2021-05-11,159,0,0,9,0,The New Male and Authentic Power – Internet - The Seat of the Soul Institute,,,,,,WordPress 'Exclude' category set by the SOTSI team — pre-tagged to skip migration
https://seatofthesoul.com/the-ongoing-conversation,DROP,The Ongoing Conversation,Other,Interviews,Exclude; Interviews,2021,2021-05-11,473,0,0,7,22,The Ongoing Conversation - The Seat of the Soul Institute,,,,,,WordPress 'Exclude' category set by the SOTSI team — pre-tagged to skip migration
https://seatofthesoul.com/universal-human,DROP,UNIVERSAL HUMAN,Other,SOUL THOUGHTS,Exclude; SOUL THOUGHTS,2021,2021-03-20,322,1,1,16,0,UNIVERSAL HUMAN - The Seat of the Soul Institute,,,,,,WordPress 'Exclude' category set by the SOTSI team — pre-tagged to skip migration
https://seatofthesoul.com/what-gives-you-meaning-in-your-life,DROP,What Gives You Meaning in Your Life?,Other,Blog,Blog; Exclude,2021,2021-04-29,341,0,0,12,0,What Gives You Meaning in Your Life? - The Seat of the Soul Institute,,,,,,WordPress 'Exclude' category set by the SOTSI team — pre-tagged to skip migration
https://seatofthesoul.com/winter-solstice,DROP,Winter Solstice,Other,SOUL THOUGHTS,Exclude; SOUL THOUGHTS,2021,2021-03-20,281,1,1,15,0,Winter Solstice - The Seat of the Soul Institute,,,,,,WordPress 'Exclude' category set by the SOTSI team — pre-tagged to skip migration
https://seatofthesoul.com/soul-feast-50-whats-real-meaning,KEEP,Soul Feast #50: What’s Real? Meaning,Soul Feast,Authentic Power,Authentic Power; Podcast; What's Real MiniSeries,2026,2026-02-06,390,0,0,1,0,Soul Feast #50: What's Real? Meaning - The Seat of the Soul Institute,69,,0,52,"Add meta description (120-160 chars); Add more internal links (currently 1, aim 3+); Short content (390 words, ideal 500+); Title too long (69 chars, aim 30-65)",Slug or title matches evergreen series (Soul Snack / Feast / Seed / Wisdom Wednesday)
https://seatofthesoul.com/soul-feast-51-whats-real-connection,KEEP,Soul Feast #51: What’s Real? Connection,Soul Feast,Authentic Power,Authentic Power; Podcast; What's Real MiniSeries,2026,2026-02-07,397,0,0,1,0,Soul Feast #51: What's Real? Connection - The Seat of the Soul Institute,72,,0,52,"Add meta description (120-160 chars); Add more internal links (currently 1, aim 3+); Short content (397 words, ideal 500+); Title too long (72 chars, aim 30-65)",Slug or title matches evergreen series (Soul Snack / Feast / Seed / Wisdom Wednesday)
https://seatofthesoul.com/soul-feast-52-whats-real-reverence,KEEP,Soul Feast #52: What’s Real? Reverence,Soul Feast,Authentic Power,Authentic Power; Podcast; What's Real MiniSeries,2026,2026-02-07,353,0,0,1,0,Soul Feast #52: What's Real? Reverence - The Seat of the Soul Institute,71,,0,52,"Add meta description (120-160 chars); Add more internal links (currently 1, aim 3+); Short content (353 words, ideal 500+); Title too long (71 chars, aim 30-65)",Slug or title matches evergreen series (Soul Snack / Feast / Seed / Wisdom Wednesday)
https://seatofthesoul.com/soul-feast-53-whats-real-love-or-fear,KEEP,Soul Feast #53: What’s Real? Love or Fear,Soul Feast,Authentic Power,Authentic Power; Podcast; What's Real MiniSeries,2026,2026-02-07,387,0,0,0,1,Soul Feast #53: What's Real? Love or Fear - The Seat of the Soul Institute,74,,0,42,"Add meta description (120-160 chars); Add internal links (currently 0, aim 3+); Short content (387 words, ideal 500+); Title too long (74 chars, aim 30-65)",Slug or title matches evergreen series (Soul Snack / Feast / Seed / Wisdom Wednesday)
https://seatofthesoul.com/soul-feast-54-whats-real-authentic-power,KEEP,Soul Feast #54: What’s Real? Authentic Power,Soul Feast,Authentic Power,Authentic Power; Podcast; What's Real MiniSeries,2026,2026-02-07,385,0,0,0,1,Soul Feast #54: What's Real? Authentic Power - The Seat of the Soul Institute,77,,0,42,"Add meta description (120-160 chars); Add internal links (currently 0, aim 3+); Short content (385 words, ideal 500+); Title too long (77 chars, aim 30-65)",Slug or title matches evergreen series (Soul Snack / Feast / Seed / Wisdom Wednesday)
https://seatofthesoul.com/soul-feast-55-whats-real-creating-authentic-power,KEEP,Soul Feast #55: What’s Real? Creating Authentic Power,Soul Feast,Authentic Power,Authentic Power; Podcast; What's Real MiniSeries,2026,2026-02-07,383,0,0,1,0,Soul Feast #55: What's Real? Creating Authentic Power - The Seat of the Soul Institute,86,,0,52,"Add meta description (120-160 chars); Add more internal links (currently 1, aim 3+); Short content (383 words, ideal 500+); Title too long (86 chars, aim 30-65)",Slug or title matches evergreen series (Soul Snack / Feast / Seed / Wisdom Wednesday)
https://seatofthesoul.com/soul-feast-56-whats-real-what-should-i-do-now,KEEP,Soul Feast #56: What’s Real? What Should I Do Now?,Soul Feast,Authentic Power,Authentic Power; Multisensory Perception; Podcast; The New Consciousness; What's Real MiniSeries,2026,2026-02-07,386,0,0,1,0,Soul Feast #56: What's Real? What Should I Do Now? - The Seat of the Soul Institute,83,,0,52,"Add meta description (120-160 chars); Add more internal links (currently 1, aim 3+); Short content (386 words, ideal 500+); Title too long (83 chars, aim 30-65)",Slug or title matches evergreen series (Soul Snack / Feast / Seed / Wisdom Wednesday)
https://seatofthesoul.com/soul-feast-57-whats-real-the-new-consciousness,KEEP,Soul Feast #57: What’s Real? The New Consciousness,Soul Feast,Podcast,Podcast; The New Consciousness; What's Real MiniSeries,2026,2026-02-07,390,0,0,0,1,Soul Feast #57: What's Real? The New Consciousness - The Seat of the Soul Institute,83,,0,42,"Add meta description (120-160 chars); Add internal links (currently 0, aim 3+); Short content (390 words, ideal 500+); Title too long (83 chars, aim 30-65)",Slug or title matches evergreen series (Soul Snack / Feast / Seed / Wisdom Wednesday)
https://seatofthesoul.com/soul-feast-58-moving-beyond-stress,KEEP,Soul Feast #58: Moving Beyond Stress,Soul Feast,Emotional Awareness,Emotional Awareness; Love & Fear; Podcast; Responsible Choice; The New Consciousness,2026,2026-02-07,408,0,0,1,0,Soul Feast #58: Moving Beyond Stress - The Seat of the Soul Institute,69,,0,52,"Add meta description (120-160 chars); Add more internal links (currently 1, aim 3+); Short content (408 words, ideal 500+); Title too long (69 chars, aim 30-65)",Slug or title matches evergreen series (Soul Snack / Feast / Seed / Wisdom Wednesday)
https://seatofthesoul.com/soul-feast-59-everyone-is-fighting-a-great-battle,KEEP,Soul Feast #59: Everyone is Fighting a Great Battle,Soul Feast,Emotional Awareness,Emotional Awareness; Podcast; Responsible Choice,2026,2026-02-07,352,0,0,1,0,Soul Feast #59: Everyone is Fighting a Great Battle - The Seat of the Soul Institute,84,,0,52,"Add meta description (120-160 chars); Add more internal links (currently 1, aim 3+); Short content (352 words, ideal 500+); Title too long (84 chars, aim 30-65)",Slug or title matches evergreen series (Soul Snack / Feast / Seed / Wisdom Wednesday)
https://seatofthesoul.com/soul-feast-60-the-universe-doesnt-judge,KEEP,Soul Feast #60: The Universe Doesn’t Judge,Soul Feast,Emotional Awareness,Emotional Awareness; Judgment; Podcast; Responsible Choice,2026,2026-02-07,411,0,0,0,1,Soul Feast #60: The Universe Doesn't Judge - The Seat of the Soul Institute,75,,0,42,"Add meta description (120-160 chars); Add internal links (currently 0, aim 3+); Short content (411 words, ideal 500+); Title too long (75 chars, aim 30-65)",Slug or title matches evergreen series (Soul Snack / Feast / Seed / Wisdom Wednesday)
https://seatofthesoul.com/soul-feast-61-how-you-experience-things-depends-on-how-you-hold-them,KEEP,Soul Feast #61: How You Experience Things Depends on How You Hold Them,Soul Feast,Authentic Power,Authentic Power; Emotional Awareness; Podcast; Responsible Choice,2026,2026-02-07,504,0,0,1,0,Soul Feast #61: How You Experience Things Depends on How You Hold Them - The Seat of the Soul Institute,103,,0,60,"Add meta description (120-160 chars); Add more internal links (currently 1, aim 3+); Title too long (103 chars, aim 30-65)",Slug or title matches evergreen series (Soul Snack / Feast / Seed / Wisdom Wednesday)
https://seatofthesoul.com/soul-feast-62-compassion-is-not-for-cowards,KEEP,Soul Feast #62: Compassion is Not for Cowards,Soul Feast,Compassion,Compassion; Emotional Awareness; Podcast,2026,2026-02-07,420,0,0,1,0,Soul Feast #62: Compassion is Not for Cowards - The Seat of the Soul Institute,78,,0,52,"Add meta description (120-160 chars); Add more internal links (currently 1, aim 3+); Short content (420 words, ideal 500+); Title too long (78 chars, aim 30-65)",Slug or title matches evergreen series (Soul Snack / Feast / Seed / Wisdom Wednesday)
https://seatofthesoul.com/soul-feast-63-evolution-of-consciousness-where-to-look-for-it,KEEP,Soul Feast #63: Evolution of Consciousness: Where to Look for It,Soul Feast,Emotional Awareness,Emotional Awareness; Podcast; The New Consciousness,2026,2026-02-07,455,0,0,0,1,Soul Feast #63: Evolution of Consciousness: Where to Look for It - The Seat of the Soul Institute,97,,0,42,"Add meta description (120-160 chars); Add internal links (currently 0, aim 3+); Short content (455 words, ideal 500+); Title too long (97 chars, aim 30-65)",Slug or title matches evergreen series (Soul Snack / Feast / Seed / Wisdom Wednesday)
https://seatofthesoul.com/soul-feast-64-will-ai-change-human-evolution,KEEP,Soul Feast #64: Will AI Change Human Evolution?,Soul Feast,AI,AI; Artificial Intelligence; Emotional Awareness; Intentions; Podcast; The New Consciousness,2026,2026-02-07,507,0,0,1,0,Soul Feast #64: Will AI Change Human Evolution? - The Seat of the Soul Institute,80,,0,60,"Add meta description (120-160 chars); Add more internal links (currently 1, aim 3+); Title too long (80 chars, aim 30-65)",Slug or title matches evergreen series (Soul Snack / Feast / Seed / Wisdom Wednesday)
https://seatofthesoul.com/soul-feast-65-how-can-i-change-the-world-from-the-new-consciousness,KEEP,Soul Feast #65: How Can I Change the World from the New Consciousness?,Soul Feast,Emotional Awareness,Emotional Awareness; Multisensory Perception; Podcast; The New Consciousness,2026,2026-02-07,524,0,0,0,1,Soul Feast #65: How Can I Change the World from the New Consciousness? - The Seat of the Soul Institute,103,,0,50,"Add meta description (120-160 chars); Add internal links (currently 0, aim 3+); Title too long (103 chars, aim 30-65)",Slug or title matches evergreen series (Soul Snack / Feast / Seed / Wisdom Wednesday)
https://seatofthesoul.com/soul-feast-66-the-authentic-power-guidelines-series-introduction,KEEP,Soul Feast #66: The Authentic Power Guidelines: Series Introduction,Soul Feast,Authentic Power Guidelines,Authentic Power Guidelines; Authentic Power Guidelines MiniSeries; Multisensory Perception; Podcast; The New Consciousness,2026,2026-02-07,447,0,0,1,0,Soul Feast #66: The Authentic Power Guidelines: Series Introduction - The Seat of the Soul Institute,100,,0,52,"Add meta description (120-160 chars); Add more internal links (currently 1, aim 3+); Short content (447 words, ideal 500+); Title too long (100 chars, aim 30-65)",Slug or title matches evergreen series (Soul Snack / Feast / Seed / Wisdom Wednesday)
https://seatofthesoul.com/soul-feast-67-guidelines-1-introduction-to-commitment-guidelines,KEEP,Soul Feast #67: GUIDELINES 1: Introduction to Commitment Guidelines,Soul Feast,Authentic Power Guidelines,Authentic Power Guidelines; Authentic Power Guidelines MiniSeries; Commitment; Podcast,2026,2026-02-07,435,0,0,1,0,Soul Feast #67: GUIDELINES 1: Introduction to Commitment Guidelines - The Seat of the Soul Institute,100,,0,52,"Add meta description (120-160 chars); Add more internal links (currently 1, aim 3+); Short content (435 words, ideal 500+); Title too long (100 chars, aim 30-65)",Slug or title matches evergreen series (Soul Snack / Feast / Seed / Wisdom Wednesday)
https://seatofthesoul.com/soul-feast-68-guidelines-2-focusing-on-what-i-can-learn-about-myself,KEEP,Soul Feast #68: GUIDELINES 2: Focusing on What I Can Learn About Myself,Soul Feast,Authentic Power Guidelines,Authentic Power Guidelines; Authentic Power Guidelines MiniSeries; Commitment; Podcast,2026,2026-02-07,406,0,0,1,0,Soul Feast #68: GUIDELINES 2: Focusing on What I Can Learn About Myself - The Seat of the Soul Institute,104,,0,52,"Add meta description (120-160 chars); Add more internal links (currently 1, aim 3+); Short content (406 words, ideal 500+); Title too long (104 chars, aim 30-65)",Slug or title matches evergreen series (Soul Snack / Feast / Seed / Wisdom Wednesday)
https://seatofthesoul.com/soul-feast-69-guidelines-3-pay-attention-to-my-emotions,KEEP,Soul Feast #69: GUIDELINES 3: Pay Attention to My Emotions,Soul Feast,Authentic Power Guidelines,Authentic Power Guidelines; Authentic Power Guidelines MiniSeries; Commitment; Emotional Awareness; Podcast,2026,2026-02-07,458,0,0,0,1,Soul Feast #69: GUIDELINES 3: Pay Attention to My Emotions - The Seat of the Soul Institute,91,,0,42,"Add meta description (120-160 chars); Add internal links (currently 0, aim 3+); Short content (458 words, ideal 500+); Title too long (91 chars, aim 30-65)",Slug or title matches evergreen series (Soul Snack / Feast / Seed / Wisdom Wednesday)
https://seatofthesoul.com/soul-feast-70-guidelines-4-pay-attention-to-my-thoughts,KEEP,Soul Feast #70: GUIDELINES 4: Pay Attention to My Thoughts,Soul Feast,Authentic Power Guidelines,Authentic Power Guidelines; Authentic Power Guidelines MiniSeries; Commitment; Emotional Awareness; Podcast,2026,2026-02-07,342,0,0,1,0,Soul Feast #70: GUIDELINES 4: Pay Attention to My Thoughts - The Seat of the Soul Institute,91,,0,52,"Add meta description (120-160 chars); Add more internal links (currently 1, aim 3+); Short content (342 words, ideal 500+); Title too long (91 chars, aim 30-65)",Slug or title matches evergreen series (Soul Snack / Feast / Seed / Wisdom Wednesday)
https://seatofthesoul.com/soul-feast-71-gary-zukavs-personal-experiences-linda-part-1,KEEP,Soul Feast #71: Gary Zukav’s Personal Experiences – Linda Part 1,Soul Feast,Commitment,Commitment; Linda Francis; Personal Stories; Podcast; Spiritual Partnership,2026,2026-02-09,363,0,0,0,1,Soul Feast #71: Gary Zukav's Personal Experiences - Linda Part 1 - The Seat of the Soul Institute,97,,0,42,"Add meta description (120-160 chars); Add internal links (currently 0, aim 3+); Short content (363 words, ideal 500+); Title too long (97 chars, aim 30-65)",Slug or title matches evergreen series (Soul Snack / Feast / Seed / Wisdom Wednesday)
https://seatofthesoul.com/soul-feast-72-gary-zukavs-personal-experiences-linda-part-2,KEEP,Soul Feast #72: Gary Zukav’s Personal Experiences – Linda Part 2,Soul Feast,Grief,Grief; Linda Francis; Multisensory Perception; Personal Stories; Podcast; Spiritual Partnership,2026,2026-02-16,524,0,0,1,0,Soul Feast #72: Gary Zukav's Personal Experiences - Linda Part 2 - The Seat of the Soul Institute,97,,0,60,"Add meta description (120-160 chars); Add more internal links (currently 1, aim 3+); Title too long (97 chars, aim 30-65)",Slug or title matches evergreen series (Soul Snack / Feast / Seed / Wisdom Wednesday)
https://seatofthesoul.com/soul-feast-73-gary-zukavs-personal-experiences-linda-part-3,KEEP,Soul Feast #73: Gary Zukav’s Personal Experiences – Linda Part 3,Soul Feast,Linda Francis,Linda Francis; Love & Fear; Personal Stories; Podcast; Spiritual Partnership,2026,2026-02-23,654,0,0,1,0,Soul Feast #73: Gary Zukav's Personal Experiences - Linda Part 3 - The Seat of the Soul Institute,97,,0,60,"Add meta description (120-160 chars); Add more internal links (currently 1, aim 3+); Title too long (97 chars, aim 30-65)",Slug or title matches evergreen series (Soul Snack / Feast / Seed / Wisdom Wednesday)
https://seatofthesoul.com/soul-feast-74-gary-zukavs-personal-experiences-the-angel,KEEP,Soul Feast #74: Gary Zukav’s Personal Experiences – The Angel,Soul Feast,Love & Fear,Love & Fear; Personal Stories; Podcast; Spiritual Partnership,2026,2026-05-11,640,0,0,1,0,Soul Feast #74: Gary Zukav's Personal Experiences - The Angel - The Seat of the Soul Institute,94,,0,60,"Add meta description (120-160 chars); Add more internal links (currently 1, aim 3+); Title too long (94 chars, aim 30-65)",Slug or title matches evergreen series (Soul Snack / Feast / Seed / Wisdom Wednesday)
https://seatofthesoul.com/soul-feast-75-gary-zukavs-personal-experiences-angels,KEEP,Soul Feast #75: Gary Zukav’s Personal Experiences – Angels,Soul Feast,Love & Fear,Love & Fear; Personal Stories; Podcast; Spiritual Partnership,2026,2026-05-11,444,0,0,1,0,Soul Feast #75: Gary Zukav's Personal Experiences - Angels - The Seat of the Soul Institute,91,,0,52,"Add meta description (120-160 chars); Add more internal links (currently 1, aim 3+); Short content (444 words, ideal 500+); Title too long (91 chars, aim 30-65)",Slug or title matches evergreen series (Soul Snack / Feast / Seed / Wisdom Wednesday)
https://seatofthesoul.com/soul-feast-76-gary-zukavs-personal-experiences-god,KEEP,Soul Feast #76: Gary Zukav’s Personal Experiences – God,Soul Feast,Love & Fear,Love & Fear; Multisensory Perception; Personal Stories; Podcast; Spiritual Partnership,2026,2026-05-11,455,0,0,1,0,Soul Feast #76: Gary Zukav's Personal Experiences - God - The Seat of the Soul Institute,88,,0,52,"Add meta description (120-160 chars); Add more internal links (currently 1, aim 3+); Short content (455 words, ideal 500+); Title too long (88 chars, aim 30-65)",Slug or title matches evergreen series (Soul Snack / Feast / Seed / Wisdom Wednesday)
https://seatofthesoul.com/soul-feast-77-jesus-what-does-it-mean-to-be-guided-by-him-gary-zukavs-personal-experiences,KEEP,Soul Feast #77: Jesus – What Does It Mean To Be Guided By Him? – Gary Zukav’s Personal Experiences,Soul Feast,Love & Fear,Love & Fear; Multisensory Perception; Personal Stories; Podcast,2026,2026-05-11,485,0,0,1,0,Soul Feast #77: Jesus - What Does It Mean To Be Guided By Him? - Gary Zukav's Personal Experiences - The Seat of the Soul Institute,131,,0,52,"Add meta description (120-160 chars); Add more internal links (currently 1, aim 3+); Short content (485 words, ideal 500+); Title too long (131 chars, aim 30-65)",Slug or title matches evergreen series (Soul Snack / Feast / Seed / Wisdom Wednesday)
https://seatofthesoul.com/soul-feast-78-how-pain-loss-jesus-transformed-my-view-of-resurrection-gary-zukavs-personal-experiences,KEEP,"Soul Feast #78: How Pain, Loss & Jesus Transformed My View of Resurrection – Gary Zukav’s Personal Experiences",Soul Feast,Love & Fear,Love & Fear; Multisensory Perception; Personal Stories; Podcast,2026,2026-05-11,574,0,0,1,0,"Soul Feast #78: How Pain, Loss & Jesus Transformed My View of Resurrection - Gary Zukav's Personal Experiences - The Seat of the Soul Institute",143,,0,60,"Add meta description (120-160 chars); Add more internal links (currently 1, aim 3+); Title too long (143 chars, aim 30-65)",Slug or title matches evergreen series (Soul Snack / Feast / Seed / Wisdom Wednesday)
https://seatofthesoul.com/soul-feast-79-buddha-angels-the-moment-my-mind-went-quiet-gary-zukavs-personal-experiences,KEEP,"Soul Feast #79: Buddha, Angels & the Moment My Mind Went Quiet – Gary Zukav’s Personal Experiences",Soul Feast,Multisensory Perception,Multisensory Perception; Personal Stories; Podcast,2026,2026-05-11,540,0,0,1,0,"Soul Feast #79: Buddha, Angels & the Moment My Mind Went Quiet - Gary Zukav's Personal Experiences - The Seat of the Soul Institute",131,,0,60,"Add meta description (120-160 chars); Add more internal links (currently 1, aim 3+); Title too long (131 chars, aim 30-65)",Slug or title matches evergreen series (Soul Snack / Feast / Seed / Wisdom Wednesday)
https://seatofthesoul.com/soul-feast-80-whos-driving-your-chariot-krishna-the-great-battle-gary-zukavs-personal-experiences,KEEP,Soul Feast #80: Who’s Driving Your Chariot? Krishna & The Great Battle – Gary Zukav’s Personal Experiences,Soul Feast,Multisensory Perception,Multisensory Perception; Personal Stories; Podcast,2026,2026-05-11,529,0,0,1,0,Soul Feast #80: Who's Driving Your Chariot? Krishna & The Great Battle - Gary Zukav's Personal Experiences - The Seat of the Soul Institute,139,,0,60,"Add meta description (120-160 chars); Add more internal links (currently 1, aim 3+); Title too long (139 chars, aim 30-65)",Slug or title matches evergreen series (Soul Snack / Feast / Seed / Wisdom Wednesday)
https://seatofthesoul.com/soul-feast-81-why-you-are-the-universe-gary-zukavs-personal-experiences,KEEP,Soul Feast #81: Why You Are the Universe – Gary Zukav’s Personal Experiences,Soul Feast,Multisensory Perception,Multisensory Perception; Personal Stories; Podcast,2026,2026-05-11,554,0,0,1,0,Soul Feast #81: Why You Are the Universe - Gary Zukav's Personal Experiences - The Seat of the Soul Institute,109,,0,60,"Add meta description (120-160 chars); Add more internal links (currently 1, aim 3+); Title too long (109 chars, aim 30-65)",Slug or title matches evergreen series (Soul Snack / Feast / Seed / Wisdom Wednesday)
https://seatofthesoul.com/soul-feast-82-creator-or-victim-the-pain-driving-every-choice-you-make-gary-zukavs-personal-experiences,KEEP,Soul Feast #82: Creator or Victim? The Pain Driving Every Choice You Make – Gary Zukav’s Personal Experiences,Soul Feast,Authentic Power,Authentic Power; Emotional Awareness; Personal Stories; Podcast,2026,2026-05-12,650,0,0,1,0,Soul Feast #82: Creator or Victim? The Pain Driving Every Choice You Make - Gary Zukav's Personal Experiences - The Seat of the Soul Institute,142,,0,60,"Add meta description (120-160 chars); Add more internal links (currently 1, aim 3+); Title too long (142 chars, aim 30-65)",Slug or title matches evergreen series (Soul Snack / Feast / Seed / Wisdom Wednesday)
https://seatofthesoul.com/soul-feast-83-choosing-love-over-revenge-from-sandy-hook-to-18000-schools-gary-zukavs-personal-experiences-2,KEEP,"Soul Feast #83: Choosing Love Over Revenge: From Sandy Hook to 18,000 Schools – Gary Zukav’s Personal Experiences",Soul Feast,Authentic Power,Authentic Power; Courage; Emotional Awareness; Grief; Love & Fear; Personal Stories; Podcast,2026,2026-05-12,616,0,0,1,0,"Soul Feast #83: Choosing Love Over Revenge: From Sandy Hook to 18,000 Schools - Gary Zukav's Personal Experiences - The Seat of the Soul Institute",146,,0,60,"Add meta description (120-160 chars); Add more internal links (currently 1, aim 3+); Title too long (146 chars, aim 30-65)",Slug or title matches evergreen series (Soul Snack / Feast / Seed / Wisdom Wednesday)
https://seatofthesoul.com/soul-feast-84-scarlett-lewis-how-to-choose-love-while-youre-still-in-pain-scarlett-lewis-gary-zukavs-personal-experiences,KEEP,Soul Feast #84: Scarlett Lewis – How to Choose Love While You’re Still in Pain: Scarlett Lewis- Gary Zukav’s Personal Experiences,Soul Feast,Authentic Power,Authentic Power; Courage; Emotional Awareness; Grief; Love & Fear; Personal Stories; Podcast,2026,2026-05-12,502,0,0,1,0,Soul Feast #84: Scarlett Lewis - How to Choose Love While You're Still in Pain: Scarlett Lewis- Gary Zukav's Personal Experiences - The Seat of the Soul Institute,162,,0,60,"Add meta description (120-160 chars); Add more internal links (currently 1, aim 3+); Title too long (162 chars, aim 30-65)",Slug or title matches evergreen series (Soul Snack / Feast / Seed / Wisdom Wednesday)
https://seatofthesoul.com/soul-snack-50-does-protecting-my-business-come-from-fear-2,KEEP,Soul Snack #50: Does Protecting My Business Come From Fear?,Soul Snack,Authentic Power,Authentic Power; Intentions; Love & Fear; Podcast,2026,2026-02-07,372,0,0,1,1,Soul Snack #50: Does Protecting My Business Come From Fear? - The Seat of the Soul Institute,92,,0,52,"Add meta description (120-160 chars); Add more internal links (currently 1, aim 3+); Short content (372 words, ideal 500+); Title too long (92 chars, aim 30-65)",Slug or title matches evergreen series (Soul Snack / Feast / Seed / Wisdom Wednesday)
https://seatofthesoul.com/soul-snack-51-are-there-evil-people-in-the-world,KEEP,Soul Snack #51: Are There Evil People in the World?,Soul Snack,Authentic Power,Authentic Power; Intentions; Love & Fear; Podcast; Responsible Choice,2026,2026-02-07,341,0,0,0,1,Soul Snack #51: Are There Evil People in the World? - The Seat of the Soul Institute,84,,0,42,"Add meta description (120-160 chars); Add internal links (currently 0, aim 3+); Short content (341 words, ideal 500+); Title too long (84 chars, aim 30-65)",Slug or title matches evergreen series (Soul Snack / Feast / Seed / Wisdom Wednesday)
https://seatofthesoul.com/soul-snack-52-how-can-i-judge-in-jury-duty,KEEP,Soul Snack #52: How Can I Judge in Jury Duty?,Soul Snack,Authentic Power,Authentic Power; Judgment; Podcast,2026,2026-02-07,324,0,0,0,1,Soul Snack #52: How Can I Judge in Jury Duty? - The Seat of the Soul Institute,78,,0,42,"Add meta description (120-160 chars); Add internal links (currently 0, aim 3+); Short content (324 words, ideal 500+); Title too long (78 chars, aim 30-65)",Slug or title matches evergreen series (Soul Snack / Feast / Seed / Wisdom Wednesday)
https://seatofthesoul.com/soul-snack-53-is-painful-karma-from-a-good-deed-possible,KEEP,Soul Snack #53: Is Painful Karma From a Good Deed Possible?,Soul Snack,Authentic Power,Authentic Power; Judgment; Karma; Podcast,2026,2026-02-07,342,0,0,1,0,Soul Snack #53: Is Painful Karma From a Good Deed Possible? - The Seat of the Soul Institute,92,,0,52,"Add meta description (120-160 chars); Add more internal links (currently 1, aim 3+); Short content (342 words, ideal 500+); Title too long (92 chars, aim 30-65)",Slug or title matches evergreen series (Soul Snack / Feast / Seed / Wisdom Wednesday)
https://seatofthesoul.com/soul-snack-54-feeling-sorrow,KEEP,Soul Snack #54: Feeling Sorrow,Soul Snack,Authentic Power,Authentic Power; Podcast; The New Consciousness,2026,2026-02-07,407,0,0,1,0,Soul Snack #54: Feeling Sorrow - The Seat of the Soul Institute,63,,0,62,"Add meta description (120-160 chars); Add more internal links (currently 1, aim 3+); Short content (407 words, ideal 500+)",Slug or title matches evergreen series (Soul Snack / Feast / Seed / Wisdom Wednesday)
https://seatofthesoul.com/soul-snack-55-can-there-be-mulitple-intentions,KEEP,Soul Snack #55: Can There Be Multiple Intentions?,Soul Snack,Intentions,Intentions; Podcast; Responsible Choice,2026,2026-02-07,359,0,0,1,0,Soul Snack #55: Can There Be Multiple Intentions? - The Seat of the Soul Institute,82,,0,52,"Add meta description (120-160 chars); Add more internal links (currently 1, aim 3+); Short content (359 words, ideal 500+); Title too long (82 chars, aim 30-65)",Slug or title matches evergreen series (Soul Snack / Feast / Seed / Wisdom Wednesday)
https://seatofthesoul.com/soul-snack-56-how-can-i-change-my-overwhelm,KEEP,Soul Snack #56: How Can I Change My Overwhelm?,Soul Snack,Emotional Awareness,Emotional Awareness; Podcast; Responsible Choice,2026,2026-02-07,377,0,0,0,1,Soul Snack #56: How Can I Change My Overwhelm? - The Seat of the Soul Institute,79,,0,42,"Add meta description (120-160 chars); Add internal links (currently 0, aim 3+); Short content (377 words, ideal 500+); Title too long (79 chars, aim 30-65)",Slug or title matches evergreen series (Soul Snack / Feast / Seed / Wisdom Wednesday)
https://seatofthesoul.com/soul-snack-57-why-does-challenging-anger-bring-more-anger,KEEP,Soul Snack #57: Why Does Challenging Anger Bring More Anger?,Soul Snack,Emotional Awareness,Emotional Awareness; Podcast,2026,2026-02-07,357,0,0,1,0,Soul Snack #57: Why Does Challenging Anger Bring More Anger? - The Seat of the Soul Institute,93,,0,52,"Add meta description (120-160 chars); Add more internal links (currently 1, aim 3+); Short content (357 words, ideal 500+); Title too long (93 chars, aim 30-65)",Slug or title matches evergreen series (Soul Snack / Feast / Seed / Wisdom Wednesday)
https://seatofthesoul.com/soul-snack-58-the-higher-logic-of-the-heart,KEEP,Soul Snack #58: The Higher Logic of the Heart,Soul Snack,Emotional Awareness,Emotional Awareness; Podcast,2026,2026-02-07,357,0,0,0,1,Soul Snack #58: The Higher Logic of the Heart - The Seat of the Soul Institute,78,,0,42,"Add meta description (120-160 chars); Add internal links (currently 0, aim 3+); Short content (357 words, ideal 500+); Title too long (78 chars, aim 30-65)",Slug or title matches evergreen series (Soul Snack / Feast / Seed / Wisdom Wednesday)
https://seatofthesoul.com/soul-snack-59-how-can-i-heal-anxiety,KEEP,Soul Snack #59: How Can I Heal Anxiety?,Soul Snack,Emotional Awareness,Emotional Awareness; Podcast; Responsible Choice,2026,2026-02-07,356,0,0,0,1,Soul Snack #59: How Can I Heal Anxiety? - The Seat of the Soul Institute,72,,0,42,"Add meta description (120-160 chars); Add internal links (currently 0, aim 3+); Short content (356 words, ideal 500+); Title too long (72 chars, aim 30-65)",Slug or title matches evergreen series (Soul Snack / Feast / Seed / Wisdom Wednesday)
https://seatofthesoul.com/soul-snack-60-discern-your-intentions,KEEP,Soul Snack #60: Discern Your Intentions,Soul Snack,Authentic Power,Authentic Power; Intentions; Podcast; Spiritual Partnership,2026,2026-02-07,347,0,0,0,1,Soul Snack #60: Discern Your Intentions - The Seat of the Soul Institute,72,,0,42,"Add meta description (120-160 chars); Add internal links (currently 0, aim 3+); Short content (347 words, ideal 500+); Title too long (72 chars, aim 30-65)",Slug or title matches evergreen series (Soul Snack / Feast / Seed / Wisdom Wednesday)
https://seatofthesoul.com/soul-snack-61-emotional-indulgence,KEEP,Soul Snack #61: Emotional Indulgence,Soul Snack,Emotional Awareness,Emotional Awareness; Podcast; Responsible Choice; Spiritual Partnership,2026,2026-02-07,404,0,0,0,1,Soul Snack #61: Emotional Indulgence - The Seat of the Soul Institute,69,,0,42,"Add meta description (120-160 chars); Add internal links (currently 0, aim 3+); Short content (404 words, ideal 500+); Title too long (69 chars, aim 30-65)",Slug or title matches evergreen series (Soul Snack / Feast / Seed / Wisdom Wednesday)
https://seatofthesoul.com/soul-snack-62-supporting-vs-projecting,KEEP,Soul Snack #62: Supporting vs. Projecting,Soul Snack,Emotional Awareness,Emotional Awareness; Podcast; Responsible Choice; Spiritual Partnership; The New Consciousness,2026,2026-02-07,463,0,0,1,0,Soul Snack #62: Supporting vs. Projecting - The Seat of the Soul Institute,74,,0,52,"Add meta description (120-160 chars); Add more internal links (currently 1, aim 3+); Short content (463 words, ideal 500+); Title too long (74 chars, aim 30-65)",Slug or title matches evergreen series (Soul Snack / Feast / Seed / Wisdom Wednesday)
https://seatofthesoul.com/soul-snack-63-spiritual-partnership,KEEP,Soul Snack #63: Spiritual Partnership,Soul Snack,Emotional Awareness,Emotional Awareness; Podcast; Spiritual Partnership,2026,2026-02-07,447,0,0,0,1,Soul Snack #63: Spiritual Partnership - The Seat of the Soul Institute,70,,0,42,"Add meta description (120-160 chars); Add internal links (currently 0, aim 3+); Short content (447 words, ideal 500+); Title too long (70 chars, aim 30-65)",Slug or title matches evergreen series (Soul Snack / Feast / Seed / Wisdom Wednesday)
https://seatofthesoul.com/soul-snack-64-spiritual-partnership-and-development,KEEP,Soul Snack #64: Spiritual Partnership and Development,Soul Snack,Emotional Awareness,Emotional Awareness; Podcast; Spiritual Partnership; The New Consciousness,2026,2026-02-07,427,0,0,0,1,Soul Snack #64: Spiritual Partnership and Development - The Seat of the Soul Institute,86,,0,42,"Add meta description (120-160 chars); Add internal links (currently 0, aim 3+); Short content (427 words, ideal 500+); Title too long (86 chars, aim 30-65)",Slug or title matches evergreen series (Soul Snack / Feast / Seed / Wisdom Wednesday)
https://seatofthesoul.com/soul-snack-65-supporting-with-love,KEEP,Soul Snack #65: Supporting with Love,Soul Snack,Compassion,Compassion; Emotional Awareness; Podcast; The New Consciousness,2026,2026-02-07,437,0,0,1,0,Soul Snack #65: Supporting with Love - The Seat of the Soul Institute,69,,0,52,"Add meta description (120-160 chars); Add more internal links (currently 1, aim 3+); Short content (437 words, ideal 500+); Title too long (69 chars, aim 30-65)",Slug or title matches evergreen series (Soul Snack / Feast / Seed / Wisdom Wednesday)
https://seatofthesoul.com/soul-snack-66-how-do-i-let-go-of-anger-and-resentment,KEEP,Soul Snack #66: How Do I Let Go of Anger and Resentment?,Soul Snack,Anger,Anger; Emotional Awareness; Podcast; Responsible Choice,2026,2026-02-07,475,0,0,1,0,Soul Snack #66: How Do I Let Go of Anger and Resentment? - The Seat of the Soul Institute,89,,0,52,"Add meta description (120-160 chars); Add more internal links (currently 1, aim 3+); Short content (475 words, ideal 500+); Title too long (89 chars, aim 30-65)",Slug or title matches evergreen series (Soul Snack / Feast / Seed / Wisdom Wednesday)
https://seatofthesoul.com/soul-snack-67-align-your-personality-with-your-soul,KEEP,Soul Snack #67: Align Your Personality with Your Soul,Soul Snack,Authentic Power,Authentic Power; Emotional Awareness; Podcast; Responsible Choice,2026,2026-02-07,486,0,0,1,0,Soul Snack #67: Align Your Personality with Your Soul - The Seat of the Soul Institute,86,,0,52,"Add meta description (120-160 chars); Add more internal links (currently 1, aim 3+); Short content (486 words, ideal 500+); Title too long (86 chars, aim 30-65)",Slug or title matches evergreen series (Soul Snack / Feast / Seed / Wisdom Wednesday)
https://seatofthesoul.com/soul-snack-68-distractions,KEEP,Soul Snack #68: Distractions,Soul Snack,Authentic Power,Authentic Power; Podcast; Temptation,2026,2026-02-07,423,0,0,1,0,Soul Snack #68: Distractions - The Seat of the Soul Institute,61,,0,62,"Add meta description (120-160 chars); Add more internal links (currently 1, aim 3+); Short content (423 words, ideal 500+)",Slug or title matches evergreen series (Soul Snack / Feast / Seed / Wisdom Wednesday)
https://seatofthesoul.com/soul-snack-69-what-does-my-soul-want,KEEP,Soul Snack #69: What Does My Soul Want?,Soul Snack,Authentic Power,Authentic Power; Emotional Awareness; Love & Fear; Podcast; Responsible Choice; Soul; The New Consciousness,2026,2026-02-07,459,0,0,0,1,Soul Snack #69: What Does My Soul Want? - The Seat of the Soul Institute,72,,0,42,"Add meta description (120-160 chars); Add internal links (currently 0, aim 3+); Short content (459 words, ideal 500+); Title too long (72 chars, aim 30-65)",Slug or title matches evergreen series (Soul Snack / Feast / Seed / Wisdom Wednesday)
https://seatofthesoul.com/soul-snack-70-the-guest-house,KEEP,Soul Snack #70: The Guest House,Soul Snack,Emotional Awareness,Emotional Awareness; Podcast; Responsible Choice; Soul,2026,2026-02-07,367,0,0,0,1,Soul Snack #70: The Guest House - The Seat of the Soul Institute,64,,0,52,"Add meta description (120-160 chars); Add internal links (currently 0, aim 3+); Short content (367 words, ideal 500+)",Slug or title matches evergreen series (Soul Snack / Feast / Seed / Wisdom Wednesday)
https://seatofthesoul.com/soul-snack-71-courage-meditation,KEEP,Soul Snack #71: Courage Meditation,Soul Snack,Courage,Courage; Emotional Awareness; Meditation; Podcast; Responsible Choice,2026,2026-02-13,412,0,0,0,1,Soul Snack #71: Courage Meditation - The Seat of the Soul Institute,67,,0,42,"Add meta description (120-160 chars); Add internal links (currently 0, aim 3+); Short content (412 words, ideal 500+); Title too long (67 chars, aim 30-65)",Slug or title matches evergreen series (Soul Snack / Feast / Seed / Wisdom Wednesday)
https://seatofthesoul.com/soul-snack-72-your-life-is-an-adventure,KEEP,Soul Snack #72: Your Life Is An Adventure,Soul Snack,Courage,Courage; Podcast; Responsible Choice; The New Consciousness,2026,2026-02-20,444,0,0,1,0,Soul Snack #72: Your Life Is An Adventure - The Seat of the Soul Institute,74,,0,52,"Add meta description (120-160 chars); Add more internal links (currently 1, aim 3+); Short content (444 words, ideal 500+); Title too long (74 chars, aim 30-65)",Slug or title matches evergreen series (Soul Snack / Feast / Seed / Wisdom Wednesday)
https://seatofthesoul.com/soul-snack-73-why-is-it-important-to-experience-physical-sensations,KEEP,Soul Snack #73: Why is it Important to Experience Physical Sensations?,Soul Snack,Authentic Power,Authentic Power; Emotional Awareness; Love & Fear; Podcast,2026,2026-02-27,521,0,0,0,1,Soul Snack #73: Why is it Important to Experience Physical Sensations? - The Seat of the Soul Institute,103,,0,50,"Add meta description (120-160 chars); Add internal links (currently 0, aim 3+); Title too long (103 chars, aim 30-65)",Slug or title matches evergreen series (Soul Snack / Feast / Seed / Wisdom Wednesday)
https://seatofthesoul.com/soul-snack-74-every-moment-is-big,KEEP,Soul Snack #74: Every Moment Is Big,Soul Snack,Authentic Power,Authentic Power; Emotional Awareness; Love & Fear; Podcast,2026,2026-05-11,500,0,0,1,0,Soul Snack #74: Every Moment Is Big - The Seat of the Soul Institute,68,,0,60,"Add meta description (120-160 chars); Add more internal links (currently 1, aim 3+); Title too long (68 chars, aim 30-65)",Slug or title matches evergreen series (Soul Snack / Feast / Seed / Wisdom Wednesday)
https://seatofthesoul.com/soul-snack-75-its-always-yours-to-do,KEEP,Soul Snack #75: It’s Always Yours to Do,Soul Snack,Authentic Power,Authentic Power; Emotional Awareness; Love & Fear; Podcast,2026,2026-05-11,390,0,0,0,1,Soul Snack #75: It's Always Yours to Do - The Seat of the Soul Institute,72,,0,42,"Add meta description (120-160 chars); Add internal links (currently 0, aim 3+); Short content (390 words, ideal 500+); Title too long (72 chars, aim 30-65)",Slug or title matches evergreen series (Soul Snack / Feast / Seed / Wisdom Wednesday)
https://seatofthesoul.com/soul-snack-76-the-conversation-that-changes-everything,KEEP,Soul Snack #76: The Conversation That Changes Everything,Soul Snack,Authentic Power,Authentic Power; Emotional Awareness; Love & Fear; Podcast,2026,2026-05-11,484,0,0,1,0,Soul Snack #76: The Conversation That Changes Everything - The Seat of the Soul Institute,89,,0,52,"Add meta description (120-160 chars); Add more internal links (currently 1, aim 3+); Short content (484 words, ideal 500+); Title too long (89 chars, aim 30-65)",Slug or title matches evergreen series (Soul Snack / Feast / Seed / Wisdom Wednesday)
https://seatofthesoul.com/soul-snack-77-you-were-born-to-choose-love,KEEP,Soul Snack #77: You Were Born To Choose Love,Soul Snack,Authentic Power,Authentic Power; Emotional Awareness; Love & Fear; Multisensory Perception; Podcast,2026,2026-05-11,474,0,0,1,0,Soul Snack #77: You Were Born To Choose Love - The Seat of the Soul Institute,77,,0,52,"Add meta description (120-160 chars); Add more internal links (currently 1, aim 3+); Short content (474 words, ideal 500+); Title too long (77 chars, aim 30-65)",Slug or title matches evergreen series (Soul Snack / Feast / Seed / Wisdom Wednesday)
https://seatofthesoul.com/soul-snack-78-are-you-actually-enjoying-your-life,KEEP,Soul Snack #78: Are You Actually Enjoying Your Life?,Soul Snack,Authentic Power,Authentic Power; Emotional Awareness; Linda Francis; Multisensory Perception; Podcast,2026,2026-05-11,440,0,0,0,1,Soul Snack #78: Are You Actually Enjoying Your Life? - The Seat of the Soul Institute,85,,0,42,"Add meta description (120-160 chars); Add internal links (currently 0, aim 3+); Short content (440 words, ideal 500+); Title too long (85 chars, aim 30-65)",Slug or title matches evergreen series (Soul Snack / Feast / Seed / Wisdom Wednesday)
https://seatofthesoul.com/soul-snack-79-distractions-are-not-the-enemy,KEEP,Soul Snack #79: Distractions Are Not the Enemy – They’re the Signal,Soul Snack,Authentic Power,Authentic Power; Emotional Awareness; Multisensory Perception; Podcast,2026,2026-05-11,421,0,0,1,0,Soul Snack #79: Distractions Are Not the Enemy - They're the Signal - The Seat of the Soul Institute,100,,0,52,"Add meta description (120-160 chars); Add more internal links (currently 1, aim 3+); Short content (421 words, ideal 500+); Title too long (100 chars, aim 30-65)",Slug or title matches evergreen series (Soul Snack / Feast / Seed / Wisdom Wednesday)
https://seatofthesoul.com/soul-snack-80-the-hidden-message-inside-every-emotion-youve-been-ignoring,KEEP,Soul Snack #80: The Hidden Message Inside Every Emotion You’ve Been Ignoring,Soul Snack,Authentic Power,Authentic Power; Emotional Awareness; Podcast,2026,2026-05-11,455,0,0,0,1,Soul Snack #80: The Hidden Message Inside Every Emotion You've Been Ignoring - The Seat of the Soul Institute,109,,0,42,"Add meta description (120-160 chars); Add internal links (currently 0, aim 3+); Short content (455 words, ideal 500+); Title too long (109 chars, aim 30-65)",Slug or title matches evergreen series (Soul Snack / Feast / Seed / Wisdom Wednesday)
https://seatofthesoul.com/soul-snack-81-judging-someone-this-is-what-you-should-do,KEEP,Soul Snack #81: Judging Someone? This Is What You Should Do,Soul Snack,Authentic Power,Authentic Power; Compassion; Emotional Awareness; Podcast,2026,2026-05-11,509,0,0,1,0,Soul Snack #81: Judging Someone? This Is What You Should Do - The Seat of the Soul Institute,92,,0,60,"Add meta description (120-160 chars); Add more internal links (currently 1, aim 3+); Title too long (92 chars, aim 30-65)",Slug or title matches evergreen series (Soul Snack / Feast / Seed / Wisdom Wednesday)
https://seatofthesoul.com/soul-snack-82-the-reason-jealousy-keeps-coming-back,KEEP,Soul Snack #82: The Reason Jealousy Keeps Coming Back,Soul Snack,Authentic Power,Authentic Power; Emotional Awareness; Podcast,2026,2026-05-12,525,0,0,0,1,Soul Snack #82: The Reason Jealousy Keeps Coming Back - The Seat of the Soul Institute,86,,0,50,"Add meta description (120-160 chars); Add internal links (currently 0, aim 3+); Title too long (86 chars, aim 30-65)",Slug or title matches evergreen series (Soul Snack / Feast / Seed / Wisdom Wednesday)
https://seatofthesoul.com/soul-snack-83-stop-fighting-for-control-how-to-trade-external-power-for-authentic-power,KEEP,Soul Snack #83: Stop Fighting for Control: How to Trade External Power for Authentic Power,Soul Snack,Authentic Power,Authentic Power; Emotional Awareness; Podcast,2026,2026-05-12,563,0,0,0,1,Soul Snack #83: Stop Fighting for Control: How to Trade External Power for Authentic Power - The Seat of the Soul Institute,123,,0,50,"Add meta description (120-160 chars); Add internal links (currently 0, aim 3+); Title too long (123 chars, aim 30-65)",Slug or title matches evergreen series (Soul Snack / Feast / Seed / Wisdom Wednesday)
https://seatofthesoul.com/the-underlying-gift-of-addiction,KEEP,SOUL FEAST # 17: The Underlying Gift of Addiction,Soul Feast,Addiction,Addiction; Emotional Awareness; Podcast; Responsible Choice,2025,2025-01-27,362,0,0,1,0,SOUL FEAST # 17: The Underlying Gift of Addiction - The Seat of the Soul Institute,82,,0,52,"Add meta description (120-160 chars); Add more internal links (currently 1, aim 3+); Short content (362 words, ideal 500+); Title too long (82 chars, aim 30-65)",Slug or title matches evergreen series (Soul Snack / Feast / Seed / Wisdom Wednesday)
https://seatofthesoul.com/what-is-love,KEEP,Soul Feast #14: What is Love?,Soul Feast,Love & Fear,Love & Fear; Podcast; The New Consciousness; Uncategorized,2025,2025-01-06,303,0,0,0,1,Soul Feast #14: What is Love? - The Seat of the Soul Institute,62,,0,52,"Add meta description (120-160 chars); Add internal links (currently 0, aim 3+); Short content (303 words, ideal 500+)",Slug or title matches evergreen series (Soul Snack / Feast / Seed / Wisdom Wednesday)
https://seatofthesoul.com/why-choose-forgiveness,KEEP,Soul Feast #15: Why Choose Forgiveness?,Soul Feast,Podcast,Podcast; Responsible Choice; The New Consciousness; Uncategorized,2025,2025-01-13,266,0,0,0,1,Soul Feast #15: Why Choose Forgiveness? - The Seat of the Soul Institute,72,,0,30,"Add meta description (120-160 chars); Add internal links (currently 0, aim 3+); Thin content (266 words, expand past 300); Title too long (72 chars, aim 30-65)",Slug or title matches evergreen series (Soul Snack / Feast / Seed / Wisdom Wednesday)
https://seatofthesoul.com/how-to-trust-the-universe,KEEP,Soul Feast #16: How to Trust the Universe,Soul Feast,Authentic Power,Authentic Power; Podcast; The New Consciousness,2025,2025-01-20,282,0,0,0,1,Soul Feast #16: How to Trust the Universe - The Seat of the Soul Institute,74,,0,30,"Add meta description (120-160 chars); Add internal links (currently 0, aim 3+); Thin content (282 words, expand past 300); Title too long (74 chars, aim 30-65)",Slug or title matches evergreen series (Soul Snack / Feast / Seed / Wisdom Wednesday)
https://seatofthesoul.com/what-to-do-before-you-speak-or-act,KEEP,Soul Feast #18: What To Do Before You Speak or Act,Soul Feast,Intentions,Intentions; Love & Fear; Podcast,2025,2025-02-03,304,0,0,1,0,Soul Feast #18: What To Do Before You Speak or Act - The Seat of the Soul Institute,83,,0,52,"Add meta description (120-160 chars); Add more internal links (currently 1, aim 3+); Short content (304 words, ideal 500+); Title too long (83 chars, aim 30-65)",Slug or title matches evergreen series (Soul Snack / Feast / Seed / Wisdom Wednesday)
https://seatofthesoul.com/spiritual-partnership-vs-marriage,KEEP,Soul Feast #19: Spiritual Partnership vs Marriage,Soul Feast,Podcast,Podcast; Spiritual Partnership,2025,2025-02-10,336,0,0,0,1,Soul Feast #19: Spiritual Partnership vs Marriage - The Seat of the Soul Institute,82,,0,42,"Add meta description (120-160 chars); Add internal links (currently 0, aim 3+); Short content (336 words, ideal 500+); Title too long (82 chars, aim 30-65)",Slug or title matches evergreen series (Soul Snack / Feast / Seed / Wisdom Wednesday)
https://seatofthesoul.com/growing-together-in-spiritual-partnership,KEEP,Soul Feast #20: Growing Together in Spiritual Partnership,Soul Feast,Podcast,Podcast; Spiritual Partnership,2025,2025-02-17,345,0,0,0,1,Soul Feast #20: Growing Together in Spiritual Partnership - The Seat of the Soul Institute,90,,0,42,"Add meta description (120-160 chars); Add internal links (currently 0, aim 3+); Short content (345 words, ideal 500+); Title too long (90 chars, aim 30-65)",Slug or title matches evergreen series (Soul Snack / Feast / Seed / Wisdom Wednesday)
https://seatofthesoul.com/choosing-roles-in-spiritual-partnership,KEEP,Soul Feast #21: Choosing Roles in Spiritual Partnership,Soul Feast,Podcast,Podcast; Spiritual Partnership,2025,2025-02-24,346,0,0,1,0,Soul Feast #21: Choosing Roles in Spiritual Partnership - The Seat of the Soul Institute,88,,0,52,"Add meta description (120-160 chars); Add more internal links (currently 1, aim 3+); Short content (346 words, ideal 500+); Title too long (88 chars, aim 30-65)",Slug or title matches evergreen series (Soul Snack / Feast / Seed / Wisdom Wednesday)
https://seatofthesoul.com/saying-what-is-most-difficult-in-spiritual-partnership,KEEP,Soul Feast #22: Saying What is Most Difficult in Spiritual Partnership,Soul Feast,Podcast,Podcast; Spiritual Partnership,2025,2025-03-03,353,0,0,0,1,Soul Feast #22: Saying What is Most Difficult in Spiritual Partnership - The Seat of the Soul Institute,103,,0,42,"Add meta description (120-160 chars); Add internal links (currently 0, aim 3+); Short content (353 words, ideal 500+); Title too long (103 chars, aim 30-65)",Slug or title matches evergreen series (Soul Snack / Feast / Seed / Wisdom Wednesday)
https://seatofthesoul.com/new-male-and-the-new-female,KEEP,Soul Feast #23: The New Male and The New Female,Soul Feast,Podcast,Podcast; The New Consciousness,2025,2025-03-10,359,0,0,0,1,Soul Feast #23: The New Male and The New Female - The Seat of the Soul Institute,80,,0,42,"Add meta description (120-160 chars); Add internal links (currently 0, aim 3+); Short content (359 words, ideal 500+); Title too long (80 chars, aim 30-65)",Slug or title matches evergreen series (Soul Snack / Feast / Seed / Wisdom Wednesday)
https://seatofthesoul.com/what-you-can-control,KEEP,Soul Feast #24: What You Can Control,Soul Feast,Emotional Awareness,Emotional Awareness; Podcast,2025,2025-03-17,352,0,0,1,0,Soul Feast #24: What You Can Control - The Seat of the Soul Institute,69,,0,52,"Add meta description (120-160 chars); Add more internal links (currently 1, aim 3+); Short content (352 words, ideal 500+); Title too long (69 chars, aim 30-65)",Slug or title matches evergreen series (Soul Snack / Feast / Seed / Wisdom Wednesday)
https://seatofthesoul.com/what-to-do-about-disintegrating-social-structures,KEEP,Soul Feast #25 – What to Do About Disintegrating Social Structures,Soul Feast,Podcast,Podcast; The New Consciousness,2025,2025-03-24,376,0,0,0,1,Soul Feast #25 - What to Do About Disintegrating Social Structures - The Seat of the Soul Institute,99,,0,42,"Add meta description (120-160 chars); Add internal links (currently 0, aim 3+); Short content (376 words, ideal 500+); Title too long (99 chars, aim 30-65)",Slug or title matches evergreen series (Soul Snack / Feast / Seed / Wisdom Wednesday)
https://seatofthesoul.com/am-i-joyful-or-am-i-happy,KEEP,Soul Feast #26 – Am I Joyful or Am I Happy?,Soul Feast,Authentic Power,Authentic Power; Emotional Awareness; Love & Fear; Podcast,2025,2025-03-31,386,0,0,0,1,Soul Feast #26 - Am I Joyful or Am I Happy? - The Seat of the Soul Institute,76,,0,42,"Add meta description (120-160 chars); Add internal links (currently 0, aim 3+); Short content (386 words, ideal 500+); Title too long (76 chars, aim 30-65)",Slug or title matches evergreen series (Soul Snack / Feast / Seed / Wisdom Wednesday)
https://seatofthesoul.com/choice-karma-and-the-law-of-attraction,KEEP,"Soul Feast #27 – Choice, Karma, and The Law of Attraction",Soul Feast,Karma,Karma; Law of Attraction; Podcast; Responsible Choice,2025,2025-04-07,323,0,0,0,1,"Soul Feast #27 - Choice, Karma, and The Law of Attraction - The Seat of the Soul Institute",90,,0,42,"Add meta description (120-160 chars); Add internal links (currently 0, aim 3+); Short content (323 words, ideal 500+); Title too long (90 chars, aim 30-65)",Slug or title matches evergreen series (Soul Snack / Feast / Seed / Wisdom Wednesday)
https://seatofthesoul.com/spiritual-partnership-and-the-law-of-attraction,KEEP,Soul Feast #28: Spiritual Partnership and the Law of Attraction,Soul Feast,Law of Attraction,Law of Attraction; Podcast; Spiritual Partnership,2025,2025-04-14,347,0,0,0,1,Soul Feast #28: Spiritual Partnership and the Law of Attraction - The Seat of the Soul Institute,96,,0,42,"Add meta description (120-160 chars); Add internal links (currently 0, aim 3+); Short content (347 words, ideal 500+); Title too long (96 chars, aim 30-65)",Slug or title matches evergreen series (Soul Snack / Feast / Seed / Wisdom Wednesday)
https://seatofthesoul.com/what-is-a-universal-human,KEEP,Soul Feast #29: What is a Universal Human?,Soul Feast,Love & Fear,Love & Fear; Podcast; Universal Human,2025,2025-04-21,388,0,0,0,1,Soul Feast #29: What is a Universal Human? - The Seat of the Soul Institute,75,,0,42,"Add meta description (120-160 chars); Add internal links (currently 0, aim 3+); Short content (388 words, ideal 500+); Title too long (75 chars, aim 30-65)",Slug or title matches evergreen series (Soul Snack / Feast / Seed / Wisdom Wednesday)
https://seatofthesoul.com/everything-is-an-opportunity,KEEP,Soul Feast #30: Everything is an Opportunity,Soul Feast,Intentions,Intentions; Multisensory Perception; Podcast,2025,2025-04-28,396,0,0,0,1,Soul Feast #30: Everything is an Opportunity - The Seat of the Soul Institute,77,,0,42,"Add meta description (120-160 chars); Add internal links (currently 0, aim 3+); Short content (396 words, ideal 500+); Title too long (77 chars, aim 30-65)",Slug or title matches evergreen series (Soul Snack / Feast / Seed / Wisdom Wednesday)
https://seatofthesoul.com/were-all-in-it-together,KEEP,Soul Feast #31: Together Miniseries #1: We’re All In It Together,Soul Feast,Podcast,Podcast; The New Consciousness; Together Miniseries; Together Series,2025,2025-05-05,434,0,0,1,0,Soul Feast #31: Together Miniseries #1: We're All In It Together - The Seat of the Soul Institute,97,,0,52,"Add meta description (120-160 chars); Add more internal links (currently 1, aim 3+); Short content (434 words, ideal 500+); Title too long (97 chars, aim 30-65)",Slug or title matches evergreen series (Soul Snack / Feast / Seed / Wisdom Wednesday)
https://seatofthesoul.com/together-miniseries-2-the-death-of-external-power,KEEP,Soul Feast #32: Together Miniseries #2: The Death of External Power,Soul Feast,Podcast,Podcast; The New Consciousness; Together Miniseries; Together Series,2025,2025-05-12,416,0,0,1,0,Soul Feast #32: Together Miniseries #2: The Death of External Power - The Seat of the Soul Institute,100,,0,52,"Add meta description (120-160 chars); Add more internal links (currently 1, aim 3+); Short content (416 words, ideal 500+); Title too long (100 chars, aim 30-65)",Slug or title matches evergreen series (Soul Snack / Feast / Seed / Wisdom Wednesday)
https://seatofthesoul.com/together-miniseries-3-the-birth-of-authentic-power,KEEP,Soul Feast #33: Together Miniseries #3: The Birth of Authentic Power,Soul Feast,Authentic Power,Authentic Power; Podcast; Together Miniseries; Together Series,2025,2025-05-19,459,0,0,0,1,Soul Feast #33: Together Miniseries #3: The Birth of Authentic Power - The Seat of the Soul Institute,101,,0,42,"Add meta description (120-160 chars); Add internal links (currently 0, aim 3+); Short content (459 words, ideal 500+); Title too long (101 chars, aim 30-65)",Slug or title matches evergreen series (Soul Snack / Feast / Seed / Wisdom Wednesday)
https://seatofthesoul.com/together-miniseries-4-the-beauty-of-the-contrast,KEEP,Soul Feast #34: Together Miniseries #4: The Beauty of the Contrast,Soul Feast,Authentic Power,Authentic Power; Multisensory Perception; Podcast; The New Consciousness; Together Miniseries; Together Series,2025,2025-05-26,437,0,0,1,0,Soul Feast #34: Together Miniseries #4: The Beauty of the Contrast - The Seat of the Soul Institute,99,,0,52,"Add meta description (120-160 chars); Add more internal links (currently 1, aim 3+); Short content (437 words, ideal 500+); Title too long (99 chars, aim 30-65)",Slug or title matches evergreen series (Soul Snack / Feast / Seed / Wisdom Wednesday)
https://seatofthesoul.com/together-miniseries-5-the-journey-inside-fear,KEEP,Soul Feast #35: Together Miniseries #5: The Journey Inside – Fear,Soul Feast,Love & Fear,Love & Fear; Multisensory Perception; Podcast; The New Consciousness,2025,2025-06-02,429,0,0,0,1,Soul Feast #35: Together Miniseries #5: The Journey Inside - Fear - The Seat of the Soul Institute,98,,0,42,"Add meta description (120-160 chars); Add internal links (currently 0, aim 3+); Short content (429 words, ideal 500+); Title too long (98 chars, aim 30-65)",Slug or title matches evergreen series (Soul Snack / Feast / Seed / Wisdom Wednesday)
https://seatofthesoul.com/together-miniseries-6-the-journey-inside-love,KEEP,Soul Feast #36: Together Miniseries #6: The Journey Inside – Love,Soul Feast,Authentic Power,Authentic Power; Emotional Awareness; Love & Fear; Podcast; Together Miniseries; Together Series,2025,2025-06-09,438,0,0,0,1,Soul Feast #36: Together Miniseries #6: The Journey Inside - Love - The Seat of the Soul Institute,98,,0,42,"Add meta description (120-160 chars); Add internal links (currently 0, aim 3+); Short content (438 words, ideal 500+); Title too long (98 chars, aim 30-65)",Slug or title matches evergreen series (Soul Snack / Feast / Seed / Wisdom Wednesday)
https://seatofthesoul.com/soul-feast-37-together-miniseries-7-where-were-going,KEEP,Soul Feast #37: Together Miniseries #7: Where We’re Going,Soul Feast,Authentic Power,Authentic Power; Emotional Awareness; Love & Fear; Podcast; Together Miniseries; Together Series,2025,2025-06-16,457,0,0,0,1,Soul Feast #37: Together Miniseries #7: Where We're Going - The Seat of the Soul Institute,90,,0,42,"Add meta description (120-160 chars); Add internal links (currently 0, aim 3+); Short content (457 words, ideal 500+); Title too long (90 chars, aim 30-65)",Slug or title matches evergreen series (Soul Snack / Feast / Seed / Wisdom Wednesday)
https://seatofthesoul.com/soul-feast-38-together-miniseries-8-the-biggest-surprise,KEEP,Soul Feast #38: Together Miniseries #8: The Biggest Surprise,Soul Feast,Authentic Power,Authentic Power; Emotional Awareness; Love & Fear; Podcast; Together Miniseries; Together Series,2025,2025-06-23,427,0,0,1,0,Soul Feast #38: Together Miniseries #8: The Biggest Surprise - The Seat of the Soul Institute,93,,0,52,"Add meta description (120-160 chars); Add more internal links (currently 1, aim 3+); Short content (427 words, ideal 500+); Title too long (93 chars, aim 30-65)",Slug or title matches evergreen series (Soul Snack / Feast / Seed / Wisdom Wednesday)
https://seatofthesoul.com/soul-feast-39-the-danger-of-forgetting,KEEP,Soul Feast #39: The Danger of Forgetting: Let’s Not Repeat the Past,Soul Feast,Authentic Power,Authentic Power; Love & Fear; Podcast,2025,2025-06-30,403,0,0,1,0,Soul Feast #39: The Danger of Forgetting: Let’s Not Repeat the Past - The Seat of the Soul Institute,100,,0,52,"Add meta description (120-160 chars); Add more internal links (currently 1, aim 3+); Short content (403 words, ideal 500+); Title too long (100 chars, aim 30-65)",Slug or title matches evergreen series (Soul Snack / Feast / Seed / Wisdom Wednesday)
https://seatofthesoul.com/soul-feast-40-the-point-of-power-in-turbulent-times,KEEP,Soul Feast #40: The Point of Power in Turbulent Times,Soul Feast,Authentic Power,Authentic Power; Emotional Awareness; Intentions; Love & Fear; Podcast; Responsible Choice,2025,2025-07-07,406,0,0,1,0,Soul Feast #40: The Point of Power in Turbulent Times - The Seat of the Soul Institute,86,,0,52,"Add meta description (120-160 chars); Add more internal links (currently 1, aim 3+); Short content (406 words, ideal 500+); Title too long (86 chars, aim 30-65)",Slug or title matches evergreen series (Soul Snack / Feast / Seed / Wisdom Wednesday)
https://seatofthesoul.com/soul-feast-41-what-am-i-responsible-for,KEEP,Soul Feast #41: What Am I Responsible For?,Soul Feast,Authentic Power,Authentic Power; Emotional Awareness; Intentions; Love & Fear; Podcast; Responsible Choice,2025,2025-07-14,406,0,0,1,0,Soul Feast #41: What Am I Responsible For? - The Seat of the Soul Institute,75,,0,52,"Add meta description (120-160 chars); Add more internal links (currently 1, aim 3+); Short content (406 words, ideal 500+); Title too long (75 chars, aim 30-65)",Slug or title matches evergreen series (Soul Snack / Feast / Seed / Wisdom Wednesday)
https://seatofthesoul.com/soul-feast-44-non-physical-teachers-pt-1,KEEP,Soul Feast #42: Non-Physical Teachers: Part 1,Soul Feast,Authentic Power,Authentic Power; Multisensory Perception; Personal Stories; Podcast; The New Consciousness,2025,2025-07-21,456,0,0,0,1,Soul Feast #42: Non-Physical Teachers: Part 1 - The Seat of the Soul Institute,78,,0,42,"Add meta description (120-160 chars); Add internal links (currently 0, aim 3+); Short content (456 words, ideal 500+); Title too long (78 chars, aim 30-65)",Slug or title matches evergreen series (Soul Snack / Feast / Seed / Wisdom Wednesday)
https://seatofthesoul.com/soul-feast-43-temptation,KEEP,Soul Feast #43: Temptation,Soul Feast,Authentic Power,Authentic Power; Multisensory Perception; Podcast; Responsible Choice,2025,2025-07-28,445,0,0,1,0,Soul Feast #43: Temptation - The Seat of the Soul Institute,59,,0,62,"Add meta description (120-160 chars); Add more internal links (currently 1, aim 3+); Short content (445 words, ideal 500+)",Slug or title matches evergreen series (Soul Snack / Feast / Seed / Wisdom Wednesday)
https://seatofthesoul.com/soul-feast-44-the-gifts-of-temptation,KEEP,Soul Feast #44: The Gifts of Temptation,Soul Feast,Addiction,Addiction; Authentic Power; Podcast; Responsible Choice,2025,2025-08-04,460,0,0,1,0,Soul Feast #44: The Gifts of Temptation - The Seat of the Soul Institute,72,,0,52,"Add meta description (120-160 chars); Add more internal links (currently 1, aim 3+); Short content (460 words, ideal 500+); Title too long (72 chars, aim 30-65)",Slug or title matches evergreen series (Soul Snack / Feast / Seed / Wisdom Wednesday)
https://seatofthesoul.com/soul-feast-45-how-can-you-respond-with-love-when-there-is-chaos-and-political-upheaval-all-around-you-2,KEEP,Soul Feast #45: How Can You Respond with Love When There is Chaos and Political Upheaval All Around You?,Soul Feast,Authentic Power,Authentic Power; Love & Fear; Podcast; The New Consciousness,2025,2025-08-16,488,0,0,1,0,Soul Feast #45: How Can You Respond with Love When There is Chaos and Political Upheaval All Around You? - The Seat of the Soul Institute,137,,0,52,"Add meta description (120-160 chars); Add more internal links (currently 1, aim 3+); Short content (488 words, ideal 500+); Title too long (137 chars, aim 30-65)",Slug or title matches evergreen series (Soul Snack / Feast / Seed / Wisdom Wednesday)
https://seatofthesoul.com/soul-feast-46-resisting-political-divisiveness-and-conforming-to-fear,KEEP,Soul Feast #46: Resisting Political Divisiveness and Conforming To Fear,Soul Feast,Authentic Power,Authentic Power; Love & Fear; Podcast; Responsible Choice,2025,2025-08-18,479,0,0,1,0,Soul Feast #46: Resisting Political Divisiveness and Conforming To Fear - The Seat of the Soul Institute,104,,0,52,"Add meta description (120-160 chars); Add more internal links (currently 1, aim 3+); Short content (479 words, ideal 500+); Title too long (104 chars, aim 30-65)",Slug or title matches evergreen series (Soul Snack / Feast / Seed / Wisdom Wednesday)
https://seatofthesoul.com/soul-feast-47-what-to-do-about-polarization-in-my-family-or-workplace,KEEP,Soul Feast #47: What to Do about Polarization in My Family or Workplace?,Soul Feast,Authentic Power,Authentic Power; Podcast; Responsible Choice,2025,2025-08-25,480,0,0,0,1,Soul Feast #47: What to Do about Polarization in My Family or Workplace? - The Seat of the Soul Institute,105,,0,42,"Add meta description (120-160 chars); Add internal links (currently 0, aim 3+); Short content (480 words, ideal 500+); Title too long (105 chars, aim 30-65)",Slug or title matches evergreen series (Soul Snack / Feast / Seed / Wisdom Wednesday)
https://seatofthesoul.com/soul-feast-48-are-current-world-events-the-cause-of-my-emotional-pain,KEEP,Soul Feast #48: Are Current World Events the Cause of My Emotional Pain?,Soul Feast,Authentic Power,Authentic Power; Judgment; Love & Fear; Podcast,2025,2025-09-01,390,0,0,1,1,Soul Feast #48: Are Current World Events the Cause of My Emotional Pain? - The Seat of the Soul Institute,105,,0,52,"Add meta description (120-160 chars); Add more internal links (currently 1, aim 3+); Short content (390 words, ideal 500+); Title too long (105 chars, aim 30-65)",Slug or title matches evergreen series (Soul Snack / Feast / Seed / Wisdom Wednesday)
https://seatofthesoul.com/soul-feast-49-whats-real-ai,KEEP,Soul Feast #49: What’s Real? AI,Soul Feast,Authentic Power,Authentic Power; Podcast; What's Real MiniSeries,2025,2025-09-08,395,0,0,0,1,Soul Feast #49: What's Real? AI - The Seat of the Soul Institute,64,,0,52,"Add meta description (120-160 chars); Add internal links (currently 0, aim 3+); Short content (395 words, ideal 500+)",Slug or title matches evergreen series (Soul Snack / Feast / Seed / Wisdom Wednesday)
https://seatofthesoul.com/how-can-we-understand-suicide,KEEP,Soul Snack # 34: How Can We Understand Suicide?,Soul Snack,Authentic Power,Authentic Power; Love & Fear; Personal Stories; Podcast,2025,2025-05-30,408,0,0,1,0,Soul Snack # 34: How Can We Understand Suicide? - The Seat of the Soul Institute,80,,0,52,"Add meta description (120-160 chars); Add more internal links (currently 1, aim 3+); Short content (408 words, ideal 500+); Title too long (80 chars, aim 30-65)",Slug or title matches evergreen series (Soul Snack / Feast / Seed / Wisdom Wednesday)
https://seatofthesoul.com/the-pain-of-powerlessness,KEEP,Soul Snack # 36: The Pain of Powerlessness,Soul Snack,Love & Fear,Love & Fear; Multisensory Perception; Podcast; The New Consciousness,2025,2025-06-13,390,0,0,1,0,Soul Snack # 36: The Pain of Powerlessness - The Seat of the Soul Institute,75,,0,52,"Add meta description (120-160 chars); Add more internal links (currently 1, aim 3+); Short content (390 words, ideal 500+); Title too long (75 chars, aim 30-65)",Slug or title matches evergreen series (Soul Snack / Feast / Seed / Wisdom Wednesday)
https://seatofthesoul.com/soul-snack-37-meditation-meeting-a-friend,KEEP,Soul Snack # 37: Guided Meditation (Meeting a Friend),Soul Snack,Love & Fear,Love & Fear; Multisensory Perception; Podcast; The New Consciousness,2025,2025-06-20,320,0,0,1,0,Soul Snack # 37: Guided Meditation (Meeting a Friend) - The Seat of the Soul Institute,86,,0,52,"Add meta description (120-160 chars); Add more internal links (currently 1, aim 3+); Short content (320 words, ideal 500+); Title too long (86 chars, aim 30-65)",Slug or title matches evergreen series (Soul Snack / Feast / Seed / Wisdom Wednesday)
https://seatofthesoul.com/soul-snack-38-guided-meditation-partnership-between-equals,KEEP,Soul Snack # 38: Guided Meditation (Partnership Between Equals),Soul Snack,Love & Fear,Love & Fear; Multisensory Perception; Podcast; The New Consciousness,2025,2025-06-27,354,0,0,0,1,Soul Snack # 38: Guided Meditation (Partnership Between Equals) - The Seat of the Soul Institute,96,,0,42,"Add meta description (120-160 chars); Add internal links (currently 0, aim 3+); Short content (354 words, ideal 500+); Title too long (96 chars, aim 30-65)",Slug or title matches evergreen series (Soul Snack / Feast / Seed / Wisdom Wednesday)
https://seatofthesoul.com/soul-snack-39-how-do-i-deal-with-a-bad-decision,KEEP,Soul Snack # 39: How Do I Deal with a “Bad” Decision (Someone Else’s),Soul Snack,Authentic Power Guidelines,Authentic Power Guidelines; Love & Fear; Multisensory Perception; Podcast,2025,2025-07-04,368,0,0,0,1,Soul Snack # 39: How Do I Deal with a “Bad” Decision (Someone Else’s) - The Seat of the Soul Institute,102,,0,42,"Add meta description (120-160 chars); Add internal links (currently 0, aim 3+); Short content (368 words, ideal 500+); Title too long (102 chars, aim 30-65)",Slug or title matches evergreen series (Soul Snack / Feast / Seed / Wisdom Wednesday)
https://seatofthesoul.com/letting-go-of-anger-and-resentment,KEEP,Soul Snack #13: Letting Go of Anger and Resentment,Soul Snack,Emotional Awareness,Emotional Awareness; Intentions; Podcast,2025,2025-01-03,259,0,0,0,1,Soul Snack #13: Letting Go of Anger and Resentment - The Seat of the Soul Institute,83,,0,30,"Add meta description (120-160 chars); Add internal links (currently 0, aim 3+); Thin content (259 words, expand past 300); Title too long (83 chars, aim 30-65)",Slug or title matches evergreen series (Soul Snack / Feast / Seed / Wisdom Wednesday)
https://seatofthesoul.com/freeing-yourself-of-painful-emotional-sensations,KEEP,Soul Snack #14: Freeing Yourself of Painful Emotional Sensations,Soul Snack,Emotional Awareness,Emotional Awareness; Podcast,2025,2025-01-10,228,0,0,0,1,Soul Snack #14: Freeing Yourself of Painful Emotional Sensations - The Seat of the Soul Institute,97,,0,30,"Add meta description (120-160 chars); Add internal links (currently 0, aim 3+); Thin content (228 words, expand past 300); Title too long (97 chars, aim 30-65)",Slug or title matches evergreen series (Soul Snack / Feast / Seed / Wisdom Wednesday)
https://seatofthesoul.com/being-present-when-interacting,KEEP,Soul Snack #15: Being Present When Interacting,Soul Snack,Authentic Power Guidelines,Authentic Power Guidelines; Podcast,2025,2025-01-17,278,0,0,1,0,Soul Snack #15: Being Present When Interacting - The Seat of the Soul Institute,79,,0,40,"Add meta description (120-160 chars); Add more internal links (currently 1, aim 3+); Thin content (278 words, expand past 300); Title too long (79 chars, aim 30-65)",Slug or title matches evergreen series (Soul Snack / Feast / Seed / Wisdom Wednesday)
https://seatofthesoul.com/experiences-of-multisensory-perception,KEEP,Soul Snack #16: Experiences of Multisensory Perception,Soul Snack,Intuition,Intuition; Multisensory Perception; Podcast,2025,2025-01-24,161,0,0,0,1,Soul Snack #16: Experiences of Multisensory Perception - The Seat of the Soul Institute,87,,0,30,"Add meta description (120-160 chars); Add internal links (currently 0, aim 3+); Thin content (161 words, expand past 300); Title too long (87 chars, aim 30-65)",Slug or title matches evergreen series (Soul Snack / Feast / Seed / Wisdom Wednesday)
https://seatofthesoul.com/how-to-grow-spiritually-when-depressed,KEEP,Soul Snack #17: How to Grow Spiritually When Depressed,Soul Snack,Emotional Awareness,Emotional Awareness; Love & Fear; Podcast,2025,2025-01-31,340,0,0,0,1,Soul Snack #17: How to Grow Spiritually When Depressed - The Seat of the Soul Institute,87,,0,42,"Add meta description (120-160 chars); Add internal links (currently 0, aim 3+); Short content (340 words, ideal 500+); Title too long (87 chars, aim 30-65)",Slug or title matches evergreen series (Soul Snack / Feast / Seed / Wisdom Wednesday)
https://seatofthesoul.com/can-talents-learned-in-past-lives-carry-over,KEEP,Soul Snack #18: Can Talents Learned in Past Lives Carry Over?,Soul Snack,Karma,Karma; Podcast,2025,2025-02-07,320,0,0,0,1,Soul Snack #18: Can Talents Learned in Past Lives Carry Over? - The Seat of the Soul Institute,94,,0,42,"Add meta description (120-160 chars); Add internal links (currently 0, aim 3+); Short content (320 words, ideal 500+); Title too long (94 chars, aim 30-65)",Slug or title matches evergreen series (Soul Snack / Feast / Seed / Wisdom Wednesday)
https://seatofthesoul.com/alcoholism-and-authentic-power,KEEP,Soul Snack #19 Alcoholism and Authentic Power,Soul Snack,Addiction,Addiction; Authentic Power; Podcast,2025,2025-02-14,319,0,0,1,0,Soul Snack #19 Alcoholism and Authentic Power - The Seat of the Soul Institute,78,,0,52,"Add meta description (120-160 chars); Add more internal links (currently 1, aim 3+); Short content (319 words, ideal 500+); Title too long (78 chars, aim 30-65)",Slug or title matches evergreen series (Soul Snack / Feast / Seed / Wisdom Wednesday)
https://seatofthesoul.com/distinguishing-your-personality-from-your-soul,KEEP,Soul Snack #20: Distinguishing Your Personality from Your Soul,Soul Snack,Authentic Power,Authentic Power; Multisensory Perception; Podcast,2025,2025-02-21,349,0,0,0,1,Soul Snack #20: Distinguishing Your Personality from Your Soul - The Seat of the Soul Institute,95,,0,42,"Add meta description (120-160 chars); Add internal links (currently 0, aim 3+); Short content (349 words, ideal 500+); Title too long (95 chars, aim 30-65)",Slug or title matches evergreen series (Soul Snack / Feast / Seed / Wisdom Wednesday)
https://seatofthesoul.com/challenge-a-frightened-part-of-my-personality,KEEP,Soul Snack #21: How Do I Challenge a Frightened Part of My Personality?,Soul Snack,Love & Fear,Love & Fear; Personal Stories; Podcast,2025,2025-02-28,331,0,0,1,0,Soul Snack #21: How Do I Challenge a Frightened Part of My Personality? - The Seat of the Soul Institute,104,,0,52,"Add meta description (120-160 chars); Add more internal links (currently 1, aim 3+); Short content (331 words, ideal 500+); Title too long (104 chars, aim 30-65)",Slug or title matches evergreen series (Soul Snack / Feast / Seed / Wisdom Wednesday)
https://seatofthesoul.com/garys-first-encounter-with-multi-sensory-perception,KEEP,Soul Snack #22: Gary’s First Encounter With Multi-Sensory Perception,Soul Snack,Multisensory Perception,Multisensory Perception; Personal Stories; Podcast,2025,2025-03-07,325,0,0,0,1,Soul Snack #22: Gary’s First Encounter With Multi-Sensory Perception - The Seat of the Soul Institute,101,,0,42,"Add meta description (120-160 chars); Add internal links (currently 0, aim 3+); Short content (325 words, ideal 500+); Title too long (101 chars, aim 30-65)",Slug or title matches evergreen series (Soul Snack / Feast / Seed / Wisdom Wednesday)
https://seatofthesoul.com/deeper-than-defensive,KEEP,Soul Snack #23: Deeper Than Defensive,Soul Snack,Emotional Awareness,Emotional Awareness; Love & Fear; Personal Stories; Podcast,2025,2025-03-14,341,0,0,1,0,Soul Snack #23: Deeper Than Defensive - The Seat of the Soul Institute,70,,0,52,"Add meta description (120-160 chars); Add more internal links (currently 1, aim 3+); Short content (341 words, ideal 500+); Title too long (70 chars, aim 30-65)",Slug or title matches evergreen series (Soul Snack / Feast / Seed / Wisdom Wednesday)
https://seatofthesoul.com/care-giving-vs-care-taking,KEEP,Soul Snack #24: Care-giving vs. Care-taking,Soul Snack,Emotional Awareness,Emotional Awareness; Love & Fear; Podcast,2025,2025-03-21,316,0,0,1,0,Soul Snack #24: Care-giving vs. Care-taking - The Seat of the Soul Institute,76,,0,52,"Add meta description (120-160 chars); Add more internal links (currently 1, aim 3+); Short content (316 words, ideal 500+); Title too long (76 chars, aim 30-65)",Slug or title matches evergreen series (Soul Snack / Feast / Seed / Wisdom Wednesday)
https://seatofthesoul.com/what-is-evil,KEEP,Soul Snack #25 – What is Evil?,Soul Snack,Love & Fear,Love & Fear; Podcast; Responsible Choice; The New Consciousness,2025,2025-03-28,357,0,0,0,1,Soul Snack #25 - What is Evil? - The Seat of the Soul Institute,63,,0,52,"Add meta description (120-160 chars); Add internal links (currently 0, aim 3+); Short content (357 words, ideal 500+)",Slug or title matches evergreen series (Soul Snack / Feast / Seed / Wisdom Wednesday)
https://seatofthesoul.com/how-do-i-heal-depression,KEEP,Soul Snack #26 – How Do I Heal Depression?,Soul Snack,Authentic Power,Authentic Power; Emotional Awareness; Love & Fear; Podcast,2025,2025-04-04,405,0,0,0,1,Soul Snack #26 - How Do I Heal Depression? - The Seat of the Soul Institute,75,,0,42,"Add meta description (120-160 chars); Add internal links (currently 0, aim 3+); Short content (405 words, ideal 500+); Title too long (75 chars, aim 30-65)",Slug or title matches evergreen series (Soul Snack / Feast / Seed / Wisdom Wednesday)
https://seatofthesoul.com/pay-attention-to-your-emotions,KEEP,Soul Snack #27: Pay Attention to Your Emotions,Soul Snack,Authentic Power,Authentic Power; Emotional Awareness; Love & Fear; Podcast,2025,2025-04-11,382,0,0,0,1,Soul Snack #27: Pay Attention to Your Emotions - The Seat of the Soul Institute,79,,0,42,"Add meta description (120-160 chars); Add internal links (currently 0, aim 3+); Short content (382 words, ideal 500+); Title too long (79 chars, aim 30-65)",Slug or title matches evergreen series (Soul Snack / Feast / Seed / Wisdom Wednesday)
https://seatofthesoul.com/underneath-reaction,KEEP,Soul Snack #28: Underneath Reaction,Soul Snack,Emotional Awareness,Emotional Awareness; Podcast; Responsible Choice,2025,2025-04-18,390,0,0,0,1,Soul Snack #28: Underneath Reaction - The Seat of the Soul Institute,68,,0,42,"Add meta description (120-160 chars); Add internal links (currently 0, aim 3+); Short content (390 words, ideal 500+); Title too long (68 chars, aim 30-65)",Slug or title matches evergreen series (Soul Snack / Feast / Seed / Wisdom Wednesday)
https://seatofthesoul.com/supporting-vs-projecting,KEEP,Soul Snack #29: Supporting vs. Projecting,Soul Snack,Emotional Awareness,Emotional Awareness; Podcast; Spiritual Partnership,2025,2025-04-25,393,0,0,1,0,Soul Snack #29: Supporting vs. Projecting - The Seat of the Soul Institute,74,,0,52,"Add meta description (120-160 chars); Add more internal links (currently 1, aim 3+); Short content (393 words, ideal 500+); Title too long (74 chars, aim 30-65)",Slug or title matches evergreen series (Soul Snack / Feast / Seed / Wisdom Wednesday)
https://seatofthesoul.com/when-are-boundaries-necessary,KEEP,Soul Snack #30: When Are Boundaries Necessary?,Soul Snack,Emotional Awareness,Emotional Awareness; Personal Stories; Podcast,2025,2025-05-02,397,0,0,1,0,Soul Snack #30: When Are Boundaries Necessary? - The Seat of the Soul Institute,79,,0,52,"Add meta description (120-160 chars); Add more internal links (currently 1, aim 3+); Short content (397 words, ideal 500+); Title too long (79 chars, aim 30-65)",Slug or title matches evergreen series (Soul Snack / Feast / Seed / Wisdom Wednesday)
https://seatofthesoul.com/relating-to-someone-who-is-negative,KEEP,Soul Snack #31: Relating to Someone Who is Negative,Soul Snack,Authentic Power,Authentic Power; Emotional Awareness; Podcast,2025,2025-05-09,362,0,0,1,0,Soul Snack #31: Relating to Someone Who is Negative - The Seat of the Soul Institute,84,,0,52,"Add meta description (120-160 chars); Add more internal links (currently 1, aim 3+); Short content (362 words, ideal 500+); Title too long (84 chars, aim 30-65)",Slug or title matches evergreen series (Soul Snack / Feast / Seed / Wisdom Wednesday)
https://seatofthesoul.com/what-inspired-gary-to-change,KEEP,Soul Snack #33: What Inspired Gary to Change?,Soul Snack,Authentic Power,Authentic Power; Emotional Awareness; Personal Stories; Podcast,2025,2025-05-23,337,0,0,1,0,Soul Snack #33: What Inspired Gary to Change? - The Seat of the Soul Institute,78,,0,52,"Add meta description (120-160 chars); Add more internal links (currently 1, aim 3+); Short content (337 words, ideal 500+); Title too long (78 chars, aim 30-65)",Slug or title matches evergreen series (Soul Snack / Feast / Seed / Wisdom Wednesday)
https://seatofthesoul.com/can-healing-be-spontaneous,KEEP,Soul Snack #35: Can Healing Be Spontaneous?,Soul Snack,Emotional Awareness,Emotional Awareness; Intentions; Podcast,2025,2025-06-06,410,0,0,0,1,Soul Snack #35: Can Healing Be Spontaneous? - The Seat of the Soul Institute,76,,0,42,"Add meta description (120-160 chars); Add internal links (currently 0, aim 3+); Short content (410 words, ideal 500+); Title too long (76 chars, aim 30-65)",Slug or title matches evergreen series (Soul Snack / Feast / Seed / Wisdom Wednesday)
https://seatofthesoul.com/soul-snack-40-how-do-i-change-my-self-destructive-behaviors,KEEP,Soul Snack #40: How Do I Change My Self-Destructive Behaviors?,Soul Snack,Authentic Power Guidelines,Authentic Power Guidelines; Love & Fear; Multisensory Perception; Podcast,2025,2025-07-11,420,0,0,1,0,Soul Snack #40: How Do I Change My Self-Destructive Behaviors? - The Seat of the Soul Institute,95,,0,52,"Add meta description (120-160 chars); Add more internal links (currently 1, aim 3+); Short content (420 words, ideal 500+); Title too long (95 chars, aim 30-65)",Slug or title matches evergreen series (Soul Snack / Feast / Seed / Wisdom Wednesday)
https://seatofthesoul.com/soul-snack-41-psychology-balancing-a-shattered-soul,KEEP,Soul Snack #41:  Psychology – Balancing a Shattered Soul,Soul Snack,Authentic Power Guidelines,Authentic Power Guidelines; Emotional Awareness; Multisensory Perception; Podcast; Responsible Choice,2025,2025-07-18,416,0,0,0,1,Soul Snack #41: Psychology - Balancing a Shattered Soul - The Seat of the Soul Institute,88,,0,42,"Add meta description (120-160 chars); Add internal links (currently 0, aim 3+); Short content (416 words, ideal 500+); Title too long (88 chars, aim 30-65)",Slug or title matches evergreen series (Soul Snack / Feast / Seed / Wisdom Wednesday)
https://seatofthesoul.com/soul-snack-42-spiritual-growth-requires-relationships,KEEP,Soul Snack #42: Spiritual Growth Requires Relationships,Soul Snack,Authentic Power,Authentic Power; Emotional Awareness; Podcast; Responsible Choice,2025,2025-07-25,371,0,0,1,0,Soul Snack #42: Spiritual Growth Requires Relationships - The Seat of the Soul Institute,88,,0,52,"Add meta description (120-160 chars); Add more internal links (currently 1, aim 3+); Short content (371 words, ideal 500+); Title too long (88 chars, aim 30-65)",Slug or title matches evergreen series (Soul Snack / Feast / Seed / Wisdom Wednesday)
https://seatofthesoul.com/soul-snack-43-how-can-i-be-authentic-and-grieve-a-loss,KEEP,Soul Snack #43: How Can I Be Authentic and Grieve a Loss?,Soul Snack,Authentic Power,Authentic Power; Emotional Awareness; Podcast,2025,2025-08-01,430,0,0,0,0,Soul Snack #43: How Can I Be Authentic and Grieve a Loss? - The Seat of the Soul Institute,90,,0,42,"Add meta description (120-160 chars); Add internal links (currently 0, aim 3+); Short content (430 words, ideal 500+); Title too long (90 chars, aim 30-65)",Slug or title matches evergreen series (Soul Snack / Feast / Seed / Wisdom Wednesday)
https://seatofthesoul.com/soul-snack-44-unsplinter-your-personality,KEEP,Soul Snack #44: Unsplinter Your Personality,Soul Snack,Authentic Power,Authentic Power; Emotional Awareness; Podcast,2025,2025-08-08,435,0,0,0,0,Soul Snack #44: Unsplinter Your Personality - The Seat of the Soul Institute,76,,0,42,"Add meta description (120-160 chars); Add internal links (currently 0, aim 3+); Short content (435 words, ideal 500+); Title too long (76 chars, aim 30-65)",Slug or title matches evergreen series (Soul Snack / Feast / Seed / Wisdom Wednesday)
https://seatofthesoul.com/soul-snack-45-energy-into-matter-2,KEEP,Soul Snack #45: Energy Into Matter,Soul Snack,Authentic Power,Authentic Power; Intentions; Podcast; Responsible Choice,2025,2025-08-16,480,0,0,1,0,Soul Snack #45: Energy Into Matter - The Seat of the Soul Institute,67,,0,52,"Add meta description (120-160 chars); Add more internal links (currently 1, aim 3+); Short content (480 words, ideal 500+); Title too long (67 chars, aim 30-65)",Slug or title matches evergreen series (Soul Snack / Feast / Seed / Wisdom Wednesday)
https://seatofthesoul.com/soul-snack-46-addiction-and-spiritual-growth,KEEP,Soul Snack #46: Addiction and Spiritual Growth,Soul Snack,Addiction,Addiction; Authentic Power; Podcast,2025,2025-08-22,368,0,0,1,0,Soul Snack #46: Addiction and Spiritual Growth - The Seat of the Soul Institute,79,,0,52,"Add meta description (120-160 chars); Add more internal links (currently 1, aim 3+); Short content (368 words, ideal 500+); Title too long (79 chars, aim 30-65)",Slug or title matches evergreen series (Soul Snack / Feast / Seed / Wisdom Wednesday)
https://seatofthesoul.com/soul-snack-47-how-to-trust,KEEP,Soul Snack #47: How to Trust: Part 1,Soul Snack,Authentic Power,Authentic Power; Intentions; Podcast; The New Consciousness,2025,2025-08-29,395,0,0,0,1,Soul Snack #47: How to Trust: Part 1 - The Seat of the Soul Institute,69,,0,42,"Add meta description (120-160 chars); Add internal links (currently 0, aim 3+); Short content (395 words, ideal 500+); Title too long (69 chars, aim 30-65)",Slug or title matches evergreen series (Soul Snack / Feast / Seed / Wisdom Wednesday)
https://seatofthesoul.com/soul-snack-48-how-to-trust-2,KEEP,Soul Snack #48: How to Trust: Part 2,Soul Snack,Authentic Power,Authentic Power; Intentions; Podcast; The New Consciousness,2025,2025-09-05,441,0,0,1,0,Soul Snack #48: How to Trust: Part 2 - The Seat of the Soul Institute,69,,0,52,"Add meta description (120-160 chars); Add more internal links (currently 1, aim 3+); Short content (441 words, ideal 500+); Title too long (69 chars, aim 30-65)",Slug or title matches evergreen series (Soul Snack / Feast / Seed / Wisdom Wednesday)
https://seatofthesoul.com/soul-snack-49-how-can-i-make-amends-for-past-behaviors,KEEP,Soul Snack #49: How Can I Make Amends for Past Behaviors?,Soul Snack,Authentic Power,Authentic Power; Podcast; Responsible Choice,2025,2025-09-12,389,0,0,1,0,Soul Snack #49: How Can I Make Amends for Past Behaviors? - The Seat of the Soul Institute,90,,0,52,"Add meta description (120-160 chars); Add more internal links (currently 1, aim 3+); Short content (389 words, ideal 500+); Title too long (90 chars, aim 30-65)",Slug or title matches evergreen series (Soul Snack / Feast / Seed / Wisdom Wednesday)
https://seatofthesoul.com/staying-present,KEEP,Soul Snack#32: Staying Present,Soul Snack,Emotional Awareness,Emotional Awareness; Podcast,2025,2025-05-16,412,0,0,1,0,Soul Snack#32: Staying Present - The Seat of the Soul Institute,63,,0,62,"Add meta description (120-160 chars); Add more internal links (currently 1, aim 3+); Short content (412 words, ideal 500+)",Slug or title matches evergreen series (Soul Snack / Feast / Seed / Wisdom Wednesday)
https://seatofthesoul.com/emotional-awareness-what-it-is-and-how-to-use-it,KEEP,Soul Feast # 5: Emotional Awareness – What It Is and How to Use It,Soul Feast,Emotional Awareness,Emotional Awareness; Podcast,2024,2024-11-04,263,0,0,0,1,Soul Feast # 5: Emotional Awareness - What It Is and How to Use It - The Seat of the Soul Institute,99,,0,30,"Add meta description (120-160 chars); Add internal links (currently 0, aim 3+); Thin content (263 words, expand past 300); Title too long (99 chars, aim 30-65)",Slug or title matches evergreen series (Soul Snack / Feast / Seed / Wisdom Wednesday)
https://seatofthesoul.com/cooperation-your-souls-intention,KEEP,Soul Feast #10: Cooperation: Your Soul’s Intention,Soul Feast,Intentions,Intentions; Podcast; Uncategorized,2024,2024-12-09,289,0,0,0,1,Soul Feast #10: Cooperation: Your Soul’s Intention - The Seat of the Soul Institute,83,,0,30,"Add meta description (120-160 chars); Add internal links (currently 0, aim 3+); Thin content (289 words, expand past 300); Title too long (83 chars, aim 30-65)",Slug or title matches evergreen series (Soul Snack / Feast / Seed / Wisdom Wednesday)
https://seatofthesoul.com/reverence-for-life,KEEP,Soul Feast #11: Reverence for Life: Your Soul’s Intention,Soul Feast,Authentic Power Guidelines,Authentic Power Guidelines; Podcast,2024,2024-12-16,304,0,0,0,1,Soul Feast #11: Reverence for Life: Your Soul’s Intention - The Seat of the Soul Institute,90,,0,42,"Add meta description (120-160 chars); Add internal links (currently 0, aim 3+); Short content (304 words, ideal 500+); Title too long (90 chars, aim 30-65)",Slug or title matches evergreen series (Soul Snack / Feast / Seed / Wisdom Wednesday)
https://seatofthesoul.com/why-humbleness-is-the-superpower-of-everyday-heroes,KEEP,Soul Feast #12: Why Humbleness Is the Superpower of Everyday Heroes,Soul Feast,Authentic Power,Authentic Power; Podcast,2024,2024-12-23,342,0,0,1,0,Soul Feast #12: Why Humbleness Is the Superpower of Everyday Heroes - The Seat of the Soul Institute,100,,0,52,"Add meta description (120-160 chars); Add more internal links (currently 1, aim 3+); Short content (342 words, ideal 500+); Title too long (100 chars, aim 30-65)",Slug or title matches evergreen series (Soul Snack / Feast / Seed / Wisdom Wednesday)
https://seatofthesoul.com/use-clarity-and-choose-love,KEEP,Soul Feast #13: Use Clarity and Choose Love!,Soul Feast,Authentic Power,Authentic Power; Authentic Power Guidelines; Love & Fear; Podcast,2024,2024-12-30,316,0,0,1,0,Soul Feast #13: Use Clarity and Choose Love! - The Seat of the Soul Institute,77,,0,52,"Add meta description (120-160 chars); Add more internal links (currently 1, aim 3+); Short content (316 words, ideal 500+); Title too long (77 chars, aim 30-65)",Slug or title matches evergreen series (Soul Snack / Feast / Seed / Wisdom Wednesday)
https://seatofthesoul.com/how-oprah-called,KEEP,Soul Feast #1: How Is It That Oprah Called You?,Soul Feast,Personal Stories,Personal Stories; Podcast,2024,2024-10-07,323,0,0,0,0,Soul Feast #1: How Is It That Oprah Called You? - The Seat of the Soul Institute,80,"Discover the profound insights of Gary Zukav, a renowned author who gained national recognition through his work with Oprah. Explore the transformative connection between personality and soul, using the sailing ship metaphor to navigate life's meaning and purpose. Experience the spiritual energy of Mount Shasta, a hub for outdoor activities, while embracing gratitude in all aspects of life.",393,52,"Meta description too long (393 chars, aim 120-160); Add internal links (currently 0, aim 3+); Short content (323 words, ideal 500+); Title too long (80 chars, aim 30-65)",Slug or title matches evergreen series (Soul Snack / Feast / Seed / Wisdom Wednesday)
https://seatofthesoul.com/inspiration-for-the-seat-of-the-soul,KEEP,Soul Feast #2: Where Did the Inspiration for “The Seat of the Soul” Come From?,Soul Feast,Personal Stories,Personal Stories; Podcast,2024,2024-10-14,326,0,0,1,0,"Soul Feast #2: Where Did the Inspiration for ""The Seat of the Soul"" Come From? - The Seat of the Soul Institute",111,,0,52,"Add meta description (120-160 chars); Add more internal links (currently 1, aim 3+); Short content (326 words, ideal 500+); Title too long (111 chars, aim 30-65)",Slug or title matches evergreen series (Soul Snack / Feast / Seed / Wisdom Wednesday)
https://seatofthesoul.com/what-is-the-new-consciousness,KEEP,Soul Feast #3: What is The New Consciousness?,Soul Feast,Podcast,Podcast; The New Consciousness,2024,2024-10-21,281,0,0,0,1,Soul Feast #3: What is The New Consciousness? - The Seat of the Soul Institute,78,,0,30,"Add meta description (120-160 chars); Add internal links (currently 0, aim 3+); Thin content (281 words, expand past 300); Title too long (78 chars, aim 30-65)",Slug or title matches evergreen series (Soul Snack / Feast / Seed / Wisdom Wednesday)
https://seatofthesoul.com/creating-authentic-power-introduction,KEEP,Soul Feast #4: Creating Authentic Power – Introduction,Soul Feast,Authentic Power,Authentic Power; Podcast,2024,2024-10-28,327,0,0,0,1,Soul Feast #4: Creating Authentic Power - Introduction - The Seat of the Soul Institute,87,,0,42,"Add meta description (120-160 chars); Add internal links (currently 0, aim 3+); Short content (327 words, ideal 500+); Title too long (87 chars, aim 30-65)",Slug or title matches evergreen series (Soul Snack / Feast / Seed / Wisdom Wednesday)
https://seatofthesoul.com/soul-feast-6-responsible-choice-conscious-decisions,KEEP,Soul Feast #6: Responsible Choice – Creating a Life of Love Through Conscious Decisions,Soul Feast,Podcast,Podcast; Responsible Choice,2024,2024-11-11,245,0,0,1,0,Soul Feast #6: Responsible Choice - Creating a Life of Love Through Conscious Decisions - The Seat of the Soul Institute,120,,0,40,"Add meta description (120-160 chars); Add more internal links (currently 1, aim 3+); Thin content (245 words, expand past 300); Title too long (120 chars, aim 30-65)",Slug or title matches evergreen series (Soul Snack / Feast / Seed / Wisdom Wednesday)
https://seatofthesoul.com/soul-feast-7-intuition-non-physical-teachers,KEEP,Soul Feast #7: Intuition & Non-Physical Teachers,Soul Feast,Intuition,Intuition; Podcast; Uncategorized,2024,2024-11-18,280,0,0,0,1,Soul Feast #7: Intuition & Non-Physical Teachers - The Seat of the Soul Institute,81,,0,30,"Add meta description (120-160 chars); Add internal links (currently 0, aim 3+); Thin content (280 words, expand past 300); Title too long (81 chars, aim 30-65)",Slug or title matches evergreen series (Soul Snack / Feast / Seed / Wisdom Wednesday)
https://seatofthesoul.com/harmony-your-souls-intention,KEEP,Soul Feast #8: Harmony: Your Soul’s Intention,Soul Feast,Authentic Power Guidelines,Authentic Power Guidelines; Podcast,2024,2024-11-25,276,0,0,1,0,Soul Feast #8: Harmony: Your Soul’s Intention - The Seat of the Soul Institute,78,,0,40,"Add meta description (120-160 chars); Add more internal links (currently 1, aim 3+); Thin content (276 words, expand past 300); Title too long (78 chars, aim 30-65)",Slug or title matches evergreen series (Soul Snack / Feast / Seed / Wisdom Wednesday)
https://seatofthesoul.com/sharing-your-souls-intention,KEEP,Soul Feast #9: Sharing: Your Soul’s Intention,Soul Feast,Intentions,Intentions; Podcast,2024,2024-12-02,326,0,0,1,0,Soul Feast #9: Sharing: Your Soul’s Intention - The Seat of the Soul Institute,78,,0,52,"Add meta description (120-160 chars); Add more internal links (currently 1, aim 3+); Short content (326 words, ideal 500+); Title too long (78 chars, aim 30-65)",Slug or title matches evergreen series (Soul Snack / Feast / Seed / Wisdom Wednesday)
https://seatofthesoul.com/how-do-i-change-the-way-i-process-energy,KEEP,Soul Snack #10: How do I change the way I process energy?,Soul Snack,Emotional Awareness,Emotional Awareness; Podcast,2024,2024-12-13,265,0,0,1,0,Soul Snack #10: How do I change the way I process energy? - The Seat of the Soul Institute,90,,0,40,"Add meta description (120-160 chars); Add more internal links (currently 1, aim 3+); Thin content (265 words, expand past 300); Title too long (90 chars, aim 30-65)",Slug or title matches evergreen series (Soul Snack / Feast / Seed / Wisdom Wednesday)
https://seatofthesoul.com/responding-to-anger-with-love,KEEP,Soul Snack #11: Responding to Anger with Love,Soul Snack,Love & Fear,Love & Fear; Podcast,2024,2024-12-20,263,0,0,1,0,Soul Snack #11: Responding to Anger with Love - The Seat of the Soul Institute,78,,0,40,"Add meta description (120-160 chars); Add more internal links (currently 1, aim 3+); Thin content (263 words, expand past 300); Title too long (78 chars, aim 30-65)",Slug or title matches evergreen series (Soul Snack / Feast / Seed / Wisdom Wednesday)
https://seatofthesoul.com/developing-compassion-the-heart-of-authentic-power,KEEP,Soul Snack #12: Developing Compassion: The Heart of Authentic Power,Soul Snack,Authentic Power,Authentic Power; Authentic Power Guidelines; Podcast,2024,2024-12-27,274,0,0,0,1,Soul Snack #12: Developing Compassion: The Heart of Authentic Power - The Seat of the Soul Institute,100,,0,30,"Add meta description (120-160 chars); Add internal links (currently 0, aim 3+); Thin content (274 words, expand past 300); Title too long (100 chars, aim 30-65)",Slug or title matches evergreen series (Soul Snack / Feast / Seed / Wisdom Wednesday)
https://seatofthesoul.com/giving-your-gifts,KEEP,Soul Snack #1: Giving Your Gifts,Soul Snack,Meditation,Meditation; Podcast,2024,2024-10-11,221,0,0,0,0,Soul Snack #1: Giving Your Gifts - The Seat of the Soul Institute,65,,0,40,"Add meta description (120-160 chars); Add internal links (currently 0, aim 3+); Thin content (221 words, expand past 300)",Slug or title matches evergreen series (Soul Snack / Feast / Seed / Wisdom Wednesday)
https://seatofthesoul.com/higher-logic-of-the-heart,KEEP,Soul Snack #2: The Higher Logic of the Heart,Soul Snack,Emotional Awareness,Emotional Awareness; Podcast; Responsible Choice,2024,2024-10-18,239,0,0,0,1,Soul Snack #2: The Higher Logic of the Heart - The Seat of the Soul Institute,77,,0,30,"Add meta description (120-160 chars); Add internal links (currently 0, aim 3+); Thin content (239 words, expand past 300); Title too long (77 chars, aim 30-65)",Slug or title matches evergreen series (Soul Snack / Feast / Seed / Wisdom Wednesday)
https://seatofthesoul.com/ocean-meditation,KEEP,Soul Snack #3: The Ocean Meditation,Soul Snack,Meditation,Meditation; Podcast,2024,2024-10-25,143,0,0,0,0,Soul Snack #3: The Ocean Meditation - The Seat of the Soul Institute,68,,0,30,"Add meta description (120-160 chars); Add internal links (currently 0, aim 3+); Thin content (143 words, expand past 300); Title too long (68 chars, aim 30-65)",Slug or title matches evergreen series (Soul Snack / Feast / Seed / Wisdom Wednesday)
https://seatofthesoul.com/the-voice-of-the-non-physical-world,KEEP,Soul Snack #4: Intuition is the Voice of the Non-Physical World,Soul Snack,Intuition,Intuition; Podcast,2024,2024-11-01,215,0,0,0,0,Soul Snack #4: Intuition is the Voice of the Non-Physical World - The Seat of the Soul Institute,96,,0,30,"Add meta description (120-160 chars); Add internal links (currently 0, aim 3+); Thin content (215 words, expand past 300); Title too long (96 chars, aim 30-65)",Slug or title matches evergreen series (Soul Snack / Feast / Seed / Wisdom Wednesday)
https://seatofthesoul.com/meditation-your-choices-shape-your-life,KEEP,Soul Snack #5: Guided Meditation – Your Choices Shape Your Life,Soul Snack,Meditation,Meditation; Podcast; Responsible Choice,2024,2024-11-08,210,0,0,0,0,Soul Snack #5: Guided Meditation - Your Choices Shape Your Life - The Seat of the Soul Institute,96,,0,30,"Add meta description (120-160 chars); Add internal links (currently 0, aim 3+); Thin content (210 words, expand past 300); Title too long (96 chars, aim 30-65)",Slug or title matches evergreen series (Soul Snack / Feast / Seed / Wisdom Wednesday)
https://seatofthesoul.com/soul-snack-6-creating-authentic-power-mastering-fear-choosing-love,KEEP,Soul Snack #6: Creating Authentic Power – Mastering Fear & Choosing Love,Soul Snack,Authentic Power,Authentic Power; Love & Fear; Podcast,2024,2024-11-15,217,0,0,0,0,Soul Snack #6: Creating Authentic Power - Mastering Fear & Choosing Love - The Seat of the Soul Institute,105,,0,30,"Add meta description (120-160 chars); Add internal links (currently 0, aim 3+); Thin content (217 words, expand past 300); Title too long (105 chars, aim 30-65)",Slug or title matches evergreen series (Soul Snack / Feast / Seed / Wisdom Wednesday)
https://seatofthesoul.com/authentic-power-guided-meditation,KEEP,Soul Snack #7: Guided Meditation for Authentic Power,Soul Snack,Authentic Power,Authentic Power; Meditation; Podcast,2024,2024-11-22,182,0,0,0,0,Soul Snack #7: Guided Meditation for Authentic Power - The Seat of the Soul Institute,85,,0,30,"Add meta description (120-160 chars); Add internal links (currently 0, aim 3+); Thin content (182 words, expand past 300); Title too long (85 chars, aim 30-65)",Slug or title matches evergreen series (Soul Snack / Feast / Seed / Wisdom Wednesday)
https://seatofthesoul.com/frightened-parts-of-your-personality,KEEP,Soul Snack #8: Recognizing Frightened Parts of Your Personality,Soul Snack,Love & Fear,Love & Fear; Meditation; Podcast,2024,2024-11-29,203,0,0,0,1,Soul Snack #8: Recognizing Frightened Parts of Your Personality - The Seat of the Soul Institute,96,,0,30,"Add meta description (120-160 chars); Add internal links (currently 0, aim 3+); Thin content (203 words, expand past 300); Title too long (96 chars, aim 30-65)",Slug or title matches evergreen series (Soul Snack / Feast / Seed / Wisdom Wednesday)
https://seatofthesoul.com/we-are-souls,KEEP,Soul Snack #9: We Are Souls,Soul Snack,Intentions,Intentions; Podcast,2024,2024-12-06,291,0,0,0,1,Soul Snack #9: We Are Souls - The Seat of the Soul Institute,60,,0,40,"Add meta description (120-160 chars); Add internal links (currently 0, aim 3+); Thin content (291 words, expand past 300)",Slug or title matches evergreen series (Soul Snack / Feast / Seed / Wisdom Wednesday)
