url,sitemap,status,final_url,elapsed_ms,page_kb,title,title_len,meta_description,meta_description_len,h1,h1_count,h2_count,canonical,lang,robots_meta,og_title,og_description,og_image,twitter_card,jsonld_types,word_count_approx,imgs_total,imgs_no_alt,internal_links,external_links,ga4_ids,ua_ids,gtm_ids,fb_pixel_ids,hotjar_ids,gsc_verification,audit_severity,audit_notes
https://seatofthesoul.com/honoring-maya-angelou-2/,post,200,https://seatofthesoul.com/honoring-maya-angelou-2/,1437,91.5,Honoring Maya Angelou - The Seat of the Soul Institute,54,,0,Honoring Maya Angelou,1,5,https://seatofthesoul.com/honoring-maya-angelou-2/,en-US,"index, follow, max-image-preview:large, max-snippet:-1, max-video-preview:-1",Honoring Maya Angelou - The Seat of the Soul Institute,"Before Linda and I flew to North Carolina to interview Dr. Maya Angelo, Oprah advised us in a way that told us she was speaking from experience, “Don’t call her Maya unless she gives you permission.” We followed her advice, which was easy to do. She was as gracious as she was grounded. Her smile […]",https://seatofthesoul.com/wp-content/uploads/2021/03/The-Compassion-Virus.jpg,summary_large_image,Article|BreadcrumbList|ImageObject|Organization|Person|WebPage|WebSite,746,4,2,35,3,G-PZH9QMWR4R,UA-200510356-1,,630056102333543,,,MEDIUM,missing meta description; 2/4 imgs missing alt
https://seatofthesoul.com/im-thankful-network-seattle/,post,200,https://seatofthesoul.com/im-thankful-network-seattle/,1013,94.0,I’m Thankful Network – Seattle - The Seat of the Soul Institute,63,,0,I’m Thankful Network – Seattle,1,6,https://seatofthesoul.com/im-thankful-network-seattle/,en-US,"index, follow, max-image-preview:large, max-snippet:-1, max-video-preview:-1",I’m Thankful Network – Seattle - The Seat of the Soul Institute,"Listen now – or, use this link to download the mp3 file so you can play it later  Gary Zukav on I’m Thankful Radio You are a powerful, creative, and compassionate spirit. What you create, you experience. Learn how to distinguish love from fear, and choose love! An enlightening one-hour interview with Sue Lundquist on Radio for Inspiration, […]",,summary_large_image,Article|BreadcrumbList|Organization|Person|WebPage|WebSite,256,3,1,36,3,G-PZH9QMWR4R,UA-200510356-1,,630056102333543,,,MEDIUM,missing meta description; 1/3 imgs missing alt
https://seatofthesoul.com/moments-with-marianne-internet/,post,200,https://seatofthesoul.com/moments-with-marianne-internet/,1606,93.9,Moments with Marianne - Internet - The Seat of the Soul Institute,65,,0,Moments with Marianne – Internet,1,6,https://seatofthesoul.com/moments-with-marianne-internet/,en-US,"index, follow, max-image-preview:large, max-snippet:-1, max-video-preview:-1",Moments with Marianne - Internet - The Seat of the Soul Institute,"Listen now – Are you searching for authentic power? Authentic Power is the alignment of your personality with your soul and it is a new vision of power and hope in this time of extraordinary transformation. Universal Human gives us new tools to grow spiritually and shows us how to transform everyday experiences of hopelessness, […]",,summary_large_image,Article|BreadcrumbList|Organization|Person|WebPage|WebSite,271,3,1,35,3,G-PZH9QMWR4R,UA-200510356-1,,630056102333543,,,MEDIUM,missing meta description; 1/3 imgs missing alt
https://seatofthesoul.com/rhythm-flow-radio-dallas/,post,200,https://seatofthesoul.com/rhythm-flow-radio-dallas/,1031,94.0,Rhythm and Flow  Radio - Dallas - The Seat of the Soul Institute,64,,0,Rhythm and Flow Radio – Dallas,1,6,https://seatofthesoul.com/rhythm-flow-radio-dallas/,en-US,"index, follow, max-image-preview:large, max-snippet:-1, max-video-preview:-1",Rhythm and Flow  Radio - Dallas - The Seat of the Soul Institute,"Listen now – or, use this link to download the mp3 file so you can play it later  Gary Zukav on that Celebrity Interview What are you learning in your relationships? Listen as Gary shares how to use all of your relationships as vehicles to change your life. An inspiring 20-minute interview with Valder Beebe on Rhythm […]",,summary_large_image,Article|BreadcrumbList|Organization|Person|WebPage|WebSite,255,3,1,36,3,G-PZH9QMWR4R,UA-200510356-1,,630056102333543,,,MEDIUM,missing meta description; 1/3 imgs missing alt
https://seatofthesoul.com/the-new-male-and-authentic-power-internet/,post,200,https://seatofthesoul.com/the-new-male-and-authentic-power-internet/,1033,94.5,The New Male and Authentic Power – Internet - The Seat of the Soul Institute,76,,0,The New Male and Authentic Power – Internet,1,6,https://seatofthesoul.com/the-new-male-and-authentic-power-internet/,en-US,"index, follow, max-image-preview:large, max-snippet:-1, max-video-preview:-1",The New Male and Authentic Power – Internet - The Seat of the Soul Institute,"Listen now – or, use this link to download the mp3 file so you can play it later Gary Zukav on the Ultimate Men’s SummitIn this amazing interview for THE ULTIMATE MEN’S SUMMIT, Gary gives both men and women an overview of the emerging New Male and New Female, what they are looking for, and […]",,summary_large_image,Article|BreadcrumbList|Organization|Person|WebPage|WebSite,315,3,1,36,3,G-PZH9QMWR4R,UA-200510356-1,,630056102333543,,,MEDIUM,title length 76 (target 25–65); missing meta description; 1/3 imgs missing alt
https://seatofthesoul.com/the-catherine-bradford-show-seattle/,post,200,https://seatofthesoul.com/the-catherine-bradford-show-seattle/,1004,94.1,The Catherine Bradford Show – Seattle - The Seat of the Soul Institute,70,,0,The Catherine Bradford Show – Seattle,1,6,https://seatofthesoul.com/the-catherine-bradford-show-seattle/,en-US,"index, follow, max-image-preview:large, max-snippet:-1, max-video-preview:-1",The Catherine Bradford Show – Seattle - The Seat of the Soul Institute,"Listen now – or, use this link to download the mp3 file so you can play it later  Gary Zukav on the Catherine Bradford ShowWith the transformation in consciousness comes a new form of relationship, a new definition of equality, and a new way of being. What will you do with your multisensory awareness? An […]",,summary_large_image,Article|BreadcrumbList|Organization|Person|WebPage|WebSite,263,3,1,36,3,G-PZH9QMWR4R,UA-200510356-1,,630056102333543,,,MEDIUM,title length 70 (target 25–65); missing meta description; 1/3 imgs missing alt
https://seatofthesoul.com/gary-zukav-and-linda-francis-share-their-insight/,post,200,https://seatofthesoul.com/gary-zukav-and-linda-francis-share-their-insight/,1280,125.7,Gary Zukav and Linda Francis Share Their Insight - The Seat of the Soul Institute,81,,0,Gary Zukav and Linda Francis Share Their Insight,1,7,https://seatofthesoul.com/gary-zukav-and-linda-francis-share-their-insight/,en-US,"index, follow, max-image-preview:large, max-snippet:-1, max-video-preview:-1",Gary Zukav and Linda Francis Share Their Insight - The Seat of the Soul Institute,"An Interview With Bonnie Goldberg I had the great pleasure of speaking with Gary Zukav, author of The Seat of the Soul, and his spiritual partner Linda Francis. I am delighted to share with you their beautiful insight. B: I’ve heard you talk about authentic power. What do you mean by authentic power? GZ: Life with […]",https://seatofthesoul.com/wp-content/uploads/2021/05/garylinda.jpg,summary_large_image,Article|BreadcrumbList|ImageObject|Organization|Person|WebPage|WebSite,4112,4,2,34,3,G-PZH9QMWR4R,UA-200510356-1,,630056102333543,,,MEDIUM,title length 81 (target 25–65); missing meta description; 2/4 imgs missing alt
https://seatofthesoul.com/the-ongoing-conversation/,post,200,https://seatofthesoul.com/the-ongoing-conversation/,819,101.6,The Ongoing Conversation - The Seat of the Soul Institute,57,,0,The Ongoing Conversation,1,6,https://seatofthesoul.com/the-ongoing-conversation/,en-US,"index, follow, max-image-preview:large, max-snippet:-1, max-video-preview:-1",The Ongoing Conversation - The Seat of the Soul Institute,"https://youtu.be/YktHjvcDWI4 The Ongoing Conversation Since 1998, bestselling author Gary Zukav has joined Oprah Winfrey 34 times on her show. The result is an engaging, ongoing conversation between Gary and Oprah that has deeply inspired millions. I am delighted to announce my talk with Oprah Winfrey from the Super Soul Sessions in April, 2017, is now […]",https://seatofthesoul.com/wp-content/uploads/2021/05/oprah-1.jpg,summary_large_image,Article|BreadcrumbList|ImageObject|Organization|Person|WebPage|WebSite,619,3,1,34,25,G-PZH9QMWR4R,UA-200510356-1,,630056102333543,,,MEDIUM,missing meta description; 1/3 imgs missing alt
https://seatofthesoul.com/what-gives-you-meaning-in-your-life/,post,200,https://seatofthesoul.com/what-gives-you-meaning-in-your-life/,1126,91.1,What Gives You Meaning in Your Life? - The Seat of the Soul Institute,69,,0,What Gives You Meaning in Your Life?,1,5,https://seatofthesoul.com/what-gives-you-meaning-in-your-life/,en-US,"index, follow, max-image-preview:large, max-snippet:-1, max-video-preview:-1",What Gives You Meaning in Your Life? - The Seat of the Soul Institute,"Contributing to the new humanity gives me meaning beyond anything I could have possibly imagined. I write books, give events, and create programs to teach about creating authentic power—aligning the personality with the soul so that we can transform ourselves with our own wills instead of trying to change others. I am filled with meaning […]",https://seatofthesoul.com/wp-content/uploads/2021/04/What-Gives-You-Meaning-in-Your-Life.jpg,summary_large_image,Article|BreadcrumbList|ImageObject|Organization|Person|WebPage|WebSite,489,3,1,39,3,G-PZH9QMWR4R,UA-200510356-1,,630056102333543,,,MEDIUM,title length 69 (target 25–65); missing meta description; 1/3 imgs missing alt
https://seatofthesoul.com/explore-multisensory-perception-and-spiritual-partnership/,post,200,https://seatofthesoul.com/explore-multisensory-perception-and-spiritual-partnership/,955,111.5,Explore Multisensory Perception and Spiritual Partnership - The Seat of the Soul Institute,90,,0,Explore Multisensory Perception and Spiritual Partnership,1,7,https://seatofthesoul.com/explore-multisensory-perception-and-spiritual-partnership/,en-US,"index, follow, max-image-preview:large, max-snippet:-1, max-video-preview:-1",Explore Multisensory Perception and Spiritual Partnership - The Seat of the Soul Institute,"With Gary Zukav Gary Zukav is the author of The Dancing Wu Li Masters: An Overview of the New Physics and The Seat of the Soul. He has been on The Oprah Winfrey Show numerous times, and as you will see, there is good reason so many people are grateful for his work. GZ: We are […]",https://seatofthesoul.com/wp-content/uploads/2021/05/Explore-Multisensory-Perception.png,summary_large_image,Article|BreadcrumbList|ImageObject|Organization|Person|WebPage|WebSite,2165,4,1,34,3,G-PZH9QMWR4R,UA-200510356-1,,630056102333543,,,MEDIUM,title length 90 (target 25–65); missing meta description; 1/4 imgs missing alt
https://seatofthesoul.com/coronavirus-opportunity-or-obstacle/,post,200,https://seatofthesoul.com/coronavirus-opportunity-or-obstacle/,990,97.1,Coronavirus – Opportunity Or Obstacle - The Seat of the Soul Institute,70,,0,Coronavirus – Opportunity Or Obstacle,1,5,https://seatofthesoul.com/coronavirus-opportunity-or-obstacle/,en-US,"index, follow, max-image-preview:large, max-snippet:-1, max-video-preview:-1",Coronavirus – Opportunity Or Obstacle - The Seat of the Soul Institute,"Corona usually refers to an aura (visible appearance) of plasma (ionized gas) around the sun. The coronavirus that is infecting humans for the first time (which is why we have no immunity) is covid-19. It is a type of coronavirus, just as “rose” is a type of flower. Yet covid-19 is a bloodless, lifeless term […]",https://seatofthesoul.com/wp-content/uploads/2021/03/mircle.jpg,summary_large_image,Article|BreadcrumbList|ImageObject|Organization|Person|WebPage|WebSite,777,4,2,40,3,G-PZH9QMWR4R,UA-200510356-1,,630056102333543,,,MEDIUM,title length 70 (target 25–65); missing meta description; 2/4 imgs missing alt
https://seatofthesoul.com/coronavirus-the-heart-of-the-matter/,post,200,https://seatofthesoul.com/coronavirus-the-heart-of-the-matter/,1143,95.3,Coronavirus – The Heart of the Matter - The Seat of the Soul Institute,70,,0,Coronavirus – The Heart of the Matter,1,5,https://seatofthesoul.com/coronavirus-the-heart-of-the-matter/,en-US,"index, follow, max-image-preview:large, max-snippet:-1, max-video-preview:-1",Coronavirus – The Heart of the Matter - The Seat of the Soul Institute,"share on social media [Sassy_Social_Share] All my life I have gone to the heart of the matter. When I graduated from college, I volunteered to fly fighters because I felt that was the heart of the Air Force. My eye sight prevented me, so I joined the Infantry because I felt that was the heart […]",https://seatofthesoul.com/wp-content/uploads/2021/03/mircle.jpg,summary_large_image,Article|BreadcrumbList|ImageObject|Organization|Person|WebPage|WebSite,773,4,2,37,3,G-PZH9QMWR4R,UA-200510356-1,,630056102333543,,,MEDIUM,title length 70 (target 25–65); missing meta description; 2/4 imgs missing alt
https://seatofthesoul.com/the-miracle-of-the-coronavirus-part-1/,post,200,https://seatofthesoul.com/the-miracle-of-the-coronavirus-part-1/,950,97.3,The Miracle Of The Coronavirus – Part 1 - The Seat of the Soul Institute,72,,0,The Miracle Of The Coronavirus – Part 1,1,5,https://seatofthesoul.com/the-miracle-of-the-coronavirus-part-1/,en-US,"index, follow, max-image-preview:large, max-snippet:-1, max-video-preview:-1",The Miracle Of The Coronavirus – Part 1 - The Seat of the Soul Institute,Creating authentic power requires distinguishing love from fear in yourself and choosing love no matter what is happening inside you or what is happening outside. Our evolution now requires us to create authentic power. The coronavirus is teaching us how to do that. The reality of the coronavirus is often lost in the fear of […],https://seatofthesoul.com/wp-content/uploads/2021/03/mircle.jpg,summary_large_image,Article|BreadcrumbList|ImageObject|Organization|Person|WebPage|WebSite,811,4,2,41,3,G-PZH9QMWR4R,UA-200510356-1,,630056102333543,,,MEDIUM,title length 72 (target 25–65); missing meta description; 2/4 imgs missing alt
https://seatofthesoul.com/the-miracle-of-the-coronavirus-part-2/,post,200,https://seatofthesoul.com/the-miracle-of-the-coronavirus-part-2/,996,97.0,The Miracle Of The Coronavirus – Part 2 - The Seat of the Soul Institute,72,,0,The Miracle Of The Coronavirus – Part 2,1,5,https://seatofthesoul.com/the-miracle-of-the-coronavirus-part-2/,en-US,"index, follow, max-image-preview:large, max-snippet:-1, max-video-preview:-1",The Miracle Of The Coronavirus – Part 2 - The Seat of the Soul Institute,"share on social media [Sassy_Social_Share] The longer we are isolated the more we want to be together. But we do not gather because we love the people we are isolating ourselves from. That is why we are isolating. So the coronavirus is showing us new ways to express our love, creative ways, ingenious ways, joyful […]",https://seatofthesoul.com/wp-content/uploads/2021/03/mircle.jpg,summary_large_image,Article|BreadcrumbList|ImageObject|Organization|Person|WebPage|WebSite,851,4,2,44,3,G-PZH9QMWR4R,UA-200510356-1,,630056102333543,,,MEDIUM,title length 72 (target 25–65); missing meta description; 2/4 imgs missing alt
https://seatofthesoul.com/the-miracle-of-the-coronavirus-part-3/,post,200,https://seatofthesoul.com/the-miracle-of-the-coronavirus-part-3/,1052,96.2,The Miracle Of The Coronavirus – Part 3 - The Seat of the Soul Institute,72,,0,The Miracle Of The Coronavirus – Part 3,1,5,https://seatofthesoul.com/the-miracle-of-the-coronavirus-part-3/,en-US,"index, follow, max-image-preview:large, max-snippet:-1, max-video-preview:-1",The Miracle Of The Coronavirus – Part 3 - The Seat of the Soul Institute,"share on social media [Sassy_Social_Share] The coronavirus has sent us all home, so to speak, to assess and re-assess who we are, what we are doing, and why we are doing it. It has mandated a break for eight billion of us from our mindless, urgent, spot-light focus on the particulars of our lives and […]",https://seatofthesoul.com/wp-content/uploads/2021/03/mircle.jpg,summary_large_image,Article|BreadcrumbList|ImageObject|Organization|Person|WebPage|WebSite,742,4,2,47,3,G-PZH9QMWR4R,UA-200510356-1,,630056102333543,,,MEDIUM,title length 72 (target 25–65); missing meta description; 2/4 imgs missing alt
https://seatofthesoul.com/universal-human/,post,200,https://seatofthesoul.com/universal-human/,1348,94.3,UNIVERSAL HUMAN - The Seat of the Soul Institute,48,,0,UNIVERSAL HUMAN,1,6,https://seatofthesoul.com/universal-human/,en-US,"index, follow, max-image-preview:large, max-snippet:-1, max-video-preview:-1",UNIVERSAL HUMAN - The Seat of the Soul Institute,"share on social media [Sassy_Social_Share] Loving parts of a personality are naturally generous, kind, and connected. When you align yourself with yours, you become generous, kind, and connected, too. This is the creation of authentic power. I was thrilled when Linda and I were invited to a gathering in India. I was even more thrilled […]",https://seatofthesoul.com/wp-content/uploads/2021/03/UNIVERSAL_HUMAN-new.jpg,summary_large_image,Article|BreadcrumbList|ImageObject|Organization|Person|WebPage|WebSite,467,4,2,43,3,G-PZH9QMWR4R,UA-200510356-1,,630056102333543,,,MEDIUM,missing meta description; 2/4 imgs missing alt
https://seatofthesoul.com/winter-solstice/,post,200,https://seatofthesoul.com/winter-solstice/,902,95.3,Winter Solstice - The Seat of the Soul Institute,48,,0,Winter Solstice,1,6,https://seatofthesoul.com/winter-solstice/,en-US,"index, follow, max-image-preview:large, max-snippet:-1, max-video-preview:-1",Winter Solstice - The Seat of the Soul Institute,"The Winter Solstice is a time of unmistakably large new beginnings. By the time of the Winter Solstice, everything that began growing at the Summer Solstice has contracted into one seed of potential, and that seed begins to expand. Add to this the Christmas story, and Hanukah, the Season of Light, and the point is […]",https://seatofthesoul.com/wp-content/uploads/2021/03/Winter-Solstice.jpg,summary_large_image,Article|BreadcrumbList|ImageObject|Organization|Person|WebPage|WebSite,424,4,2,42,3,G-PZH9QMWR4R,UA-200510356-1,,630056102333543,,,MEDIUM,missing meta description; 2/4 imgs missing alt
https://seatofthesoul.com/coronavirus-and-karma/,post,200,https://seatofthesoul.com/coronavirus-and-karma/,1540,97.8,Coronavirus and Karma - The Seat of the Soul Institute,54,,0,Coronavirus and Karma,1,6,https://seatofthesoul.com/coronavirus-and-karma/,en-US,"index, follow, max-image-preview:large, max-snippet:-1, max-video-preview:-1",Coronavirus and Karma - The Seat of the Soul Institute,The coronavirus is showing us the profound impacts of our choices. It is demolishing the fantasy that we are powerless and replacing it with a new experience of responsibility –responsibility for the well-being of others. It is here that the coronavirus reveals itself to be an exquisite creation of wisdom and compassion that is far […],https://seatofthesoul.com/wp-content/uploads/2021/03/Coronavirus-and-Karma.jpg,summary_large_image,Article|BreadcrumbList|ImageObject|Organization|Person|WebPage|WebSite,674,4,2,48,3,G-PZH9QMWR4R,UA-200510356-1,,630056102333543,,,MEDIUM,missing meta description; 2/4 imgs missing alt
https://seatofthesoul.com/love-in-or-lock-down/,post,200,https://seatofthesoul.com/love-in-or-lock-down/,1070,96.0,Love In or Lock Down - The Seat of the Soul Institute,53,,0,Love In or Lock Down,1,6,https://seatofthesoul.com/love-in-or-lock-down/,en-US,"index, follow, max-image-preview:large, max-snippet:-1, max-video-preview:-1",Love In or Lock Down - The Seat of the Soul Institute,"Every action has an intention. Even not acting and not speaking are actions, and each has an intention. Your intention is the most important thing, not what you do. Your intention is why you do what you do. For example, imagine that you are hiking with a friend, and she suddenly pushes you violently off […]",https://seatofthesoul.com/wp-content/uploads/2021/03/LoveInorLockDown.jpg,summary_large_image,Article|BreadcrumbList|ImageObject|Organization|Person|WebPage|WebSite,611,4,2,43,3,G-PZH9QMWR4R,UA-200510356-1,,630056102333543,,,MEDIUM,missing meta description; 2/4 imgs missing alt
https://seatofthesoul.com/keep-your-eye-on-the-ball/,post,200,https://seatofthesoul.com/keep-your-eye-on-the-ball/,1175,97.8,Keep Your Eye on the Ball - The Seat of the Soul Institute,58,,0,Keep Your Eye on the Ball,1,6,https://seatofthesoul.com/keep-your-eye-on-the-ball/,en-US,"index, follow, max-image-preview:large, max-snippet:-1, max-video-preview:-1",Keep Your Eye on the Ball - The Seat of the Soul Institute,"Once there was only one ball, and it hypnotized us. It seemed to cause our joy and pain and our pleasure and misery. It seemed to cause everything, and everything depended upon it. That ball was the world. Now another ball has appeared, and it has become the new star of the show. The show […]",https://seatofthesoul.com/wp-content/uploads/2021/03/KeepYourEyeontheBall.jpg,summary_large_image,Article|BreadcrumbList|ImageObject|Organization|Person|WebPage|WebSite,672,4,2,45,3,G-PZH9QMWR4R,UA-200510356-1,,630056102333543,,,MEDIUM,missing meta description; 2/4 imgs missing alt
https://seatofthesoul.com/inspiration-for-the-seat-of-the-soul/,post,200,https://seatofthesoul.com/inspiration-for-the-seat-of-the-soul/,1182,110.3,"Soul Feast #2: Where Did the Inspiration for ""The Seat of the Soul"" Come From? - The Seat of the Soul Institute",111,,0,Soul Feast #2: Where Did the Inspiration for “The Seat of the Soul” Come From?,1,7,https://seatofthesoul.com/inspiration-for-the-seat-of-the-soul/,en-US,"index, follow, max-image-preview:large, max-snippet:-1, max-video-preview:-1","Soul Feast #2: Where Did the Inspiration for ""The Seat of the Soul"" Come From? - The Seat of the Soul Institute","    ﻿   In today’s Soul Feast, Gary Zukav delves into the inspiration behind his groundbreaking work, “The Seat of the Soul,” and the journey that led him to discover the deeper truths about the universe and non-physical reality.  He begins by sharing how the ideas for his work didn’t originate from him alone […]",https://seatofthesoul.com/wp-content/uploads/2024/10/1500-Thumbnail-Ep2-1.jpg,summary_large_image,Article|BreadcrumbList|ImageObject|Organization|Person|WebPage|WebSite,532,3,1,28,7,G-PZH9QMWR4R,UA-200510356-1,,630056102333543,,,MEDIUM,title length 111 (target 25–65); missing meta description; 1/3 imgs missing alt
https://seatofthesoul.com/higher-logic-of-the-heart/,post,200,https://seatofthesoul.com/higher-logic-of-the-heart/,1007,109.2,Soul Snack #2: The Higher Logic of the Heart - The Seat of the Soul Institute,77,,0,Soul Snack #2: The Higher Logic of the Heart,1,7,https://seatofthesoul.com/higher-logic-of-the-heart/,en-US,"index, follow, max-image-preview:large, max-snippet:-1, max-video-preview:-1",Soul Snack #2: The Higher Logic of the Heart - The Seat of the Soul Institute,"    In today’s Soul Snack, Gary Zukav explores the profound connection between emotional awareness, the heart, and spiritual growth.  He introduces the concept of authentic power and how the journey to spiritual development begins with multisensory perception.  Gary emphasizes that emotional awareness, particularly through the heart, is central to spiritual transformation. By recognizing the […]",https://seatofthesoul.com/wp-content/uploads/2024/10/1500-Thumbnail-Ep2-1024x1024.png,summary_large_image,Article|BreadcrumbList|ImageObject|Organization|Person|WebPage|WebSite,429,3,1,28,7,G-PZH9QMWR4R,UA-200510356-1,,630056102333543,,,MEDIUM,title length 77 (target 25–65); missing meta description; 1/3 imgs missing alt
https://seatofthesoul.com/what-is-the-new-consciousness/,post,200,https://seatofthesoul.com/what-is-the-new-consciousness/,1187,109.7,Soul Feast #3: What is The New Consciousness? - The Seat of the Soul Institute,78,,0,Soul Feast #3: What is The New Consciousness?,1,7,https://seatofthesoul.com/what-is-the-new-consciousness/,en-US,"index, follow, max-image-preview:large, max-snippet:-1, max-video-preview:-1",Soul Feast #3: What is The New Consciousness? - The Seat of the Soul Institute,"  In today’s Soul Feast, Gary Zukav dives deeper into the origins of his inspiration for The Seat of the Soul.  He recounts his personal encounters with non-physical teachers like Ambrose and Genesis, revealing how these interactions opened him to a broader understanding of love, power, and wisdom.  Through these teachings, Gary began to recognize […]",https://seatofthesoul.com/wp-content/uploads/2024/10/Gary-Zukav-1500x1500-EP-03-1024x1024.png,summary_large_image,Article|BreadcrumbList|ImageObject|Organization|Person|WebPage|WebSite,471,3,1,28,7,G-PZH9QMWR4R,UA-200510356-1,,630056102333543,,,MEDIUM,title length 78 (target 25–65); missing meta description; 1/3 imgs missing alt
https://seatofthesoul.com/ocean-meditation/,post,200,https://seatofthesoul.com/ocean-meditation/,943,107.7,Soul Snack #3: The Ocean Meditation - The Seat of the Soul Institute,68,,0,Soul Snack #3: The Ocean Meditation,1,7,https://seatofthesoul.com/ocean-meditation/,en-US,"index, follow, max-image-preview:large, max-snippet:-1, max-video-preview:-1",Soul Snack #3: The Ocean Meditation - The Seat of the Soul Institute,"    In today’s brief yet powerful Soul Snack, Gary Zukav guides you through a deep relaxation meditation that helps you connect with the expansive, peaceful energy of the ocean.  As you allow your body to fully relax, Gary encourages you to imagine becoming one with the ocean, dissolving the boundaries between yourself and the […]",https://seatofthesoul.com/wp-content/uploads/2024/10/Gary-Zukav-Minisode-1500-x1500-03-1024x1024.png,summary_large_image,Article|BreadcrumbList|ImageObject|Organization|Person|WebPage|WebSite,323,3,1,27,7,G-PZH9QMWR4R,UA-200510356-1,,630056102333543,,,MEDIUM,title length 68 (target 25–65); missing meta description; 1/3 imgs missing alt
https://seatofthesoul.com/creating-authentic-power-introduction/,post,200,https://seatofthesoul.com/creating-authentic-power-introduction/,1048,110.2,Soul Feast #4: Creating Authentic Power - Introduction - The Seat of the Soul Institute,87,,0,Soul Feast #4: Creating Authentic Power – Introduction,1,10,https://seatofthesoul.com/creating-authentic-power-introduction/,en-US,"index, follow, max-image-preview:large, max-snippet:-1, max-video-preview:-1",Soul Feast #4: Creating Authentic Power - Introduction - The Seat of the Soul Institute,"    In today’s Soul Feast, Gary Zukav dives into the transformative power of the New Consciousness and how it shifts our understanding of Authentic Power.  He explains how the New Consciousness redefines power, moving away from the old model of manipulation and control (external power) to the alignment of your personality with your soul, […]",https://seatofthesoul.com/wp-content/uploads/2024/10/Gary-Zukav-Episode-4-1500x1500-1-1024x1024.png,summary_large_image,Article|BreadcrumbList|ImageObject|Organization|Person|WebPage|WebSite,515,3,1,28,7,G-PZH9QMWR4R,UA-200510356-1,,630056102333543,,,MEDIUM,title length 87 (target 25–65); missing meta description; 1/3 imgs missing alt
https://seatofthesoul.com/the-voice-of-the-non-physical-world/,post,200,https://seatofthesoul.com/the-voice-of-the-non-physical-world/,841,109.2,Soul Snack #4: Intuition is the Voice of the Non-Physical World - The Seat of the Soul Institute,96,,0,Soul Snack #4: Intuition is the Voice of the Non-Physical World,1,8,https://seatofthesoul.com/the-voice-of-the-non-physical-world/,en-US,"index, follow, max-image-preview:large, max-snippet:-1, max-video-preview:-1",Soul Snack #4: Intuition is the Voice of the Non-Physical World - The Seat of the Soul Institute,"﻿   In today’s Soul Snack, Gary Zukav explores the power of intuition and its vital role in our spiritual growth.  He explains how intuition is the voice of the non-physical world and why, as multisensory beings, we are able to access wisdom far beyond the limitations of our five senses. Gary guides us on […]",https://seatofthesoul.com/wp-content/uploads/2024/11/Gary-Zukav-Episode-4.51500x1500-1024x1024.png,summary_large_image,Article|BreadcrumbList|ImageObject|Organization|Person|WebPage|WebSite,408,3,1,27,7,G-PZH9QMWR4R,UA-200510356-1,,630056102333543,,,MEDIUM,title length 96 (target 25–65); missing meta description; 1/3 imgs missing alt
https://seatofthesoul.com/emotional-awareness-what-it-is-and-how-to-use-it/,post,200,https://seatofthesoul.com/emotional-awareness-what-it-is-and-how-to-use-it/,914,109.9,Soul Feast # 5: Emotional Awareness - What It Is and How to Use It - The Seat of the Soul Institute,99,,0,Soul Feast # 5: Emotional Awareness – What It Is and How to Use It,1,8,https://seatofthesoul.com/emotional-awareness-what-it-is-and-how-to-use-it/,en-US,"index, follow, max-image-preview:large, max-snippet:-1, max-video-preview:-1",Soul Feast # 5: Emotional Awareness - What It Is and How to Use It - The Seat of the Soul Institute,"      In today’s Soul Feast, Gary Zukav highlights the essential role of emotional awareness in our personal and spiritual growth.  He explains that emotions are messengers from the soul, guiding us to distinguish between fear and love. By developing emotional awareness, we can discern between these two powerful forces and begin to create […]",https://seatofthesoul.com/wp-content/uploads/2024/11/Gary-Zukav-Episode-5-1500x1500-1-1024x1024.png,summary_large_image,Article|BreadcrumbList|ImageObject|Organization|Person|WebPage|WebSite,463,3,1,28,7,G-PZH9QMWR4R,UA-200510356-1,,630056102333543,,,MEDIUM,title length 99 (target 25–65); missing meta description; 1/3 imgs missing alt
https://seatofthesoul.com/meditation-your-choices-shape-your-life/,post,200,https://seatofthesoul.com/meditation-your-choices-shape-your-life/,853,109.0,Soul Snack #5: Guided Meditation - Your Choices Shape Your Life - The Seat of the Soul Institute,96,,0,Soul Snack #5: Guided Meditation – Your Choices Shape Your Life,1,8,https://seatofthesoul.com/meditation-your-choices-shape-your-life/,en-US,"index, follow, max-image-preview:large, max-snippet:-1, max-video-preview:-1",Soul Snack #5: Guided Meditation - Your Choices Shape Your Life - The Seat of the Soul Institute,"    In today’s Soul Snack, Gary Zukav takes us on a deeply relaxing meditation journey designed to help us connect with the transformative power of intention. As we release the tension in our bodies and allow our minds to calm and clear, Gary leads us through a visualization where each action we take is […]",https://seatofthesoul.com/wp-content/uploads/2024/11/Gary-Zukav-Minisode-05-1500-1024x1024.png,summary_large_image,Article|BreadcrumbList|ImageObject|Organization|Person|WebPage|WebSite,399,3,1,27,7,G-PZH9QMWR4R,UA-200510356-1,,630056102333543,,,MEDIUM,title length 96 (target 25–65); missing meta description; 1/3 imgs missing alt
https://seatofthesoul.com/soul-feast-6-responsible-choice-conscious-decisions/,post,200,https://seatofthesoul.com/soul-feast-6-responsible-choice-conscious-decisions/,824,110.1,Soul Feast #6: Responsible Choice - Creating a Life of Love Through Conscious Decisions - The Seat of the Soul Institute,120,,0,Soul Feast #6: Responsible Choice – Creating a Life of Love Through Conscious Decisions,1,7,https://seatofthesoul.com/soul-feast-6-responsible-choice-conscious-decisions/,en-US,"index, follow, max-image-preview:large, max-snippet:-1, max-video-preview:-1",Soul Feast #6: Responsible Choice - Creating a Life of Love Through Conscious Decisions - The Seat of the Soul Institute,"    In today’s Soul Feast, Gary Zukav explores the profound concept of responsible choice and its transformative power in our personal and spiritual growth.  He explains that responsible choice means fully accepting the consequences of our decisions, recognizing that each choice either brings us closer to love or pulls us deeper into fear.  Gary […]",https://seatofthesoul.com/wp-content/uploads/2024/11/Gary-Zukav-Graphic-2-1024x1024.png,summary_large_image,Article|BreadcrumbList|ImageObject|Organization|Person|WebPage|WebSite,444,3,1,28,7,G-PZH9QMWR4R,UA-200510356-1,,630056102333543,,,MEDIUM,title length 120 (target 25–65); missing meta description; 1/3 imgs missing alt
https://seatofthesoul.com/soul-feast-7-intuition-non-physical-teachers/,post,200,https://seatofthesoul.com/soul-feast-7-intuition-non-physical-teachers/,1078,109.8,Soul Feast #7: Intuition & Non-Physical Teachers - The Seat of the Soul Institute,81,,0,Soul Feast #7: Intuition & Non-Physical Teachers,1,8,https://seatofthesoul.com/soul-feast-7-intuition-non-physical-teachers/,en-US,"index, follow, max-image-preview:large, max-snippet:-1, max-video-preview:-1",Soul Feast #7: Intuition & Non-Physical Teachers - The Seat of the Soul Institute,"    In today’s Soul Feast, Gary Zukav explores the transformative nature of the new consciousness, which moves beyond the limits of the five senses and embraces a deeper awareness of non-physical reality.  He introduces the role of intuition, which unlike in the old consciousness where it was seen as mere “hunches,” is now an […]",https://seatofthesoul.com/wp-content/uploads/2024/11/Gary-Zukav-Graphic-2-2-1024x1024.png,summary_large_image,Article|BreadcrumbList|ImageObject|Organization|Person|WebPage|WebSite,465,3,1,28,7,G-PZH9QMWR4R,UA-200510356-1,,630056102333543,,,MEDIUM,title length 81 (target 25–65); missing meta description; 1/3 imgs missing alt
https://seatofthesoul.com/soul-snack-6-creating-authentic-power-mastering-fear-choosing-love/,post,200,https://seatofthesoul.com/soul-snack-6-creating-authentic-power-mastering-fear-choosing-love/,1143,109.6,Soul Snack #6: Creating Authentic Power - Mastering Fear & Choosing Love - The Seat of the Soul Institute,105,,0,Soul Snack #6: Creating Authentic Power – Mastering Fear & Choosing Love,1,8,https://seatofthesoul.com/soul-snack-6-creating-authentic-power-mastering-fear-choosing-love/,en-US,"index, follow, max-image-preview:large, max-snippet:-1, max-video-preview:-1",Soul Snack #6: Creating Authentic Power - Mastering Fear & Choosing Love - The Seat of the Soul Institute,"    In today’s Soul Snack, Gary Zukav explores the journey of creating authentic power, which he describes as aligning your personality with your soul and consistently choosing love over fear.  Gary explains that authentic power is achieved through commitment to spiritual growth, emotional awareness, and the conscious decision to act from a loving part […]",https://seatofthesoul.com/wp-content/uploads/2024/11/Gary-Zukav-Episode-6_1500x1500-1024x1024.png,summary_large_image,Article|BreadcrumbList|ImageObject|Organization|Person|WebPage|WebSite,407,3,1,27,7,G-PZH9QMWR4R,UA-200510356-1,,630056102333543,,,MEDIUM,title length 105 (target 25–65); missing meta description; 1/3 imgs missing alt
https://seatofthesoul.com/authentic-power-guided-meditation/,post,200,https://seatofthesoul.com/authentic-power-guided-meditation/,922,108.8,Soul Snack #7: Guided Meditation for Authentic Power - The Seat of the Soul Institute,85,,0,Soul Snack #7: Guided Meditation for Authentic Power,1,7,https://seatofthesoul.com/authentic-power-guided-meditation/,en-US,"index, follow, max-image-preview:large, max-snippet:-1, max-video-preview:-1",Soul Snack #7: Guided Meditation for Authentic Power - The Seat of the Soul Institute,"    In today’s Soul Snack, Gary Zukav leads you through a nine-minute guided meditation designed to release tension, explore emotions, and experience authentic power.  Beginning with a full-body relaxation, this meditation guides you to connect with both empowering and disempowering emotions. Gary encourages you to observe the physical sensations tied to past experiences of […]",https://seatofthesoul.com/wp-content/uploads/2024/11/Gary-Zukav-Episode-7_5_1500x1500-1024x1024.png,summary_large_image,Article|BreadcrumbList|ImageObject|Organization|Person|WebPage|WebSite,370,3,1,27,7,G-PZH9QMWR4R,UA-200510356-1,,630056102333543,,,MEDIUM,title length 85 (target 25–65); missing meta description; 1/3 imgs missing alt
https://seatofthesoul.com/harmony-your-souls-intention/,post,200,https://seatofthesoul.com/harmony-your-souls-intention/,1680,109.5,Soul Feast #8: Harmony: Your Soul’s Intention - The Seat of the Soul Institute,78,,0,Soul Feast #8: Harmony: Your Soul’s Intention,1,8,https://seatofthesoul.com/harmony-your-souls-intention/,en-US,"index, follow, max-image-preview:large, max-snippet:-1, max-video-preview:-1",Soul Feast #8: Harmony: Your Soul’s Intention - The Seat of the Soul Institute,"    In today’s Soul Feast, Gary explores how the creation of authentic power, which is achieved by aligning our personality with our soul, brings harmony.  He delves into how this transformative shift differs from the old consciousness, where power was defined by external control and manipulation. Gary explains that authentic power brings harmony, not […]",https://seatofthesoul.com/wp-content/uploads/2024/11/Gary-Zukav-Episode-8-1500-1024x1024.png,summary_large_image,Article|BreadcrumbList|ImageObject|Organization|Person|WebPage|WebSite,465,3,1,28,7,G-PZH9QMWR4R,UA-200510356-1,,630056102333543,,,MEDIUM,title length 78 (target 25–65); missing meta description; 1/3 imgs missing alt
https://seatofthesoul.com/frightened-parts-of-your-personality/,post,200,https://seatofthesoul.com/frightened-parts-of-your-personality/,2022,109.1,Soul Snack #8: Recognizing Frightened Parts of Your Personality - The Seat of the Soul Institute,96,,0,Soul Snack #8: Recognizing Frightened Parts of Your Personality,1,8,https://seatofthesoul.com/frightened-parts-of-your-personality/,en-US,"index, follow, max-image-preview:large, max-snippet:-1, max-video-preview:-1",Soul Snack #8: Recognizing Frightened Parts of Your Personality - The Seat of the Soul Institute,"In today’s Soul Snack, Gary Zukav shares a powerful meditation for developing emotional awareness by tuning into your physical sensations.  This practice guides you to notice sensations in your energy processing centers – such as the throat, chest, and stomach areas – to help identify if you’re in a frightened part of your personality or […]",https://seatofthesoul.com/wp-content/uploads/2024/11/Gary-Zukav-Episode-8.5-1500-1024x1024.png,summary_large_image,Article|BreadcrumbList|ImageObject|Organization|Person|WebPage|WebSite,391,3,1,28,7,G-PZH9QMWR4R,UA-200510356-1,,630056102333543,,,MEDIUM,title length 96 (target 25–65); missing meta description; 1/3 imgs missing alt
https://seatofthesoul.com/cooperation-your-souls-intention/,post,200,https://seatofthesoul.com/cooperation-your-souls-intention/,940,109.8,Soul Feast #10: Cooperation: Your Soul’s Intention - The Seat of the Soul Institute,83,,0,Soul Feast #10: Cooperation: Your Soul’s Intention,1,7,https://seatofthesoul.com/cooperation-your-souls-intention/,en-US,"index, follow, max-image-preview:large, max-snippet:-1, max-video-preview:-1",Soul Feast #10: Cooperation: Your Soul’s Intention - The Seat of the Soul Institute,"    In today’s soul feast, Gary Zukav dives into the soul’s intention of cooperation and how it differs fundamentally from mere collaboration rooted in fear or self-interest.  Continuing his exploration of the intentions of the soul – harmony, sharing, reverence for life, and cooperation – Gary provides insights into how aligning our actions with […]",https://seatofthesoul.com/wp-content/uploads/2024/12/Gary-Zukav-Graphic-01.jpg,summary_large_image,Article|BreadcrumbList|ImageObject|Organization|Person|WebPage|WebSite,476,3,1,28,7,G-PZH9QMWR4R,UA-200510356-1,,630056102333543,,,MEDIUM,title length 83 (target 25–65); missing meta description; 1/3 imgs missing alt
https://seatofthesoul.com/how-do-i-change-the-way-i-process-energy/,post,200,https://seatofthesoul.com/how-do-i-change-the-way-i-process-energy/,984,109.8,Soul Snack #10: How do I change the way I process energy? - The Seat of the Soul Institute,90,,0,Soul Snack #10: How do I change the way I process energy?,1,7,https://seatofthesoul.com/how-do-i-change-the-way-i-process-energy/,en-US,"index, follow, max-image-preview:large, max-snippet:-1, max-video-preview:-1",Soul Snack #10: How do I change the way I process energy? - The Seat of the Soul Institute,"    In today’s soul snack, Gary Zukav introduces a powerful message from his beloved spiritual partner, Linda Francis. Linda shares transformative insights on shifting from fear to love in your thoughts, words, and actions.  Drawing on wisdom from the book they co-authored: The Heart of the Soul: Emotional Awareness, Linda answers a listener’s question […]",https://seatofthesoul.com/wp-content/uploads/2024/12/Gary-Zukav-Graphic-01-2.jpg,summary_large_image,Article|BreadcrumbList|ImageObject|Organization|Person|WebPage|WebSite,465,3,1,28,7,G-PZH9QMWR4R,UA-200510356-1,,630056102333543,,,MEDIUM,title length 90 (target 25–65); missing meta description; 1/3 imgs missing alt
https://seatofthesoul.com/reverence-for-life/,post,200,https://seatofthesoul.com/reverence-for-life/,737,109.5,Soul Feast #11: Reverence for Life: Your Soul’s Intention - The Seat of the Soul Institute,90,,0,Soul Feast #11: Reverence for Life: Your Soul’s Intention,1,7,https://seatofthesoul.com/reverence-for-life/,en-US,"index, follow, max-image-preview:large, max-snippet:-1, max-video-preview:-1",Soul Feast #11: Reverence for Life: Your Soul’s Intention - The Seat of the Soul Institute,"    In today’s Soul Feast, Gary Zukav invites listeners to explore the state of reverence – a cornerstone of authentic power and spiritual growth.  Reverence is not an emotion but a state of being that allows us to see beyond the surface, into the essence of all life. By cultivating reverence, we open ourselves […]",https://seatofthesoul.com/wp-content/uploads/2024/12/Gary-Zukav-Graphic-01-4.jpg,summary_large_image,Article|BreadcrumbList|ImageObject|Organization|Person|WebPage|WebSite,498,3,1,28,7,G-PZH9QMWR4R,UA-200510356-1,,630056102333543,,,MEDIUM,title length 90 (target 25–65); missing meta description; 1/3 imgs missing alt
https://seatofthesoul.com/responding-to-anger-with-love/,post,200,https://seatofthesoul.com/responding-to-anger-with-love/,1178,109.5,Soul Snack #11: Responding to Anger with Love - The Seat of the Soul Institute,78,,0,Soul Snack #11: Responding to Anger with Love,1,7,https://seatofthesoul.com/responding-to-anger-with-love/,en-US,"index, follow, max-image-preview:large, max-snippet:-1, max-video-preview:-1",Soul Snack #11: Responding to Anger with Love - The Seat of the Soul Institute,"    In today’s Soul Snack, Gary Zukav explores the profound spiritual opportunities embedded in challenging family relationships. Focusing on the dynamic between a listener and their emotionally charged relationship with a parent, Gary offers a new perspective on how these interactions provide fertile ground for creating authentic power. By shifting our awareness to the […]",https://seatofthesoul.com/wp-content/uploads/2024/12/Gary-Zukav-Graphic-01-5.jpg,summary_large_image,Article|BreadcrumbList|ImageObject|Organization|Person|WebPage|WebSite,454,3,1,28,7,G-PZH9QMWR4R,UA-200510356-1,,630056102333543,,,MEDIUM,title length 78 (target 25–65); missing meta description; 1/3 imgs missing alt
https://seatofthesoul.com/why-humbleness-is-the-superpower-of-everyday-heroes/,post,200,https://seatofthesoul.com/why-humbleness-is-the-superpower-of-everyday-heroes/,885,110.4,Soul Feast #12: Why Humbleness Is the Superpower of Everyday Heroes - The Seat of the Soul Institute,100,,0,Soul Feast #12: Why Humbleness Is the Superpower of Everyday Heroes,1,8,https://seatofthesoul.com/why-humbleness-is-the-superpower-of-everyday-heroes/,en-US,"index, follow, max-image-preview:large, max-snippet:-1, max-video-preview:-1",Soul Feast #12: Why Humbleness Is the Superpower of Everyday Heroes - The Seat of the Soul Institute,"    In today’s Soul Feast, Gary Zukav takes listeners on a journey into the essence of humbleness, a vital quality for creating authentic power.  Humbleness, as Gary explains, is not about diminishing yourself or pretending to be less than others.  Instead, it is the profound understanding that every soul’s journey is equally as complex, […]",https://seatofthesoul.com/wp-content/uploads/2024/12/Gary-Zukav-Graphic-01-6.jpg,summary_large_image,Article|BreadcrumbList|ImageObject|Organization|Person|WebPage|WebSite,534,3,1,28,7,G-PZH9QMWR4R,UA-200510356-1,,630056102333543,,,MEDIUM,title length 100 (target 25–65); missing meta description; 1/3 imgs missing alt
https://seatofthesoul.com/developing-compassion-the-heart-of-authentic-power/,post,200,https://seatofthesoul.com/developing-compassion-the-heart-of-authentic-power/,975,109.9,Soul Snack #12: Developing Compassion: The Heart of Authentic Power - The Seat of the Soul Institute,100,,0,Soul Snack #12: Developing Compassion: The Heart of Authentic Power,1,8,https://seatofthesoul.com/developing-compassion-the-heart-of-authentic-power/,en-US,"index, follow, max-image-preview:large, max-snippet:-1, max-video-preview:-1",Soul Snack #12: Developing Compassion: The Heart of Authentic Power - The Seat of the Soul Institute,"    In today’s Soul Snack, Gary Zukav explores the relationship between compassion and authentic power.  Compassion, as Gary explains, is not a surface-level feeling but a deeply transformative state that arises naturally as we align our personality with our soul. Through vivid insights, Gary breaks down how we can identify and challenge the frightened […]",https://seatofthesoul.com/wp-content/uploads/2024/12/Gary-Zukav-Graphic-01-7.jpg,summary_large_image,Article|BreadcrumbList|ImageObject|Organization|Person|WebPage|WebSite,464,3,1,28,7,G-PZH9QMWR4R,UA-200510356-1,,630056102333543,,,MEDIUM,title length 100 (target 25–65); missing meta description; 1/3 imgs missing alt
https://seatofthesoul.com/use-clarity-and-choose-love/,post,200,https://seatofthesoul.com/use-clarity-and-choose-love/,998,109.8,Soul Feast #13: Use Clarity and Choose Love! - The Seat of the Soul Institute,77,,0,Soul Feast #13: Use Clarity and Choose Love!,1,8,https://seatofthesoul.com/use-clarity-and-choose-love/,en-US,"index, follow, max-image-preview:large, max-snippet:-1, max-video-preview:-1",Soul Feast #13: Use Clarity and Choose Love! - The Seat of the Soul Institute,"    In today’s Soul feast, Gary Zukav explores the true meaning of clarity and how it can transform the way you experience life.  Clarity isn’t simply about clearing distractions – it’s about breaking free from fear and embracing love.  Using relatable analogies, personal stories, and practical insights, Gary shares how creating authentic power enables […]",https://seatofthesoul.com/wp-content/uploads/2024/12/Gary-Zukav-Graphic-02-Show-Note.jpg,summary_large_image,Article|BreadcrumbList|ImageObject|Organization|Person|WebPage|WebSite,506,3,1,28,7,G-PZH9QMWR4R,UA-200510356-1,,630056102333543,,,MEDIUM,title length 77 (target 25–65); missing meta description; 1/3 imgs missing alt
https://seatofthesoul.com/letting-go-of-anger-and-resentment/,post,200,https://seatofthesoul.com/letting-go-of-anger-and-resentment/,940,109.2,Soul Snack #13: Letting Go of Anger and Resentment - The Seat of the Soul Institute,83,,0,Soul Snack #13: Letting Go of Anger and Resentment,1,8,https://seatofthesoul.com/letting-go-of-anger-and-resentment/,en-US,"index, follow, max-image-preview:large, max-snippet:-1, max-video-preview:-1",Soul Snack #13: Letting Go of Anger and Resentment - The Seat of the Soul Institute,"    In today’s Soul Snack, Gary Zukav introduces his beloved, late, spiritual partner Linda Francis, who shares a deeply reflective and practical guide to releasing anger and resentment. This soul snack explores how these powerful emotions can be understood and transformed.  Letting go of anger isn’t about suppressing it, but recognizing its presence, feeling […]",https://seatofthesoul.com/wp-content/uploads/2025/01/Gary-Zukav-Graphic-01-8.jpg,summary_large_image,Article|BreadcrumbList|ImageObject|Organization|Person|WebPage|WebSite,449,3,1,28,7,G-PZH9QMWR4R,UA-200510356-1,,630056102333543,,,MEDIUM,title length 83 (target 25–65); missing meta description; 1/3 imgs missing alt
https://seatofthesoul.com/what-is-love/,post,200,https://seatofthesoul.com/what-is-love/,1012,109.4,Soul Feast #14: What is Love? - The Seat of the Soul Institute,62,,0,Soul Feast #14: What is Love?,1,8,https://seatofthesoul.com/what-is-love/,en-US,"index, follow, max-image-preview:large, max-snippet:-1, max-video-preview:-1",Soul Feast #14: What is Love? - The Seat of the Soul Institute,"    In today’s Soul Feast, Gary Zukav unpacks one of life’s greatest questions: What is Love?  Love is often misunderstood, confused with attachment, fear, or fleeting emotions.  True Love is the essence of who we are. Through the lens of the new consciousness, Gary explains how fear distorts our vision of life and keeps […]",https://seatofthesoul.com/wp-content/uploads/2024/12/Gary-Zukav-Graphic-01-9.jpg,summary_large_image,Article|BreadcrumbList|ImageObject|Organization|Person|WebPage|WebSite,487,3,1,28,7,G-PZH9QMWR4R,UA-200510356-1,,630056102333543,,,MEDIUM,missing meta description; 1/3 imgs missing alt
https://seatofthesoul.com/freeing-yourself-of-painful-emotional-sensations/,post,200,https://seatofthesoul.com/freeing-yourself-of-painful-emotional-sensations/,955,109.7,Soul Snack #14: Freeing Yourself of Painful Emotional Sensations - The Seat of the Soul Institute,97,,0,Soul Snack #14: Freeing Yourself of Painful Emotional Sensations,1,8,https://seatofthesoul.com/freeing-yourself-of-painful-emotional-sensations/,en-US,"index, follow, max-image-preview:large, max-snippet:-1, max-video-preview:-1",Soul Snack #14: Freeing Yourself of Painful Emotional Sensations - The Seat of the Soul Institute,"    In today’s Soul Snack, Gary Zukav addresses a powerful listener question about self-judgment and strong emotions.  Are you struggling with anger, jealousy, or other intense feelings?  Gary shares why emotions – both painful and joyful – are messengers from your soul and vital tools for your spiritual growth. You can’t control the emotions […]",https://seatofthesoul.com/wp-content/uploads/2024/12/Gary-Zukav-Graphic-02-2.jpg,summary_large_image,Article|BreadcrumbList|ImageObject|Organization|Person|WebPage|WebSite,415,3,1,28,7,G-PZH9QMWR4R,UA-200510356-1,,630056102333543,,,MEDIUM,title length 97 (target 25–65); missing meta description; 1/3 imgs missing alt
https://seatofthesoul.com/why-choose-forgiveness/,post,200,https://seatofthesoul.com/why-choose-forgiveness/,1202,109.4,Soul Feast #15: Why Choose Forgiveness? - The Seat of the Soul Institute,72,,0,Soul Feast #15: Why Choose Forgiveness?,1,8,https://seatofthesoul.com/why-choose-forgiveness/,en-US,"index, follow, max-image-preview:large, max-snippet:-1, max-video-preview:-1",Soul Feast #15: Why Choose Forgiveness? - The Seat of the Soul Institute,"  In today’s Soul Feast, Gary Zukav explores the transformative power of forgiveness. Often misunderstood as something you do for others, Gary reveals that forgiveness is actually about freeing yourself from the emotional weight of resentment, anger, and judgment.  It’s not about condoning someone’s actions but about lightening your own load and seeing the world […]",https://seatofthesoul.com/wp-content/uploads/2025/01/Gary-Zukav-Graphic-01-10.jpg,summary_large_image,Article|BreadcrumbList|ImageObject|Organization|Person|WebPage|WebSite,451,3,1,28,7,G-PZH9QMWR4R,UA-200510356-1,,630056102333543,,,MEDIUM,title length 72 (target 25–65); missing meta description; 1/3 imgs missing alt
https://seatofthesoul.com/being-present-when-interacting/,post,200,https://seatofthesoul.com/being-present-when-interacting/,1359,109.3,Soul Snack #15: Being Present When Interacting - The Seat of the Soul Institute,79,,0,Soul Snack #15: Being Present When Interacting,1,7,https://seatofthesoul.com/being-present-when-interacting/,en-US,"index, follow, max-image-preview:large, max-snippet:-1, max-video-preview:-1",Soul Snack #15: Being Present When Interacting - The Seat of the Soul Institute,"    In today’s Soul Snack, Gary Zukav explores the third compassion guideline: Be present while others are speaking. While it may seem like a simple courtesy, Gary explains that this act of presence is a profound way to cultivate connection and compassion. When we are truly present, we offer the most valuable gift of […]",https://seatofthesoul.com/wp-content/uploads/2025/01/Gary-Zukav-Graphic-01-11.jpg,summary_large_image,Article|BreadcrumbList|ImageObject|Organization|Person|WebPage|WebSite,467,3,1,28,7,G-PZH9QMWR4R,UA-200510356-1,,630056102333543,,,MEDIUM,title length 79 (target 25–65); missing meta description; 1/3 imgs missing alt
https://seatofthesoul.com/how-to-trust-the-universe/,post,200,https://seatofthesoul.com/how-to-trust-the-universe/,1046,109.3,Soul Feast #16: How to Trust the Universe - The Seat of the Soul Institute,74,,0,Soul Feast #16: How to Trust the Universe,1,7,https://seatofthesoul.com/how-to-trust-the-universe/,en-US,"index, follow, max-image-preview:large, max-snippet:-1, max-video-preview:-1",Soul Feast #16: How to Trust the Universe - The Seat of the Soul Institute,"    In today’s Soul Feast, Gary explores the concept of trust from a new consciousness perspective, emphasizing the importance of inner awareness and the connection between our inner and outer worlds. He discusses how quantum physics relates to our understanding of reality and decision-making, highlighting the role of meaning and love in creating authentic […]",https://seatofthesoul.com/wp-content/uploads/2025/01/GaryZukav_16_Graphic-01-1024x1024.png,summary_large_image,Article|BreadcrumbList|ImageObject|Organization|Person|WebPage|WebSite,470,3,1,28,7,G-PZH9QMWR4R,UA-200510356-1,,630056102333543,,,MEDIUM,title length 74 (target 25–65); missing meta description; 1/3 imgs missing alt
https://seatofthesoul.com/sharing-your-souls-intention/,post,200,https://seatofthesoul.com/sharing-your-souls-intention/,1014,109.7,Soul Feast #9: Sharing: Your Soul’s Intention - The Seat of the Soul Institute,78,,0,Soul Feast #9: Sharing: Your Soul’s Intention,1,7,https://seatofthesoul.com/sharing-your-souls-intention/,en-US,"index, follow, max-image-preview:large, max-snippet:-1, max-video-preview:-1",Soul Feast #9: Sharing: Your Soul’s Intention - The Seat of the Soul Institute,"  In today’s soul feast, Gary Zukav expands on the concept of harmony, from the previous episode, and introduces another key intention of the soul – sharing. Moving beyond the idea of simply exchanging words or gifts, he redefines sharing as an act of deep connection, grounded in love and free of any agenda.  Gary […]",https://seatofthesoul.com/wp-content/uploads/2024/12/Gary-Zukav-Graphic-02-3.jpg,summary_large_image,Article|BreadcrumbList|ImageObject|Organization|Person|WebPage|WebSite,520,3,1,28,7,G-PZH9QMWR4R,UA-200510356-1,,630056102333543,,,MEDIUM,title length 78 (target 25–65); missing meta description; 1/3 imgs missing alt
https://seatofthesoul.com/we-are-souls/,post,200,https://seatofthesoul.com/we-are-souls/,1589,109.0,Soul Snack #9: We Are Souls - The Seat of the Soul Institute,60,,0,Soul Snack #9: We Are Souls,1,7,https://seatofthesoul.com/we-are-souls/,en-US,"index, follow, max-image-preview:large, max-snippet:-1, max-video-preview:-1",Soul Snack #9: We Are Souls - The Seat of the Soul Institute,"    In today’s Soul Snack, Gary dives into the profound connection between your daily choices and the evolution of your soul. He explores the concept of the soul as an immortal, energy dynamic guiding our journey through the Earth school.  This episode offers a fresh perspective on how your intentions – whether rooted in […]",https://seatofthesoul.com/wp-content/uploads/2024/12/Gary-Zukav-Graphic-02-4.jpg,summary_large_image,Article|BreadcrumbList|ImageObject|Organization|Person|WebPage|WebSite,476,3,1,28,7,G-PZH9QMWR4R,UA-200510356-1,,630056102333543,,,MEDIUM,missing meta description; 1/3 imgs missing alt
https://seatofthesoul.com/the-underlying-gift-of-addiction/,post,200,https://seatofthesoul.com/the-underlying-gift-of-addiction/,841,110.3,SOUL FEAST # 17: The Underlying Gift of Addiction - The Seat of the Soul Institute,82,,0,SOUL FEAST # 17: The Underlying Gift of Addiction,1,7,https://seatofthesoul.com/the-underlying-gift-of-addiction/,en-US,"index, follow, max-image-preview:large, max-snippet:-1, max-video-preview:-1",SOUL FEAST # 17: The Underlying Gift of Addiction - The Seat of the Soul Institute,"    In this Soul Feast, Gary delves into the profound and often misunderstood topic of addiction. He reframes addiction as more than a destructive force, illuminating its deeper spiritual significance. Drawing from his personal experiences and insights, Gary reveals how addiction stems from the most frightened parts of our personality and offers a unique […]",https://seatofthesoul.com/wp-content/uploads/2025/01/GaryZukav_Ep17_Graphic-02-1024x1024.png,summary_large_image,Article|BreadcrumbList|ImageObject|Organization|Person|WebPage|WebSite,550,3,1,28,7,G-PZH9QMWR4R,UA-200510356-1,,630056102333543,,,MEDIUM,title length 82 (target 25–65); missing meta description; 1/3 imgs missing alt
https://seatofthesoul.com/what-to-do-before-you-speak-or-act/,post,200,https://seatofthesoul.com/what-to-do-before-you-speak-or-act/,896,110.1,Soul Feast #18: What To Do Before You Speak or Act - The Seat of the Soul Institute,83,,0,Soul Feast #18: What To Do Before You Speak or Act,1,8,https://seatofthesoul.com/what-to-do-before-you-speak-or-act/,en-US,"index, follow, max-image-preview:large, max-snippet:-1, max-video-preview:-1",Soul Feast #18: What To Do Before You Speak or Act - The Seat of the Soul Institute,"    In this insightful Soul Feast, Gary discusses the profound impact of intentions on our actions and words. He reveals how every action we take is guided by an intention—conscious or unconscious—and how the quality of our intention shapes the consequences we experience.  Gary emphasizes that understanding and aligning with loving intentions is a […]",https://seatofthesoul.com/wp-content/uploads/2025/01/GaryZukav_Ep18_Graphic-01-1-1024x1024.png,summary_large_image,Article|BreadcrumbList|ImageObject|Organization|Person|WebPage|WebSite,506,3,1,28,7,G-PZH9QMWR4R,UA-200510356-1,,630056102333543,,,MEDIUM,title length 83 (target 25–65); missing meta description; 1/3 imgs missing alt
https://seatofthesoul.com/experiences-of-multisensory-perception/,post,200,https://seatofthesoul.com/experiences-of-multisensory-perception/,966,108.8,Soul Snack #16: Experiences of Multisensory Perception - The Seat of the Soul Institute,87,,0,Soul Snack #16: Experiences of Multisensory Perception,1,7,https://seatofthesoul.com/experiences-of-multisensory-perception/,en-US,"index, follow, max-image-preview:large, max-snippet:-1, max-video-preview:-1",Soul Snack #16: Experiences of Multisensory Perception - The Seat of the Soul Institute,"    Today, Gary, in conversation with Linda, explores the profound transformation of human consciousness and the concept of multi-sensory perception. They share personal stories that illustrate the power of intuition and connection, emphasizing the importance of recognizing and embracing these experiences in our lives and culminating in a reflection on the unique connection with […]",https://seatofthesoul.com/wp-content/uploads/2025/01/GaryZukav_16.5_Graphic-02-1024x1024.png,summary_large_image,Article|BreadcrumbList|ImageObject|Organization|Person|WebPage|WebSite,346,3,1,28,7,G-PZH9QMWR4R,UA-200510356-1,,630056102333543,,,MEDIUM,title length 87 (target 25–65); missing meta description; 1/3 imgs missing alt
https://seatofthesoul.com/how-to-grow-spiritually-when-depressed/,post,200,https://seatofthesoul.com/how-to-grow-spiritually-when-depressed/,1054,110.3,Soul Snack #17: How to Grow Spiritually When Depressed - The Seat of the Soul Institute,87,,0,Soul Snack #17: How to Grow Spiritually When Depressed,1,8,https://seatofthesoul.com/how-to-grow-spiritually-when-depressed/,en-US,"index, follow, max-image-preview:large, max-snippet:-1, max-video-preview:-1",Soul Snack #17: How to Grow Spiritually When Depressed - The Seat of the Soul Institute,"  ﻿   In today’s Soul Snack, Gary explores the profound challenges and opportunities depression offers on the spiritual journey. Drawing on his own experiences and insights, Gary reframes depression not just as an overwhelming state of fear but as a chance to develop emotional awareness and authentic power. Through tangible steps, he guides listeners […]",https://seatofthesoul.com/wp-content/uploads/2025/01/GaryZukav_Ep17.5_Graphic-01-1024x1024.png,summary_large_image,Article|BreadcrumbList|ImageObject|Organization|Person|WebPage|WebSite,532,3,1,28,7,G-PZH9QMWR4R,UA-200510356-1,,630056102333543,,,MEDIUM,title length 87 (target 25–65); missing meta description; 1/3 imgs missing alt
https://seatofthesoul.com/can-talents-learned-in-past-lives-carry-over/,post,200,https://seatofthesoul.com/can-talents-learned-in-past-lives-carry-over/,919,110.1,Soul Snack #18: Can Talents Learned in Past Lives Carry Over? - The Seat of the Soul Institute,94,,0,Soul Snack #18: Can Talents Learned in Past Lives Carry Over?,1,7,https://seatofthesoul.com/can-talents-learned-in-past-lives-carry-over/,en-US,"index, follow, max-image-preview:large, max-snippet:-1, max-video-preview:-1",Soul Snack #18: Can Talents Learned in Past Lives Carry Over? - The Seat of the Soul Institute,"    In this Soul Snack, Gary explores the fascinating concept of talents and abilities carrying over from other lifetimes. He shares profound insights into how the experiences and skills developed by other personalities of our soul influence our present lives. Through compelling examples, Gary reveals how these connections illuminate our soul’s journey and support […]",https://seatofthesoul.com/wp-content/uploads/2025/01/GaryZukav_Ep18.5_Graphic-02-1024x1024.png,summary_large_image,Article|BreadcrumbList|ImageObject|Organization|Person|WebPage|WebSite,525,3,1,28,7,G-PZH9QMWR4R,UA-200510356-1,,630056102333543,,,MEDIUM,title length 94 (target 25–65); missing meta description; 1/3 imgs missing alt
https://seatofthesoul.com/spiritual-partnership-vs-marriage/,post,200,https://seatofthesoul.com/spiritual-partnership-vs-marriage/,966,110.4,Soul Feast #19: Spiritual Partnership vs Marriage - The Seat of the Soul Institute,82,,0,Soul Feast #19: Spiritual Partnership vs Marriage,1,9,https://seatofthesoul.com/spiritual-partnership-vs-marriage/,en-US,"index, follow, max-image-preview:large, max-snippet:-1, max-video-preview:-1",Soul Feast #19: Spiritual Partnership vs Marriage - The Seat of the Soul Institute,"    In this illuminating Soul Feast, Gary explores the profound differences between traditional marriage and the emerging new relationship called spiritual partnership.  With the new consciousness shift toward multisensory perception, relationships are evolving from transactional arrangements to partnerships between equals for the purpose of mutual spiritual growth.  Gary introduces spiritual partnership as a new […]",https://seatofthesoul.com/wp-content/uploads/2025/02/GaryZukav_Ep19_Graphic01-1024x1024.png,summary_large_image,Article|BreadcrumbList|ImageObject|Organization|Person|WebPage|WebSite,524,3,1,28,7,G-PZH9QMWR4R,UA-200510356-1,,630056102333543,,,MEDIUM,title length 82 (target 25–65); missing meta description; 1/3 imgs missing alt
https://seatofthesoul.com/growing-together-in-spiritual-partnership/,post,200,https://seatofthesoul.com/growing-together-in-spiritual-partnership/,858,110.8,Soul Feast #20: Growing Together in Spiritual Partnership - The Seat of the Soul Institute,90,,0,Soul Feast #20: Growing Together in Spiritual Partnership,1,8,https://seatofthesoul.com/growing-together-in-spiritual-partnership/,en-US,"index, follow, max-image-preview:large, max-snippet:-1, max-video-preview:-1",Soul Feast #20: Growing Together in Spiritual Partnership - The Seat of the Soul Institute,"    In this Soul Feast Gary explores the deeper dimensions of spiritual partnership, a relationship between equals committed to spiritual growth. He explains how this new archetype of relationship differs from traditional relationships based on external power, emphasizing the importance of emotional awareness, responsible choice, and mutual support in a spiritual partnership. Spiritual partnership […]",https://seatofthesoul.com/wp-content/uploads/2025/02/GaryZukav_Ep20_Graphic-01-1024x1024.png,summary_large_image,Article|BreadcrumbList|ImageObject|Organization|Person|WebPage|WebSite,535,3,1,28,7,G-PZH9QMWR4R,UA-200510356-1,,630056102333543,,,MEDIUM,title length 90 (target 25–65); missing meta description; 1/3 imgs missing alt
https://seatofthesoul.com/alcoholism-and-authentic-power/,post,200,https://seatofthesoul.com/alcoholism-and-authentic-power/,1034,109.9,Soul Snack #19 Alcoholism and Authentic Power - The Seat of the Soul Institute,78,,0,Soul Snack #19 Alcoholism and Authentic Power,1,8,https://seatofthesoul.com/alcoholism-and-authentic-power/,en-US,"index, follow, max-image-preview:large, max-snippet:-1, max-video-preview:-1",Soul Snack #19 Alcoholism and Authentic Power - The Seat of the Soul Institute,"    In this Soul Snack of The Gary Zukav Podcast, Gary explores the intricate relationship between addiction, personal transformation, and authentic power. Through heartfelt storytelling and deep insights, he reveals that breaking free from alcoholism—or any addiction—is a journey of courage, intention, and self-awareness. Gary emphasizes that while support from others can be helpful, […]",https://seatofthesoul.com/wp-content/uploads/2025/02/GaryZukav_Ep19.5_Graphic01-1-1024x1024.png,summary_large_image,Article|BreadcrumbList|ImageObject|Organization|Person|WebPage|WebSite,508,3,1,28,7,G-PZH9QMWR4R,UA-200510356-1,,630056102333543,,,MEDIUM,title length 78 (target 25–65); missing meta description; 1/3 imgs missing alt
https://seatofthesoul.com/distinguishing-your-personality-from-your-soul/,post,200,https://seatofthesoul.com/distinguishing-your-personality-from-your-soul/,883,110.7,Soul Snack #20: Distinguishing Your Personality from Your Soul - The Seat of the Soul Institute,95,,0,Soul Snack #20: Distinguishing Your Personality from Your Soul,1,6,https://seatofthesoul.com/distinguishing-your-personality-from-your-soul/,en-US,"index, follow, max-image-preview:large, max-snippet:-1, max-video-preview:-1",Soul Snack #20: Distinguishing Your Personality from Your Soul - The Seat of the Soul Institute,"    In this insightful Soul Snack of The Gary Zukav Podcast, Gary explores the distinction between personality and soul, helping listeners understand their true spiritual identity beyond societal roles and labels. He explains how personal identifiers—such as career, relationships, or cultural affiliations—are aspects of the personality but do not define the soul.  As we […]",https://seatofthesoul.com/wp-content/uploads/2025/02/GaryZukav_Ep20.5_Graphic-01-1024x1024.png,summary_large_image,Article|BreadcrumbList|ImageObject|Organization|Person|WebPage|WebSite,544,3,1,28,7,G-PZH9QMWR4R,UA-200510356-1,,630056102333543,,,MEDIUM,title length 95 (target 25–65); missing meta description; 1/3 imgs missing alt
https://seatofthesoul.com/choosing-roles-in-spiritual-partnership/,post,200,https://seatofthesoul.com/choosing-roles-in-spiritual-partnership/,1066,110.3,Soul Feast #21: Choosing Roles in Spiritual Partnership - The Seat of the Soul Institute,88,,0,Soul Feast #21: Choosing Roles in Spiritual Partnership,1,8,https://seatofthesoul.com/choosing-roles-in-spiritual-partnership/,en-US,"index, follow, max-image-preview:large, max-snippet:-1, max-video-preview:-1",Soul Feast #21: Choosing Roles in Spiritual Partnership - The Seat of the Soul Institute,"    In this Soul Feast, Gary explores how roles are chosen within a spiritual partnership and how they shape personal and spiritual growth. Unlike traditional relationships, where roles are often assigned by society, culture, or external expectations, spiritual partnerships provide an opportunity to consciously choose roles based on love rather than fear. By doing […]",https://seatofthesoul.com/wp-content/uploads/2025/02/GaryZukav_Ep21_Graphic-02-1024x1024.png,summary_large_image,Article|BreadcrumbList|ImageObject|Organization|Person|WebPage|WebSite,536,3,1,28,7,G-PZH9QMWR4R,UA-200510356-1,,630056102333543,,,MEDIUM,title length 88 (target 25–65); missing meta description; 1/3 imgs missing alt
https://seatofthesoul.com/challenge-a-frightened-part-of-my-personality/,post,200,https://seatofthesoul.com/challenge-a-frightened-part-of-my-personality/,986,110.4,Soul Snack #21: How Do I Challenge a Frightened Part of My Personality? - The Seat of the Soul Institute,104,,0,Soul Snack #21: How Do I Challenge a Frightened Part of My Personality?,1,8,https://seatofthesoul.com/challenge-a-frightened-part-of-my-personality/,en-US,"index, follow, max-image-preview:large, max-snippet:-1, max-video-preview:-1",Soul Snack #21: How Do I Challenge a Frightened Part of My Personality? - The Seat of the Soul Institute,"    In this Soul Snack, Gary explores the process of recognizing and challenging the frightened parts of our personality. He explains how these parts, rooted in fear, shape our experiences by driving emotions such as anger, jealousy, resentment, and insecurity.    Through emotional awareness and responsible choice, we can begin the journey of moving […]",https://seatofthesoul.com/wp-content/uploads/2025/02/GaryZukav_Ep21.5_Graphic-01-1024x1024.png,summary_large_image,Article|BreadcrumbList|ImageObject|Organization|Person|WebPage|WebSite,528,3,1,28,7,G-PZH9QMWR4R,UA-200510356-1,,630056102333543,,,MEDIUM,title length 104 (target 25–65); missing meta description; 1/3 imgs missing alt
https://seatofthesoul.com/what-you-can-control/,post,200,https://seatofthesoul.com/what-you-can-control/,1170,110.0,Soul Feast #24: What You Can Control - The Seat of the Soul Institute,69,,0,Soul Feast #24: What You Can Control,1,9,https://seatofthesoul.com/what-you-can-control/,en-US,"index, follow, max-image-preview:large, max-snippet:-1, max-video-preview:-1",Soul Feast #24: What You Can Control - The Seat of the Soul Institute,"  In this Soul Feast, Gary explores a fundamental question: What can you control? Our perception of control is shaped by whether we operate from the old consciousness—rooted in external power, manipulation, and dominance—or from the emerging multisensory consciousness, which embraces spiritual growth and authentic power.  He challenges the traditional notion of control and introduces […]",https://seatofthesoul.com/wp-content/uploads/2025/02/GaryZukav_Ep24_Graphic-01-1024x1024.png,summary_large_image,Article|BreadcrumbList|ImageObject|Organization|Person|WebPage|WebSite,537,3,1,28,7,G-PZH9QMWR4R,UA-200510356-1,,630056102333543,,,MEDIUM,title length 69 (target 25–65); missing meta description; 1/3 imgs missing alt
https://seatofthesoul.com/care-giving-vs-care-taking/,post,200,https://seatofthesoul.com/care-giving-vs-care-taking/,956,109.8,Soul Snack #24: Care-giving vs. Care-taking - The Seat of the Soul Institute,76,,0,Soul Snack #24: Care-giving vs. Care-taking,1,8,https://seatofthesoul.com/care-giving-vs-care-taking/,en-US,"index, follow, max-image-preview:large, max-snippet:-1, max-video-preview:-1",Soul Snack #24: Care-giving vs. Care-taking - The Seat of the Soul Institute,"    In this Soul Snack, Gary and Linda explore the profound difference between care-giving and care-taking. Through a heartfelt exchange with a healthcare worker, Linda gently unpacks the emotional dynamics at play when caring for others. She reveals how care-taking—often driven by a need for approval or validation—can mask unresolved pain within us.  True […]",https://seatofthesoul.com/wp-content/uploads/2025/02/GaryZukav_Ep24.5_Graphic-01.png,summary_large_image,Article|BreadcrumbList|ImageObject|Organization|Person|WebPage|WebSite,497,3,1,28,7,G-PZH9QMWR4R,UA-200510356-1,,630056102333543,,,MEDIUM,title length 76 (target 25–65); missing meta description; 1/3 imgs missing alt
https://seatofthesoul.com/what-to-do-about-disintegrating-social-structures/,post,200,https://seatofthesoul.com/what-to-do-about-disintegrating-social-structures/,1030,110.9,Soul Feast #25 - What to Do About Disintegrating Social Structures - The Seat of the Soul Institute,99,,0,Soul Feast #25 – What to Do About Disintegrating Social Structures,1,8,https://seatofthesoul.com/what-to-do-about-disintegrating-social-structures/,en-US,"index, follow, max-image-preview:large, max-snippet:-1, max-video-preview:-1",Soul Feast #25 - What to Do About Disintegrating Social Structures - The Seat of the Soul Institute,"Humanity is undergoing an unprecedented shift in consciousness, and as a result, the social structures that have shaped our lives for millennia are beginning to disintegrate.  In this Soul Feast, Gary explores the origins of these structures—such as education, healthcare, business, and governance—revealing how they emerged from human experience and were built upon external power, […]",https://seatofthesoul.com/wp-content/uploads/2025/03/GaryZukav_Ep25_Graphic-01-1024x1024.png,summary_large_image,Article|BreadcrumbList|ImageObject|Organization|Person|WebPage|WebSite,568,3,1,28,7,G-PZH9QMWR4R,UA-200510356-1,,630056102333543,,,MEDIUM,title length 99 (target 25–65); missing meta description; 1/3 imgs missing alt
https://seatofthesoul.com/what-is-evil/,post,200,https://seatofthesoul.com/what-is-evil/,1033,109.5,Soul Snack #25 - What is Evil? - The Seat of the Soul Institute,63,,0,Soul Snack #25 – What is Evil?,1,9,https://seatofthesoul.com/what-is-evil/,en-US,"index, follow, max-image-preview:large, max-snippet:-1, max-video-preview:-1",Soul Snack #25 - What is Evil? - The Seat of the Soul Institute,"Evil is often thought of as an external force, something separate from us, lurking in the shadows. But in this Soul Snack, Gary Zukav offers a transformative perspective—evil is not a presence but an absence. It is the absence of love, of light, of consciousness.  As humanity undergoes an unprecedented shift, we are faced with […]",https://seatofthesoul.com/wp-content/uploads/2025/03/GaryZukav_Ep25.5_Graphic-01-1024x1024.png,summary_large_image,Article|BreadcrumbList|ImageObject|Organization|Person|WebPage|WebSite,538,3,1,28,7,G-PZH9QMWR4R,UA-200510356-1,,630056102333543,,,MEDIUM,missing meta description; 1/3 imgs missing alt
https://seatofthesoul.com/saying-what-is-most-difficult-in-spiritual-partnership/,post,200,https://seatofthesoul.com/saying-what-is-most-difficult-in-spiritual-partnership/,890,111.1,Soul Feast #22: Saying What is Most Difficult in Spiritual Partnership - The Seat of the Soul Institute,103,,0,Soul Feast #22: Saying What is Most Difficult in Spiritual Partnership,1,8,https://seatofthesoul.com/saying-what-is-most-difficult-in-spiritual-partnership/,en-US,"index, follow, max-image-preview:large, max-snippet:-1, max-video-preview:-1",Soul Feast #22: Saying What is Most Difficult in Spiritual Partnership - The Seat of the Soul Institute,"    In this Soul Feast of The Gary Zukav Podcast, Gary explores one of the most profound aspects of spiritual partnership—the courage to speak the things we fear will destroy the relationship.  Unlike traditional relationships, where difficult truths are often avoided to maintain harmony, spiritual partnerships thrive on honest, courageous communication. Sharing these truths […]",https://seatofthesoul.com/wp-content/uploads/2025/02/GaryZukav_Ep22_Graphic-01-1024x1024.png,summary_large_image,Article|BreadcrumbList|ImageObject|Organization|Person|WebPage|WebSite,552,3,1,28,7,G-PZH9QMWR4R,UA-200510356-1,,630056102333543,,,MEDIUM,title length 103 (target 25–65); missing meta description; 1/3 imgs missing alt
https://seatofthesoul.com/pay-attention-to-your-emotions/,post,200,https://seatofthesoul.com/pay-attention-to-your-emotions/,852,110.8,Soul Snack #27: Pay Attention to Your Emotions - The Seat of the Soul Institute,79,,0,Soul Snack #27: Pay Attention to Your Emotions,1,8,https://seatofthesoul.com/pay-attention-to-your-emotions/,en-US,"index, follow, max-image-preview:large, max-snippet:-1, max-video-preview:-1",Soul Snack #27: Pay Attention to Your Emotions - The Seat of the Soul Institute,"Emotions are more than fleeting feelings—they are powerful signals guiding us toward self-awareness and transformation.  In this Soul Snack, Gary Zukav explores the essential role of emotions in creating authentic power. He explains how emotions are not merely mental states but deeply connected to physical sensations within our energy processing centers.  By learning to recognize […]",https://seatofthesoul.com/wp-content/uploads/2025/03/GaryZukav_Ep27.5_Graphic-01.png,summary_large_image,Article|BreadcrumbList|ImageObject|Organization|Person|WebPage|WebSite,569,3,1,28,7,G-PZH9QMWR4R,UA-200510356-1,,630056102333543,,,MEDIUM,title length 79 (target 25–65); missing meta description; 1/3 imgs missing alt
https://seatofthesoul.com/spiritual-partnership-and-the-law-of-attraction/,post,200,https://seatofthesoul.com/spiritual-partnership-and-the-law-of-attraction/,1556,110.8,Soul Feast #28: Spiritual Partnership and the Law of Attraction - The Seat of the Soul Institute,96,,0,Soul Feast #28: Spiritual Partnership and the Law of Attraction,1,7,https://seatofthesoul.com/spiritual-partnership-and-the-law-of-attraction/,en-US,"index, follow, max-image-preview:large, max-snippet:-1, max-video-preview:-1",Soul Feast #28: Spiritual Partnership and the Law of Attraction - The Seat of the Soul Institute,"  In this Soul Feast, Gary Zukav deepens the exploration of the Law of Attraction by examining its profound relationship with spiritual partnership. As humanity undergoes a monumental transformation into a multi-sensory species, Gary shares how the old world of external power is dissolving, making space for the creation of authentic power—an alignment of the […]",https://seatofthesoul.com/wp-content/uploads/2025/04/GaryZukav_Ep28_Graphic-01-1024x1024.png,summary_large_image,Article|BreadcrumbList|ImageObject|Organization|Person|WebPage|WebSite,542,3,1,28,7,G-PZH9QMWR4R,UA-200510356-1,,630056102333543,,,MEDIUM,title length 96 (target 25–65); missing meta description; 1/3 imgs missing alt
https://seatofthesoul.com/how-do-i-heal-depression/,post,200,https://seatofthesoul.com/how-do-i-heal-depression/,1050,109.9,Soul Snack #26 - How Do I Heal Depression? - The Seat of the Soul Institute,75,,0,Soul Snack #26 – How Do I Heal Depression?,1,8,https://seatofthesoul.com/how-do-i-heal-depression/,en-US,"index, follow, max-image-preview:large, max-snippet:-1, max-video-preview:-1",Soul Snack #26 - How Do I Heal Depression? - The Seat of the Soul Institute,"Depression can feel like an all-encompassing weight, a blizzard that obscures the light and joy of life. In this Soul Snack, Gary Zukav explores the nature of depression and the path to healing, offering a profound shift in perspective.  Instead of being an immutable state, depression is a manifestation of a frightened part of our […]",https://seatofthesoul.com/wp-content/uploads/2025/03/GaryZukav_Ep26.5_Graphic-01.png,summary_large_image,Article|BreadcrumbList|ImageObject|Organization|Person|WebPage|WebSite,590,3,1,28,7,G-PZH9QMWR4R,UA-200510356-1,,630056102333543,,,MEDIUM,title length 75 (target 25–65); missing meta description; 1/3 imgs missing alt
https://seatofthesoul.com/deeper-than-defensive/,post,200,https://seatofthesoul.com/deeper-than-defensive/,975,109.9,Soul Snack #23: Deeper Than Defensive - The Seat of the Soul Institute,70,,0,Soul Snack #23: Deeper Than Defensive,1,8,https://seatofthesoul.com/deeper-than-defensive/,en-US,"index, follow, max-image-preview:large, max-snippet:-1, max-video-preview:-1",Soul Snack #23: Deeper Than Defensive - The Seat of the Soul Institute,"    In this insightful Soul Snack of The Gary Zukav Podcast, Gary and Linda explore the powerful emotional dynamics of defensiveness and how it reveals frightened parts of our personality.  Through a real-life exchange at a retreat, Linda helps a participant recognize that defensiveness is a sign of fear, often triggered by the feeling […]",https://seatofthesoul.com/wp-content/uploads/2025/02/GaryZukav_Ep23.5_Graphic-01-1024x1024.png,summary_large_image,Article|BreadcrumbList|ImageObject|Organization|Person|WebPage|WebSite,525,3,1,28,7,G-PZH9QMWR4R,UA-200510356-1,,630056102333543,,,MEDIUM,title length 70 (target 25–65); missing meta description; 1/3 imgs missing alt
https://seatofthesoul.com/new-male-and-the-new-female/,post,200,https://seatofthesoul.com/new-male-and-the-new-female/,951,110.0,Soul Feast #23: The New Male and The New Female - The Seat of the Soul Institute,80,,0,Soul Feast #23: The New Male and The New Female,1,8,https://seatofthesoul.com/new-male-and-the-new-female/,en-US,"index, follow, max-image-preview:large, max-snippet:-1, max-video-preview:-1",Soul Feast #23: The New Male and The New Female - The Seat of the Soul Institute,"  In this Soul Feast, Gary introduces two powerful new archetypes emerging with the new consciousness—the new male and the new female. He explains how these roles replace the old, five-sensory definitions of masculinity and femininity, which were based on external power, control, and survival.  The new male and the new female are no longer […]",https://seatofthesoul.com/wp-content/uploads/2025/02/GaryZukav_Ep23_Graphic-01-1024x1024.png,summary_large_image,Article|BreadcrumbList|ImageObject|Organization|Person|WebPage|WebSite,553,3,1,28,7,G-PZH9QMWR4R,UA-200510356-1,,630056102333543,,,MEDIUM,title length 80 (target 25–65); missing meta description; 1/3 imgs missing alt
https://seatofthesoul.com/am-i-joyful-or-am-i-happy/,post,200,https://seatofthesoul.com/am-i-joyful-or-am-i-happy/,1051,110.2,Soul Feast #26 - Am I Joyful or Am I Happy? - The Seat of the Soul Institute,76,,0,Soul Feast #26 – Am I Joyful or Am I Happy?,1,9,https://seatofthesoul.com/am-i-joyful-or-am-i-happy/,en-US,"index, follow, max-image-preview:large, max-snippet:-1, max-video-preview:-1",Soul Feast #26 - Am I Joyful or Am I Happy? - The Seat of the Soul Institute,"Many people use the words “joy” and “happiness” interchangeably, but are they really the same? In this Soul Feast, Gary Zukav explores the profound difference between the fleeting highs of happiness—driven by external circumstances—and the deep, unwavering presence of joy. While happiness is tied to the temporary satisfaction of our fears and desires, joy arises […]",https://seatofthesoul.com/wp-content/uploads/2025/03/GaryZukav_Ep26_Graphic-01-1024x1024.png,summary_large_image,Article|BreadcrumbList|ImageObject|Organization|Person|WebPage|WebSite,580,3,1,28,7,G-PZH9QMWR4R,UA-200510356-1,,630056102333543,,,MEDIUM,title length 76 (target 25–65); missing meta description; 1/3 imgs missing alt
https://seatofthesoul.com/garys-first-encounter-with-multi-sensory-perception/,post,200,https://seatofthesoul.com/garys-first-encounter-with-multi-sensory-perception/,4422,110.7,Soul Snack #22: Gary’s First Encounter With Multi-Sensory Perception - The Seat of the Soul Institute,101,,0,Soul Snack #22: Gary’s First Encounter With Multi-Sensory Perception,1,8,https://seatofthesoul.com/garys-first-encounter-with-multi-sensory-perception/,en-US,"index, follow, max-image-preview:large, max-snippet:-1, max-video-preview:-1",Soul Snack #22: Gary’s First Encounter With Multi-Sensory Perception - The Seat of the Soul Institute,"In this fascinating Soul Snack, Gary reflects on his earliest experiences of multi-sensory perception and how they shaped his journey toward authentic power. He shares the pivotal moments that first made him aware that there was more to life than the physical world, including a powerful encounter with his grandmother after her transition from the […]",https://seatofthesoul.com/wp-content/uploads/2025/02/GaryZukav_Ep22.5_Graphic-01-1024x1024.png,summary_large_image,Article|BreadcrumbList|ImageObject|Organization|Person|WebPage|WebSite,520,3,1,28,7,G-PZH9QMWR4R,UA-200510356-1,,630056102333543,,,MEDIUM,title length 101 (target 25–65); missing meta description; 1/3 imgs missing alt
https://seatofthesoul.com/choice-karma-and-the-law-of-attraction/,post,200,https://seatofthesoul.com/choice-karma-and-the-law-of-attraction/,1013,110.2,"Soul Feast #27 - Choice, Karma, and The Law of Attraction - The Seat of the Soul Institute",90,,0,"Soul Feast #27 – Choice, Karma, and The Law of Attraction",1,8,https://seatofthesoul.com/choice-karma-and-the-law-of-attraction/,en-US,"index, follow, max-image-preview:large, max-snippet:-1, max-video-preview:-1","Soul Feast #27 - Choice, Karma, and The Law of Attraction - The Seat of the Soul Institute","Have you ever wondered why certain people or situations seem to consistently appear in your life? In this insightful Soul Feast, Gary Zukav dives deep into the powerful principles of choice, karma, and the law of attraction.  Gary explains that the Law of Attraction—”like energy attracts like energy”—reflects our internal state back to us.  Whether […]",https://seatofthesoul.com/wp-content/uploads/2025/03/GaryZukav_Ep27_Graphic-01-1024x1024.png,summary_large_image,Article|BreadcrumbList|ImageObject|Organization|Person|WebPage|WebSite,512,3,1,28,7,G-PZH9QMWR4R,UA-200510356-1,,630056102333543,,,MEDIUM,title length 90 (target 25–65); missing meta description; 1/3 imgs missing alt
https://seatofthesoul.com/how-oprah-called/,post,200,https://seatofthesoul.com/how-oprah-called/,1078,110.9,Soul Feast #1: How Is It That Oprah Called You? - The Seat of the Soul Institute,80,"Discover the profound insights of Gary Zukav, a renowned author who gained national recognition through his work with Oprah. Explore the transformative connection between personality and soul, using the sailing ship metaphor to navigate life's meaning and purpose. Experience the spiritual energy of Mount Shasta, a hub for outdoor activities, while embracing gratitude in all aspects of life.",393,Soul Feast #1: How Is It That Oprah Called You?,1,7,https://seatofthesoul.com/how-oprah-called/,en-US,"index, follow, max-image-preview:large, max-snippet:-1, max-video-preview:-1",Soul Feast #1: How Is It That Oprah Called You? - The Seat of the Soul Institute,"Discover the profound insights of Gary Zukav, a renowned author who gained national recognition through his work with Oprah. Explore the transformative connection between personality and soul, using the sailing ship metaphor to navigate life's meaning and purpose. Experience the spiritual energy of Mount Shasta, a hub for outdoor activities, while embracing gratitude in all aspects of life.",https://seatofthesoul.com/wp-content/uploads/2024/10/Gary-Zukav-Graphic-2.jpg,summary_large_image,Article|BreadcrumbList|ImageObject|Organization|Person|WebPage|WebSite,521,3,1,27,7,G-PZH9QMWR4R,UA-200510356-1,,630056102333543,,,MEDIUM,title length 80 (target 25–65); meta desc length 393 (target 70–165); 1/3 imgs missing alt
https://seatofthesoul.com/giving-your-gifts/,post,200,https://seatofthesoul.com/giving-your-gifts/,1370,108.5,Soul Snack #1: Giving Your Gifts - The Seat of the Soul Institute,65,,0,Soul Snack #1: Giving Your Gifts,1,7,https://seatofthesoul.com/giving-your-gifts/,en-US,"index, follow, max-image-preview:large, max-snippet:-1, max-video-preview:-1",Soul Snack #1: Giving Your Gifts - The Seat of the Soul Institute,"In today’s Soul Snack, Gary Zukav guides you through a powerful four-minute meditation on the concept of meaning.  This brief meditation encourages deep reflection on how we define meaning in our lives and how that definition can either be rooted in love or fear.  Gary explores the distinction between finding meaning through external identities—such as […]",https://seatofthesoul.com/wp-content/uploads/2024/10/1500-Thumbnail-Ep2.jpg,summary_large_image,Article|BreadcrumbList|ImageObject|Organization|Person|WebPage|WebSite,407,3,1,27,7,G-PZH9QMWR4R,UA-200510356-1,,630056102333543,,,MEDIUM,missing meta description; 1/3 imgs missing alt
https://seatofthesoul.com/underneath-reaction/,post,200,https://seatofthesoul.com/underneath-reaction/,1073,110.5,Soul Snack #28: Underneath Reaction - The Seat of the Soul Institute,68,,0,Soul Snack #28: Underneath Reaction,1,7,https://seatofthesoul.com/underneath-reaction/,en-US,"index, follow, max-image-preview:large, max-snippet:-1, max-video-preview:-1",Soul Snack #28: Underneath Reaction - The Seat of the Soul Institute,"Every moment of emotional discomfort presents a powerful opportunity: the chance to respond consciously instead of reacting automatically.  In this Soul Snack, Gary Zukav explores what lies beneath our reactions—those unconscious, habitual patterns that often mask deeper pain and fear. He invites listeners to consider how they’ve learned to avoid emotional pain throughout their lives […]",https://seatofthesoul.com/wp-content/uploads/2025/04/GaryZukav_Ep28.5_Graphic-01-1024x1024.png,summary_large_image,Article|BreadcrumbList|ImageObject|Organization|Person|WebPage|WebSite,575,3,1,28,7,G-PZH9QMWR4R,UA-200510356-1,,630056102333543,,,MEDIUM,title length 68 (target 25–65); missing meta description; 1/3 imgs missing alt
https://seatofthesoul.com/what-is-a-universal-human/,post,200,https://seatofthesoul.com/what-is-a-universal-human/,214,110.3,Soul Feast #29: What is a Universal Human? - The Seat of the Soul Institute,75,,0,Soul Feast #29: What is a Universal Human?,1,8,https://seatofthesoul.com/what-is-a-universal-human/,en-US,"index, follow, max-image-preview:large, max-snippet:-1, max-video-preview:-1",Soul Feast #29: What is a Universal Human? - The Seat of the Soul Institute,"In this powerful Soul Feast of The Gary Zukav Podcast, Gary takes listeners beyond the concept of multisensory perception and into the next evolutionary step in human consciousness—the Universal Human.  As he explains, humanity is currently undergoing a monumental shift from five-sensory awareness into multisensory awareness, and already, something even greater is pulling us forward. […]",https://seatofthesoul.com/wp-content/uploads/2025/04/GaryZukav_Ep29_Graphic-01-1024x1024.png,summary_large_image,Article|BreadcrumbList|ImageObject|Organization|Person|WebPage|WebSite,579,3,1,28,7,G-PZH9QMWR4R,UA-200510356-1,,630056102333543,,,MEDIUM,title length 75 (target 25–65); missing meta description; 1/3 imgs missing alt
https://seatofthesoul.com/supporting-vs-projecting/,post,200,https://seatofthesoul.com/supporting-vs-projecting/,938,110.3,Soul Snack #29: Supporting vs. Projecting - The Seat of the Soul Institute,74,,0,Soul Snack #29: Supporting vs. Projecting,1,8,https://seatofthesoul.com/supporting-vs-projecting/,en-US,"index, follow, max-image-preview:large, max-snippet:-1, max-video-preview:-1",Soul Snack #29: Supporting vs. Projecting - The Seat of the Soul Institute,"When we try to support someone we care about, how can we tell if we’re truly helping—or just projecting our own fears onto them? In this Soul Snack, Gary Zukav and Linda Francis examine the subtle yet significant difference between supporting others from love versus projecting our own unacknowledged pain. He shares why spiritual partnerships […]",https://seatofthesoul.com/wp-content/uploads/2025/04/GaryZukav_Ep29.5_Graphic-01.png,summary_large_image,Article|BreadcrumbList|ImageObject|Organization|Person|WebPage|WebSite,586,3,1,28,7,G-PZH9QMWR4R,UA-200510356-1,,630056102333543,,,MEDIUM,title length 74 (target 25–65); missing meta description; 1/3 imgs missing alt
https://seatofthesoul.com/everything-is-an-opportunity/,post,200,https://seatofthesoul.com/everything-is-an-opportunity/,970,110.4,Soul Feast #30: Everything is an Opportunity - The Seat of the Soul Institute,77,,0,Soul Feast #30: Everything is an Opportunity,1,8,https://seatofthesoul.com/everything-is-an-opportunity/,en-US,"index, follow, max-image-preview:large, max-snippet:-1, max-video-preview:-1",Soul Feast #30: Everything is an Opportunity - The Seat of the Soul Institute,"  In this Soul Feast, Gary invites listeners to look beyond the surface of life’s events—both joyful and painful—and recognize that everything we encounter is an opportunity for spiritual growth.  Whether it’s a burst of inspiration, a moment of frustration, or an intense emotional experience, each instance is an opening to become more emotionally aware […]",https://seatofthesoul.com/wp-content/uploads/2025/04/GaryZukav_Ep30_Graphic-01-1024x1024.png,summary_large_image,Article|BreadcrumbList|ImageObject|Organization|Person|WebPage|WebSite,592,3,1,28,7,G-PZH9QMWR4R,UA-200510356-1,,630056102333543,,,MEDIUM,title length 77 (target 25–65); missing meta description; 1/3 imgs missing alt
https://seatofthesoul.com/when-are-boundaries-necessary/,post,200,https://seatofthesoul.com/when-are-boundaries-necessary/,1004,110.4,Soul Snack #30: When Are Boundaries Necessary? - The Seat of the Soul Institute,79,,0,Soul Snack #30: When Are Boundaries Necessary?,1,9,https://seatofthesoul.com/when-are-boundaries-necessary/,en-US,"index, follow, max-image-preview:large, max-snippet:-1, max-video-preview:-1",Soul Snack #30: When Are Boundaries Necessary? - The Seat of the Soul Institute,"  Boundaries are often seen as emotional shields—tools we use to protect ourselves from pain, discomfort, or conflict. But… What if the impulse to build boundaries comes not from wisdom, but from fear? In this Soul Snack, Gary Zukav explores why emotional pain doesn’t come from other people, but from within, and how true emotional […]",https://seatofthesoul.com/wp-content/uploads/2025/04/GaryZukav_Ep30.5_Graphic-01.png,summary_large_image,Article|BreadcrumbList|ImageObject|Organization|Person|WebPage|WebSite,588,3,1,28,7,G-PZH9QMWR4R,UA-200510356-1,,630056102333543,,,MEDIUM,title length 79 (target 25–65); missing meta description; 1/3 imgs missing alt
https://seatofthesoul.com/relating-to-someone-who-is-negative/,post,200,https://seatofthesoul.com/relating-to-someone-who-is-negative/,1053,110.2,Soul Snack #31: Relating to Someone Who is Negative - The Seat of the Soul Institute,84,,0,Soul Snack #31: Relating to Someone Who is Negative,1,8,https://seatofthesoul.com/relating-to-someone-who-is-negative/,en-US,"index, follow, max-image-preview:large, max-snippet:-1, max-video-preview:-1",Soul Snack #31: Relating to Someone Who is Negative - The Seat of the Soul Institute,"What do you do when someone you love is often negative, judgmental, or emotionally shut down—and you want to create a genuine, meaningful relationship with them?  In this Soul Snack, Gary responds to a listener’s heartfelt question about their difficult relationship with a negative parent. Through his answer, Gary invites us to shift our understanding […]",https://seatofthesoul.com/wp-content/uploads/2025/04/GaryZukav_Ep31.5_Graphic-01.png,summary_large_image,Article|BreadcrumbList|ImageObject|Organization|Person|WebPage|WebSite,559,3,1,28,7,G-PZH9QMWR4R,UA-200510356-1,,630056102333543,,,MEDIUM,title length 84 (target 25–65); missing meta description; 1/3 imgs missing alt
https://seatofthesoul.com/together-miniseries-2-the-death-of-external-power/,post,200,https://seatofthesoul.com/together-miniseries-2-the-death-of-external-power/,1285,110.9,Soul Feast #32: Together Miniseries #2: The Death of External Power - The Seat of the Soul Institute,100,,0,Soul Feast #32: Together Miniseries #2: The Death of External Power,1,8,https://seatofthesoul.com/together-miniseries-2-the-death-of-external-power/,en-US,"index, follow, max-image-preview:large, max-snippet:-1, max-video-preview:-1",Soul Feast #32: Together Miniseries #2: The Death of External Power - The Seat of the Soul Institute,"In this Soul Feast Gary continues the Together Miniseries by exploring one of the most defining shifts of our time: the death of external power. He explains how the structures that once defined success—control, dominance, manipulation—are no longer sustainable in the new consciousness that is emerging.  Humanity is in a rapid transformation, moving away from […]",https://seatofthesoul.com/wp-content/uploads/2025/04/GaryZukav_Ep32_Graphic-01-1024x1024.png,summary_large_image,Article|BreadcrumbList|ImageObject|Organization|Person|WebPage|WebSite,615,3,1,28,7,G-PZH9QMWR4R,UA-200510356-1,,630056102333543,,,MEDIUM,title length 100 (target 25–65); missing meta description; 1/3 imgs missing alt
https://seatofthesoul.com/were-all-in-it-together/,post,200,https://seatofthesoul.com/were-all-in-it-together/,1699,110.7,Soul Feast #31: Together Miniseries #1: We're All In It Together - The Seat of the Soul Institute,97,,0,Soul Feast #31: Together Miniseries #1: We’re All In It Together,1,8,https://seatofthesoul.com/were-all-in-it-together/,en-US,"index, follow, max-image-preview:large, max-snippet:-1, max-video-preview:-1",Soul Feast #31: Together Miniseries #1: We're All In It Together - The Seat of the Soul Institute,"In this Soul Feast Gary shares a profound message about the unity of Life and the transformational journey humanity is undergoing. As the old world dissolves and a new one takes form, he reminds us that we are all part of something greater—a human family that is inseparable from all of Life.  Whether we recognize […]",https://seatofthesoul.com/wp-content/uploads/2025/04/GaryZukav_Ep31_Graphic-01-1024x1024.png,summary_large_image,Article|BreadcrumbList|ImageObject|Organization|Person|WebPage|WebSite,632,3,1,28,7,G-PZH9QMWR4R,UA-200510356-1,,630056102333543,,,MEDIUM,title length 97 (target 25–65); missing meta description; 1/3 imgs missing alt
https://seatofthesoul.com/together-miniseries-3-the-birth-of-authentic-power/,post,200,https://seatofthesoul.com/together-miniseries-3-the-birth-of-authentic-power/,1165,111.1,Soul Feast #33: Together Miniseries #3: The Birth of Authentic Power - The Seat of the Soul Institute,101,,0,Soul Feast #33: Together Miniseries #3: The Birth of Authentic Power,1,8,https://seatofthesoul.com/together-miniseries-3-the-birth-of-authentic-power/,en-US,"index, follow, max-image-preview:large, max-snippet:-1, max-video-preview:-1",Soul Feast #33: Together Miniseries #3: The Birth of Authentic Power - The Seat of the Soul Institute,"In this Soul Feast Gary continues the Together Miniseries by exploring the profound transformation from external power to authentic power. As humanity collectively steps into a new consciousness, Gary discusses how aligning your personality with your soul becomes the new foundation of power.  He invites listeners to recognize that true strength lies not in control […]",https://seatofthesoul.com/wp-content/uploads/2025/05/GaryZukav_Ep33_Graphic-01-1024x1024.png,summary_large_image,Article|BreadcrumbList|ImageObject|Organization|Person|WebPage|WebSite,655,3,1,28,7,G-PZH9QMWR4R,UA-200510356-1,,630056102333543,,,MEDIUM,title length 101 (target 25–65); missing meta description; 1/3 imgs missing alt
https://seatofthesoul.com/what-inspired-gary-to-change/,post,200,https://seatofthesoul.com/what-inspired-gary-to-change/,1393,109.7,Soul Snack #33: What Inspired Gary to Change? - The Seat of the Soul Institute,78,,0,Soul Snack #33: What Inspired Gary to Change?,1,8,https://seatofthesoul.com/what-inspired-gary-to-change/,en-US,"index, follow, max-image-preview:large, max-snippet:-1, max-video-preview:-1",Soul Snack #33: What Inspired Gary to Change? - The Seat of the Soul Institute,"In this Soul Snack, Gary offers a deeply personal reflection on the origins of his transformation—from living in anger to choosing a path of love and authentic power. Responding to a listener’s question, Gary shares how discovering the non-physical dimensions of life helped him understand the deeper consequences of his actions—not just on himself, but […]",https://seatofthesoul.com/wp-content/uploads/2025/05/GaryZukav_Ep33.5_Graphic-01-1024x1024.png,summary_large_image,Article|BreadcrumbList|ImageObject|Organization|Person|WebPage|WebSite,529,3,1,28,7,G-PZH9QMWR4R,UA-200510356-1,,630056102333543,,,MEDIUM,title length 78 (target 25–65); missing meta description; 1/3 imgs missing alt
https://seatofthesoul.com/together-miniseries-4-the-beauty-of-the-contrast/,post,200,https://seatofthesoul.com/together-miniseries-4-the-beauty-of-the-contrast/,977,111.2,Soul Feast #34: Together Miniseries #4: The Beauty of the Contrast - The Seat of the Soul Institute,99,,0,Soul Feast #34: Together Miniseries #4: The Beauty of the Contrast,1,8,https://seatofthesoul.com/together-miniseries-4-the-beauty-of-the-contrast/,en-US,"index, follow, max-image-preview:large, max-snippet:-1, max-video-preview:-1",Soul Feast #34: Together Miniseries #4: The Beauty of the Contrast - The Seat of the Soul Institute,"In this Soul Feast Gary continues the Together miniseries by inviting listeners to explore a crucial threshold in human evolution: the stark contrast between external power and authentic power. As the old world crumbles and a new consciousness arises, Gary emphasizes that we are all being asked to choose.  Will we continue down the path […]",https://seatofthesoul.com/wp-content/uploads/2025/05/GaryZukav_Ep34_Graphic-01.jpg,summary_large_image,Article|BreadcrumbList|ImageObject|Organization|Person|WebPage|WebSite,634,3,1,28,7,G-PZH9QMWR4R,UA-200510356-1,,630056102333543,,,MEDIUM,title length 99 (target 25–65); missing meta description; 1/3 imgs missing alt
https://seatofthesoul.com/staying-present/,post,200,https://seatofthesoul.com/staying-present/,1173,109.8,Soul Snack#32: Staying Present - The Seat of the Soul Institute,63,,0,Soul Snack#32: Staying Present,1,8,https://seatofthesoul.com/staying-present/,en-US,"index, follow, max-image-preview:large, max-snippet:-1, max-video-preview:-1",Soul Snack#32: Staying Present - The Seat of the Soul Institute,"In this powerful Soul Snack, Gary answers a listener’s question about how to stay present during the day—and how to realign when we feel emotionally overwhelmed or off course. Through the lens of emotional awareness, Gary shares how we can become more conscious of the energy moving through us and begin to recognize whether we’re […]",https://seatofthesoul.com/wp-content/uploads/2025/04/GaryZukav_Ep32.5_Graphic-01-1024x1024.png,summary_large_image,Article|BreadcrumbList|ImageObject|Organization|Person|WebPage|WebSite,595,3,1,28,7,G-PZH9QMWR4R,UA-200510356-1,,630056102333543,,,MEDIUM,missing meta description; 1/3 imgs missing alt
https://seatofthesoul.com/how-can-we-understand-suicide/,post,200,https://seatofthesoul.com/how-can-we-understand-suicide/,1065,110.2,Soul Snack # 34: How Can We Understand Suicide? - The Seat of the Soul Institute,80,,0,Soul Snack # 34: How Can We Understand Suicide?,1,8,https://seatofthesoul.com/how-can-we-understand-suicide/,en-US,"index, follow, max-image-preview:large, max-snippet:-1, max-video-preview:-1",Soul Snack # 34: How Can We Understand Suicide? - The Seat of the Soul Institute,"In this deeply compassionate and spiritually grounded Soul Snack, Gary responds to a listener’s question about how to talk with a young man grieving the suicide of his father. With vulnerability and clarity, Gary reflects on the loss of his own brother to suicide and guides listeners into a larger understanding of such tragedies through […]",https://seatofthesoul.com/wp-content/uploads/2025/05/GaryZukav_Ep34.5_Graphic-01.jpg,summary_large_image,Article|BreadcrumbList|ImageObject|Organization|Person|WebPage|WebSite,598,3,1,28,7,G-PZH9QMWR4R,UA-200510356-1,,630056102333543,,,MEDIUM,title length 80 (target 25–65); missing meta description; 1/3 imgs missing alt
https://seatofthesoul.com/together-miniseries-5-the-journey-inside-fear/,post,200,https://seatofthesoul.com/together-miniseries-5-the-journey-inside-fear/,1051,110.9,Soul Feast #35: Together Miniseries #5: The Journey Inside - Fear - The Seat of the Soul Institute,98,,0,Soul Feast #35: Together Miniseries #5: The Journey Inside – Fear,1,8,https://seatofthesoul.com/together-miniseries-5-the-journey-inside-fear/,en-US,"index, follow, max-image-preview:large, max-snippet:-1, max-video-preview:-1",Soul Feast #35: Together Miniseries #5: The Journey Inside - Fear - The Seat of the Soul Institute,"In this deeply illuminating Soul Feast, Gary continues the Together miniseries by guiding listeners inward – toward the uncharted territory of their own emotions. While previous episodes contrasted external and authentic power through societal structures, this conversation brings that contrast home, into the interior landscape of the self.  Gary invites us to look past the […]",https://seatofthesoul.com/wp-content/uploads/2025/05/GaryZukav_Ep35_Graphic-01.jpg,summary_large_image,Article|BreadcrumbList|ImageObject|Organization|Person|WebPage|WebSite,621,3,1,28,7,G-PZH9QMWR4R,UA-200510356-1,,630056102333543,,,MEDIUM,title length 98 (target 25–65); missing meta description; 1/3 imgs missing alt
https://seatofthesoul.com/can-healing-be-spontaneous/,post,200,https://seatofthesoul.com/can-healing-be-spontaneous/,1107,110.3,Soul Snack #35: Can Healing Be Spontaneous? - The Seat of the Soul Institute,76,,0,Soul Snack #35: Can Healing Be Spontaneous?,1,9,https://seatofthesoul.com/can-healing-be-spontaneous/,en-US,"index, follow, max-image-preview:large, max-snippet:-1, max-video-preview:-1",Soul Snack #35: Can Healing Be Spontaneous? - The Seat of the Soul Institute,"In this Soul Snack Gary explores the powerful question: Is healing spontaneous, or is it something we must choose and cultivate within ourselves? With clarity and conviction, he emphasizes that healing is not a random gift from the universe – it is a conscious, personal responsibility. He guides listeners to understand how emotional awareness and […]",https://seatofthesoul.com/wp-content/uploads/2025/05/GaryZukav_Ep35.5_Graphic-01.jpg,summary_large_image,Article|BreadcrumbList|ImageObject|Organization|Person|WebPage|WebSite,599,3,1,28,7,G-PZH9QMWR4R,UA-200510356-1,,630056102333543,,,MEDIUM,title length 76 (target 25–65); missing meta description; 1/3 imgs missing alt
https://seatofthesoul.com/together-miniseries-6-the-journey-inside-love/,post,200,https://seatofthesoul.com/together-miniseries-6-the-journey-inside-love/,986,110.8,Soul Feast #36: Together Miniseries #6: The Journey Inside - Love - The Seat of the Soul Institute,98,,0,Soul Feast #36: Together Miniseries #6: The Journey Inside – Love,1,8,https://seatofthesoul.com/together-miniseries-6-the-journey-inside-love/,en-US,"index, follow, max-image-preview:large, max-snippet:-1, max-video-preview:-1",Soul Feast #36: Together Miniseries #6: The Journey Inside - Love - The Seat of the Soul Institute,"In this powerful continuation of the Together miniseries, Gary invites listeners deeper into the journey inward – this time into the heart-opening terrain of love. After exploring fear and pain in the previous Soul Feast, Gary now turns toward the uplifting emotional experiences that arise when we begin to live from the soul: gratitude, contentment, […]",https://seatofthesoul.com/wp-content/uploads/2025/05/GaryZukav_Ep36_Graphic-01.jpg,summary_large_image,Article|BreadcrumbList|ImageObject|Organization|Person|WebPage|WebSite,620,3,1,28,7,G-PZH9QMWR4R,UA-200510356-1,,630056102333543,,,MEDIUM,title length 98 (target 25–65); missing meta description; 1/3 imgs missing alt
https://seatofthesoul.com/the-pain-of-powerlessness/,post,200,https://seatofthesoul.com/the-pain-of-powerlessness/,964,110.1,Soul Snack # 36: The Pain of Powerlessness - The Seat of the Soul Institute,75,,0,Soul Snack # 36: The Pain of Powerlessness,1,8,https://seatofthesoul.com/the-pain-of-powerlessness/,en-US,"index, follow, max-image-preview:large, max-snippet:-1, max-video-preview:-1",Soul Snack # 36: The Pain of Powerlessness - The Seat of the Soul Institute,"In this Soul Snack Gary explores one of the deepest and most universal human experiences: the pain of powerlessness. He reveals how this pain manifests as feelings of unworthiness, isolation, and the belief that we are flawed beyond repair – and how these internal experiences have historically led us to seek external power as a […]",https://seatofthesoul.com/wp-content/uploads/2025/05/GaryZukav_Ep36.5_Graphic-01.jpg,summary_large_image,Article|BreadcrumbList|ImageObject|Organization|Person|WebPage|WebSite,572,3,1,28,7,G-PZH9QMWR4R,UA-200510356-1,,630056102333543,,,MEDIUM,title length 75 (target 25–65); missing meta description; 1/3 imgs missing alt
https://seatofthesoul.com/soul-snack-37-meditation-meeting-a-friend/,post,200,https://seatofthesoul.com/soul-snack-37-meditation-meeting-a-friend/,948,108.8,Soul Snack # 37: Guided Meditation (Meeting a Friend) - The Seat of the Soul Institute,86,,0,Soul Snack # 37: Guided Meditation (Meeting a Friend),1,6,https://seatofthesoul.com/soul-snack-37-meditation-meeting-a-friend/,en-US,"index, follow, max-image-preview:large, max-snippet:-1, max-video-preview:-1",Soul Snack # 37: Guided Meditation (Meeting a Friend) - The Seat of the Soul Institute,"https://youtu.be/4CbOkS4it-Q In this Soul Snack, Gary invites listeners to experience a guided meditation designed to foster inner connection, self-awareness, and peace. Rather than a discussion, this Soul Snack offers a direct experience – an opportunity to step away from external noise and journey inward toward clarity and presence. Set on an imagined beach, this meditation […]",https://seatofthesoul.com/wp-content/uploads/2025/06/GaryZukav_Ep37.5_Graphic-01.jpg,summary_large_image,Article|BreadcrumbList|ImageObject|Organization|Person|WebPage|WebSite,504,3,1,28,7,G-PZH9QMWR4R,UA-200510356-1,,630056102333543,,,MEDIUM,title length 86 (target 25–65); missing meta description; 1/3 imgs missing alt
https://seatofthesoul.com/soul-feast-37-together-miniseries-7-where-were-going/,post,200,https://seatofthesoul.com/soul-feast-37-together-miniseries-7-where-were-going/,1013,110.3,Soul Feast #37: Together Miniseries #7: Where We're Going - The Seat of the Soul Institute,90,,0,Soul Feast #37: Together Miniseries #7: Where We’re Going,1,6,https://seatofthesoul.com/soul-feast-37-together-miniseries-7-where-were-going/,en-US,"index, follow, max-image-preview:large, max-snippet:-1, max-video-preview:-1",Soul Feast #37: Together Miniseries #7: Where We're Going - The Seat of the Soul Institute,"In this Soul Feast of the Together miniseries, Gary brings the spiritual journey full circle by exploring where we’re going as individuals and as a species. A profound shift in consciousness is underway, moving humanity from fear-driven external power to love-based authentic power. Gary reflects on the arc of human evolution and explains why this […]",https://seatofthesoul.com/wp-content/uploads/2025/06/GaryZukav_Ep37_Graphic-02.jpg,summary_large_image,Article|BreadcrumbList|ImageObject|Organization|Person|WebPage|WebSite,641,3,1,28,7,G-PZH9QMWR4R,UA-200510356-1,,630056102333543,,,MEDIUM,title length 90 (target 25–65); missing meta description; 1/3 imgs missing alt
https://seatofthesoul.com/soul-feast-38-together-miniseries-8-the-biggest-surprise/,post,200,https://seatofthesoul.com/soul-feast-38-together-miniseries-8-the-biggest-surprise/,900,110.1,Soul Feast #38: Together Miniseries #8: The Biggest Surprise - The Seat of the Soul Institute,93,,0,Soul Feast #38: Together Miniseries #8: The Biggest Surprise,1,6,https://seatofthesoul.com/soul-feast-38-together-miniseries-8-the-biggest-surprise/,en-US,"index, follow, max-image-preview:large, max-snippet:-1, max-video-preview:-1",Soul Feast #38: Together Miniseries #8: The Biggest Surprise - The Seat of the Soul Institute,"Join the Seat of the Soul monthly newsletter and receive weekly, wisdom filled, insights from Gary. In this final Soul Feast of the Together miniseries, Gary Zukav reveals what may be the most profound spiritual realization of all: love is not only the path forward – it’s the very essence of who we are. Drawing […]",https://seatofthesoul.com/wp-content/uploads/2025/06/GaryZukav_Ep38_Graphic-01.jpg,summary_large_image,Article|BreadcrumbList|ImageObject|Organization|Person|WebPage|WebSite,613,3,1,28,7,G-PZH9QMWR4R,UA-200510356-1,,630056102333543,,,MEDIUM,title length 93 (target 25–65); missing meta description; 1/3 imgs missing alt
https://seatofthesoul.com/soul-snack-38-guided-meditation-partnership-between-equals/,post,200,https://seatofthesoul.com/soul-snack-38-guided-meditation-partnership-between-equals/,1115,109.9,Soul Snack # 38: Guided Meditation (Partnership Between Equals) - The Seat of the Soul Institute,96,,0,Soul Snack # 38: Guided Meditation (Partnership Between Equals),1,6,https://seatofthesoul.com/soul-snack-38-guided-meditation-partnership-between-equals/,en-US,"index, follow, max-image-preview:large, max-snippet:-1, max-video-preview:-1",Soul Snack # 38: Guided Meditation (Partnership Between Equals) - The Seat of the Soul Institute,"Join Gary LIVE every month as he shares his wisdom and answers your questions live. REGISTER HERE for An Evening with Gary Zukav. In this Soul Snack, Gary Zukav offers a powerful guided meditation centered on the experience of equality – soul-to-soul connection that transcends fear and invites you to create authentic power. As he […]",https://seatofthesoul.com/wp-content/uploads/2025/06/GaryZukav_Ep38.5_Graphic-02.jpg,summary_large_image,Article|BreadcrumbList|ImageObject|Organization|Person|WebPage|WebSite,530,3,1,28,7,G-PZH9QMWR4R,UA-200510356-1,,630056102333543,,,MEDIUM,title length 96 (target 25–65); missing meta description; 1/3 imgs missing alt
https://seatofthesoul.com/soul-feast-39-the-danger-of-forgetting/,post,200,https://seatofthesoul.com/soul-feast-39-the-danger-of-forgetting/,974,109.9,Soul Feast #39: The Danger of Forgetting: Let’s Not Repeat the Past - The Seat of the Soul Institute,100,,0,Soul Feast #39: The Danger of Forgetting: Let’s Not Repeat the Past,1,6,https://seatofthesoul.com/soul-feast-39-the-danger-of-forgetting/,en-US,"index, follow, max-image-preview:large, max-snippet:-1, max-video-preview:-1",Soul Feast #39: The Danger of Forgetting: Let’s Not Repeat the Past - The Seat of the Soul Institute,"Are you practicing judgment or discernment? Learn more as Gary explains the difference in this illuminating video. In this thought-provoking Soul Feast, Gary invites us to examine the present moment through the lens of spiritual responsibility and historical awareness. Reflecting on both personal and collective suffering – from the recent crash of an Air India […]",https://seatofthesoul.com/wp-content/uploads/2025/06/GaryZukav_Ep39_Graphic-02.jpg,summary_large_image,Article|BreadcrumbList|ImageObject|Organization|Person|WebPage|WebSite,594,3,1,28,7,G-PZH9QMWR4R,UA-200510356-1,,630056102333543,,,MEDIUM,title length 100 (target 25–65); missing meta description; 1/3 imgs missing alt
https://seatofthesoul.com/soul-snack-39-how-do-i-deal-with-a-bad-decision/,post,200,https://seatofthesoul.com/soul-snack-39-how-do-i-deal-with-a-bad-decision/,896,110.0,Soul Snack # 39: How Do I Deal with a “Bad” Decision (Someone Else’s) - The Seat of the Soul Institute,102,,0,Soul Snack # 39: How Do I Deal with a “Bad” Decision (Someone Else’s),1,6,https://seatofthesoul.com/soul-snack-39-how-do-i-deal-with-a-bad-decision/,en-US,"index, follow, max-image-preview:large, max-snippet:-1, max-video-preview:-1",Soul Snack # 39: How Do I Deal with a “Bad” Decision (Someone Else’s) - The Seat of the Soul Institute,"Learn how to align your personality with your soul and create authentic power in your life. The Authentic Power Guidelines course will guide you on this powerful journey. Learn More Here. When someone makes a decision that affects you – and it feels wrong, unfair, or completely illogical – it can trigger deep emotional reactions. […]",https://seatofthesoul.com/wp-content/uploads/2025/06/GaryZukav_Ep39.5_Graphic-02.jpg,summary_large_image,Article|BreadcrumbList|ImageObject|Organization|Person|WebPage|WebSite,566,3,1,28,7,G-PZH9QMWR4R,UA-200510356-1,,630056102333543,,,MEDIUM,title length 102 (target 25–65); missing meta description; 1/3 imgs missing alt
https://seatofthesoul.com/soul-feast-44-non-physical-teachers-pt-1/,post,200,https://seatofthesoul.com/soul-feast-44-non-physical-teachers-pt-1/,1547,110.1,Soul Feast #42: Non-Physical Teachers: Part 1 - The Seat of the Soul Institute,78,,0,Soul Feast #42: Non-Physical Teachers: Part 1,1,6,https://seatofthesoul.com/soul-feast-44-non-physical-teachers-pt-1/,en-US,"index, follow, max-image-preview:large, max-snippet:-1, max-video-preview:-1",Soul Feast #42: Non-Physical Teachers: Part 1 - The Seat of the Soul Institute,"Are you ready to live Beyond the Five Sense? Learn how HERE. In this deeply personal and revealing episode, Gary Zukav opens a window into the unseen world of non-physical teachers – beings of wisdom and compassion who support our spiritual evolution beyond the limits of our five senses. As we move from five-sensory to […]",https://seatofthesoul.com/wp-content/uploads/2025/07/GaryZukav_Ep42_Graphic-01.jpg,summary_large_image,Article|BreadcrumbList|ImageObject|Organization|Person|WebPage|WebSite,635,3,1,28,7,G-PZH9QMWR4R,UA-200510356-1,,630056102333543,,,MEDIUM,title length 78 (target 25–65); missing meta description; 1/3 imgs missing alt
https://seatofthesoul.com/soul-snack-42-spiritual-growth-requires-relationships/,post,200,https://seatofthesoul.com/soul-snack-42-spiritual-growth-requires-relationships/,856,110.0,Soul Snack #42: Spiritual Growth Requires Relationships - The Seat of the Soul Institute,88,,0,Soul Snack #42: Spiritual Growth Requires Relationships,1,6,https://seatofthesoul.com/soul-snack-42-spiritual-growth-requires-relationships/,en-US,"index, follow, max-image-preview:large, max-snippet:-1, max-video-preview:-1",Soul Snack #42: Spiritual Growth Requires Relationships - The Seat of the Soul Institute,"Discover how intentional choices can transform your life. Download this meditation on Responsible Choice today! In this insightful episode, Gary Zukav articulates why spiritual growth cannot occur without each other. He reveals that relationships – whether romantic, familial, or casual – are essential for awakening authentic power. These relationships activate both the loving and frightened […]",https://seatofthesoul.com/wp-content/uploads/2025/07/GaryZukav_Ep42.5_Graphic-02.jpg,summary_large_image,Article|BreadcrumbList|ImageObject|Organization|Person|WebPage|WebSite,548,3,1,28,7,G-PZH9QMWR4R,UA-200510356-1,,630056102333543,,,MEDIUM,title length 88 (target 25–65); missing meta description; 1/3 imgs missing alt
https://seatofthesoul.com/soul-feast-43-temptation/,post,200,https://seatofthesoul.com/soul-feast-43-temptation/,943,109.6,Soul Feast #43: Temptation - The Seat of the Soul Institute,59,,0,Soul Feast #43: Temptation,1,6,https://seatofthesoul.com/soul-feast-43-temptation/,en-US,"index, follow, max-image-preview:large, max-snippet:-1, max-video-preview:-1",Soul Feast #43: Temptation - The Seat of the Soul Institute,"For many, the temptation of addiction is very real. Learn more from Gary Zukav HERE. What if temptation isn’t something to fear, but a powerful guide for your soul’s evolution? From a multisensory perspective, temptation is a gift from the Universe. It is not a punishment or a trap set by an external evil, but […]",https://seatofthesoul.com/wp-content/uploads/2025/07/GaryZukav_Ep43_Graphic-01.jpg,summary_large_image,Article|BreadcrumbList|ImageObject|Organization|Person|WebPage|WebSite,624,3,1,28,7,G-PZH9QMWR4R,UA-200510356-1,,630056102333543,,,MEDIUM,missing meta description; 1/3 imgs missing alt
https://seatofthesoul.com/soul-snack-43-how-can-i-be-authentic-and-grieve-a-loss/,post,200,https://seatofthesoul.com/soul-snack-43-how-can-i-be-authentic-and-grieve-a-loss/,969,110.9,Soul Snack #43: How Can I Be Authentic and Grieve a Loss? - The Seat of the Soul Institute,90,,0,Soul Snack #43: How Can I Be Authentic and Grieve a Loss?,1,6,https://seatofthesoul.com/soul-snack-43-how-can-i-be-authentic-and-grieve-a-loss/,en-US,"index, follow, max-image-preview:large, max-snippet:-1, max-video-preview:-1",Soul Snack #43: How Can I Be Authentic and Grieve a Loss? - The Seat of the Soul Institute,"In this soul-nourishing Soul Snack, Gary Zukav answers a heartfelt listener question: How do I live an authentic life while grieving a deep loss? With clarity and compassion, Gary explains why emotions like grief and loss are not barriers to authenticity – they are part of it. In fact, developing emotional awareness through our deepest […]",https://seatofthesoul.com/wp-content/uploads/2025/08/GaryZukav_Ep43.5_Graphic-01.jpg,summary_large_image,Article|BreadcrumbList|ImageObject|Organization|Person|WebPage|WebSite,620,3,1,27,7,G-PZH9QMWR4R,UA-200510356-1,,630056102333543,,,MEDIUM,title length 90 (target 25–65); missing meta description; 1/3 imgs missing alt
https://seatofthesoul.com/soul-feast-44-the-gifts-of-temptation/,post,200,https://seatofthesoul.com/soul-feast-44-the-gifts-of-temptation/,947,111.0,Soul Feast #44: The Gifts of Temptation - The Seat of the Soul Institute,72,,0,Soul Feast #44: The Gifts of Temptation,1,6,https://seatofthesoul.com/soul-feast-44-the-gifts-of-temptation/,en-US,"index, follow, max-image-preview:large, max-snippet:-1, max-video-preview:-1",Soul Feast #44: The Gifts of Temptation - The Seat of the Soul Institute,"  For many the persistent need to cover their pain with an addiction is very real. Learn more from Gary Zukav HERE. What if temptation wasn’t a trap – but a sacred opportunity for soul growth? In this episode,  Gary Zukav deepens the conversation on temptation, revealing its role as a “dress rehearsal for a […]",https://seatofthesoul.com/wp-content/uploads/2025/07/GaryZukav_Ep44_Graphic-02.jpg,summary_large_image,Article|BreadcrumbList|ImageObject|Organization|Person|WebPage|WebSite,639,3,1,28,7,G-PZH9QMWR4R,UA-200510356-1,,630056102333543,,,MEDIUM,title length 72 (target 25–65); missing meta description; 1/3 imgs missing alt
https://seatofthesoul.com/soul-snack-44-unsplinter-your-personality/,post,200,https://seatofthesoul.com/soul-snack-44-unsplinter-your-personality/,1037,110.6,Soul Snack #44: Unsplinter Your Personality - The Seat of the Soul Institute,76,,0,Soul Snack #44: Unsplinter Your Personality,1,6,https://seatofthesoul.com/soul-snack-44-unsplinter-your-personality/,en-US,"index, follow, max-image-preview:large, max-snippet:-1, max-video-preview:-1",Soul Snack #44: Unsplinter Your Personality - The Seat of the Soul Institute,"  In this illuminating Soul Snack, Gary Zukav explains that your intentions create your reality and what it means to live with a splintered personality. The intentions of the different parts of your personality – a loving part and a frightened part – are always creating the experiences of your life, whether you are conscious […]",https://seatofthesoul.com/wp-content/uploads/2025/07/GaryZukav_Ep44.5_Graphic-02.jpg,summary_large_image,Article|BreadcrumbList|ImageObject|Organization|Person|WebPage|WebSite,606,3,1,27,7,G-PZH9QMWR4R,UA-200510356-1,,630056102333543,,,MEDIUM,title length 76 (target 25–65); missing meta description; 1/3 imgs missing alt
https://seatofthesoul.com/soul-snack-45-energy-into-matter-2/,post,200,https://seatofthesoul.com/soul-snack-45-energy-into-matter-2/,1405,110.0,Soul Snack #45: Energy Into Matter - The Seat of the Soul Institute,67,,0,Soul Snack #45: Energy Into Matter,1,6,https://seatofthesoul.com/soul-snack-45-energy-into-matter-2/,en-US,"index, follow, max-image-preview:large, max-snippet:-1, max-video-preview:-1",Soul Snack #45: Energy Into Matter - The Seat of the Soul Institute,"Learn how to connect with your intuition every day. Click here to start your journey to authentic power! In this thought-provoking Soul Snack, Gary Zukav explains how your intentions create your reality – literally. Drawing from a multisensory perception now available to our species, Gary illustrates how the choice of intention is the powerful force […]",https://seatofthesoul.com/wp-content/uploads/2025/07/GaryZukav_Ep45.5_Graphic-02.jpg,summary_large_image,Article|BreadcrumbList|ImageObject|Organization|Person|WebPage|WebSite,658,3,1,28,7,G-PZH9QMWR4R,UA-200510356-1,,630056102333543,,,MEDIUM,title length 67 (target 25–65); missing meta description; 1/3 imgs missing alt
https://seatofthesoul.com/soul-feast-45-how-can-you-respond-with-love-when-there-is-chaos-and-political-upheaval-all-around-you-2/,post,200,https://seatofthesoul.com/soul-feast-45-how-can-you-respond-with-love-when-there-is-chaos-and-political-upheaval-all-around-you-2/,986,111.9,Soul Feast #45: How Can You Respond with Love When There is Chaos and Political Upheaval All Around You? - The Seat of the Soul Institute,137,,0,Soul Feast #45: How Can You Respond with Love When There is Chaos and Political Upheaval All Around You?,1,6,https://seatofthesoul.com/soul-feast-45-how-can-you-respond-with-love-when-there-is-chaos-and-political-upheaval-all-around-you-2/,en-US,"index, follow, max-image-preview:large, max-snippet:-1, max-video-preview:-1",Soul Feast #45: How Can You Respond with Love When There is Chaos and Political Upheaval All Around You? - The Seat of the Soul Institute,"Are you making choices in love or fear? Take this self-assessment today to find out. When the world feels like it’s unraveling – filled with political upheaval, social disintegration, and emotional overwhelm – how can you stay centered in love? In this episode, Gary Zukav answers a deeply relevant question: How can I respond with […]",https://seatofthesoul.com/wp-content/uploads/2025/08/GaryZukav_Ep45_Graphic-01.jpg,summary_large_image,Article|BreadcrumbList|ImageObject|Organization|Person|WebPage|WebSite,697,3,1,28,7,G-PZH9QMWR4R,UA-200510356-1,,630056102333543,,,MEDIUM,title length 137 (target 25–65); missing meta description; 1/3 imgs missing alt
https://seatofthesoul.com/soul-feast-46-resisting-political-divisiveness-and-conforming-to-fear/,post,200,https://seatofthesoul.com/soul-feast-46-resisting-political-divisiveness-and-conforming-to-fear/,1073,110.8,Soul Feast #46: Resisting Political Divisiveness and Conforming To Fear - The Seat of the Soul Institute,104,,0,Soul Feast #46: Resisting Political Divisiveness and Conforming To Fear,1,6,https://seatofthesoul.com/soul-feast-46-resisting-political-divisiveness-and-conforming-to-fear/,en-US,"index, follow, max-image-preview:large, max-snippet:-1, max-video-preview:-1",Soul Feast #46: Resisting Political Divisiveness and Conforming To Fear - The Seat of the Soul Institute,"Create the life you desire by choosing love over fear. Learn how HERE. When political chaos surrounds us and fear seems to dominate public discourse, how can we respond from a place of love? In this Soul Feast, Gary Zukav explores how both resisting political divisiveness and conforming to fear are expressions of the same […]",https://seatofthesoul.com/wp-content/uploads/2025/08/GaryZukav_Ep46_Graphic-01.jpg,summary_large_image,Article|BreadcrumbList|ImageObject|Organization|Person|WebPage|WebSite,664,3,1,28,7,G-PZH9QMWR4R,UA-200510356-1,,630056102333543,,,MEDIUM,title length 104 (target 25–65); missing meta description; 1/3 imgs missing alt
https://seatofthesoul.com/soul-snack-46-addiction-and-spiritual-growth/,post,200,https://seatofthesoul.com/soul-snack-46-addiction-and-spiritual-growth/,1039,109.6,Soul Snack #46: Addiction and Spiritual Growth - The Seat of the Soul Institute,79,,0,Soul Snack #46: Addiction and Spiritual Growth,1,6,https://seatofthesoul.com/soul-snack-46-addiction-and-spiritual-growth/,en-US,"index, follow, max-image-preview:large, max-snippet:-1, max-video-preview:-1",Soul Snack #46: Addiction and Spiritual Growth - The Seat of the Soul Institute,"Discover a new way of seeing and experiencing the world. Start your journey to multisensory perception HERE. In this powerful and personal soul snack, Gary Zukav explores the true nature of addiction – not as a clinical disorder, but as a spiritual challenge rooted in fear and the pain of powerlessness. Drawing from his own […]",https://seatofthesoul.com/wp-content/uploads/2025/08/GaryZukav_Ep46.5_Graphic-02.jpg,summary_large_image,Article|BreadcrumbList|ImageObject|Organization|Person|WebPage|WebSite,551,3,1,28,7,G-PZH9QMWR4R,UA-200510356-1,,630056102333543,,,MEDIUM,title length 79 (target 25–65); missing meta description; 1/3 imgs missing alt
https://seatofthesoul.com/soul-feast-47-what-to-do-about-polarization-in-my-family-or-workplace/,post,200,https://seatofthesoul.com/soul-feast-47-what-to-do-about-polarization-in-my-family-or-workplace/,941,110.8,Soul Feast #47: What to Do about Polarization in My Family or Workplace? - The Seat of the Soul Institute,105,,0,Soul Feast #47: What to Do about Polarization in My Family or Workplace?,1,6,https://seatofthesoul.com/soul-feast-47-what-to-do-about-polarization-in-my-family-or-workplace/,en-US,"index, follow, max-image-preview:large, max-snippet:-1, max-video-preview:-1",Soul Feast #47: What to Do about Polarization in My Family or Workplace? - The Seat of the Soul Institute,"Learn how to align your personality with your soul and create authentic power in your life. The Authentic Power Guidelines will guide you on this powerful journey. Learn More Here. In this eye-opening episode of The Gary Zukav Podcast, Gary explores the rising tension of polarization in our families, workplaces, communities, and across the globe. […]",https://seatofthesoul.com/wp-content/uploads/2025/08/GaryZukav_Ep47_Graphic-02.jpg,summary_large_image,Article|BreadcrumbList|ImageObject|Organization|Person|WebPage|WebSite,673,3,1,28,7,G-PZH9QMWR4R,UA-200510356-1,,630056102333543,,,MEDIUM,title length 105 (target 25–65); missing meta description; 1/3 imgs missing alt
https://seatofthesoul.com/soul-snack-47-how-to-trust/,post,200,https://seatofthesoul.com/soul-snack-47-how-to-trust/,1014,109.4,Soul Snack #47: How to Trust: Part 1 - The Seat of the Soul Institute,69,,0,Soul Snack #47: How to Trust: Part 1,1,6,https://seatofthesoul.com/soul-snack-47-how-to-trust/,en-US,"index, follow, max-image-preview:large, max-snippet:-1, max-video-preview:-1",Soul Snack #47: How to Trust: Part 1 - The Seat of the Soul Institute,"Are you ready to live Beyond the Five Sense? Learn How Here. Trust is often viewed as something you place in others – your partner, your job, your children’s well-being – what if the deepest kind of trust isn’t about the outside world at all? In this powerful episode, Gary Zukav invites us to rethink […]",https://seatofthesoul.com/wp-content/uploads/2025/08/GaryZukav_Ep47.5_Graphic-01.jpg,summary_large_image,Article|BreadcrumbList|ImageObject|Organization|Person|WebPage|WebSite,580,3,1,28,7,G-PZH9QMWR4R,UA-200510356-1,,630056102333543,,,MEDIUM,title length 69 (target 25–65); missing meta description; 1/3 imgs missing alt
https://seatofthesoul.com/soul-feast-48-are-current-world-events-the-cause-of-my-emotional-pain/,post,200,https://seatofthesoul.com/soul-feast-48-are-current-world-events-the-cause-of-my-emotional-pain/,1165,110.3,Soul Feast #48: Are Current World Events the Cause of My Emotional Pain? - The Seat of the Soul Institute,105,,0,Soul Feast #48: Are Current World Events the Cause of My Emotional Pain?,1,6,https://seatofthesoul.com/soul-feast-48-are-current-world-events-the-cause-of-my-emotional-pain/,en-US,"index, follow, max-image-preview:large, max-snippet:-1, max-video-preview:-1",Soul Feast #48: Are Current World Events the Cause of My Emotional Pain? - The Seat of the Soul Institute,"https://youtu.be/77PY76vdwNg Are you practicing judgment or discernment? Learn more as Gary explains the difference in this illuminating video. In this thought-provoking Soul Feast of The Gary Zukav Podcast, Gary explores the root of emotional pain in the midst of current world events. While it’s easy to believe that the turmoil “out there” is the source […]",https://seatofthesoul.com/wp-content/uploads/2025/09/GaryZukav_Ep48_Graphic-02.jpg,summary_large_image,Article|BreadcrumbList|ImageObject|Organization|Person|WebPage|WebSite,585,3,1,28,8,G-PZH9QMWR4R,UA-200510356-1,,630056102333543,,,MEDIUM,title length 105 (target 25–65); missing meta description; 1/3 imgs missing alt
https://seatofthesoul.com/soul-snack-48-how-to-trust-2/,post,200,https://seatofthesoul.com/soul-snack-48-how-to-trust-2/,927,109.8,Soul Snack #48: How to Trust: Part 2 - The Seat of the Soul Institute,69,,0,Soul Snack #48: How to Trust: Part 2,1,6,https://seatofthesoul.com/soul-snack-48-how-to-trust-2/,en-US,"index, follow, max-image-preview:large, max-snippet:-1, max-video-preview:-1",Soul Snack #48: How to Trust: Part 2 - The Seat of the Soul Institute,"Learn how to connect with your intuition every day. Click here to start your journey to authentic power! Trust isn’t just about believing in people or circumstances – it’s about recognizing that everything you experience, without exception, is here to support your spiritual growth. In this Soul Snack, Gary Zukav takes the conversation from How […]",https://seatofthesoul.com/wp-content/uploads/2025/08/GaryZukav_Ep48.5_Graphic-02.jpg,summary_large_image,Article|BreadcrumbList|ImageObject|Organization|Person|WebPage|WebSite,626,3,1,28,7,G-PZH9QMWR4R,UA-200510356-1,,630056102333543,,,MEDIUM,title length 69 (target 25–65); missing meta description; 1/3 imgs missing alt
https://seatofthesoul.com/soul-feast-49-whats-real-ai/,post,200,https://seatofthesoul.com/soul-feast-49-whats-real-ai/,881,109.4,Soul Feast #49: What's Real? AI - The Seat of the Soul Institute,64,,0,Soul Feast #49: What’s Real? AI,1,6,https://seatofthesoul.com/soul-feast-49-whats-real-ai/,en-US,"index, follow, max-image-preview:large, max-snippet:-1, max-video-preview:-1",Soul Feast #49: What's Real? AI - The Seat of the Soul Institute,"Are you ready to live Beyond the Five Sense? Learn How Here Artificial Intelligence is everywhere – from classrooms to boardrooms – and it’s changing the way humans behave. But is AI really as powerful as we think? In this Soul Feast of The Gary Zukav Podcast, Gary explores the deeper truth: AI can analyze, […]",https://seatofthesoul.com/wp-content/uploads/2025/08/GaryZukav_Ep49_Graphic-01.jpg,summary_large_image,Article|BreadcrumbList|ImageObject|Organization|Person|WebPage|WebSite,580,3,1,28,7,G-PZH9QMWR4R,UA-200510356-1,,630056102333543,,,MEDIUM,missing meta description; 1/3 imgs missing alt
https://seatofthesoul.com/soul-snack-49-how-can-i-make-amends-for-past-behaviors/,post,200,https://seatofthesoul.com/soul-snack-49-how-can-i-make-amends-for-past-behaviors/,1168,109.7,Soul Snack #49: How Can I Make Amends for Past Behaviors? - The Seat of the Soul Institute,90,,0,Soul Snack #49: How Can I Make Amends for Past Behaviors?,1,6,https://seatofthesoul.com/soul-snack-49-how-can-i-make-amends-for-past-behaviors/,en-US,"index, follow, max-image-preview:large, max-snippet:-1, max-video-preview:-1",Soul Snack #49: How Can I Make Amends for Past Behaviors? - The Seat of the Soul Institute,"Discover a new way of seeing and experiencing the world. Start your journey to multisensory perception HERE We all carry memories of actions we wish we had done differently. The desire to go back and “fix” the past can feel overwhelming – but is that really the path to healing? In this Soul Snack, Gary […]",https://seatofthesoul.com/wp-content/uploads/2025/09/GaryZukav_Ep49.5_Graphic-01.jpg,summary_large_image,Article|BreadcrumbList|ImageObject|Organization|Person|WebPage|WebSite,578,3,1,28,7,G-PZH9QMWR4R,UA-200510356-1,,630056102333543,,,MEDIUM,title length 90 (target 25–65); missing meta description; 1/3 imgs missing alt
https://seatofthesoul.com/soul-feast-41-what-am-i-responsible-for/,post,200,https://seatofthesoul.com/soul-feast-41-what-am-i-responsible-for/,1078,109.9,Soul Feast #41: What Am I Responsible For? - The Seat of the Soul Institute,75,,0,Soul Feast #41: What Am I Responsible For?,1,6,https://seatofthesoul.com/soul-feast-41-what-am-i-responsible-for/,en-US,"index, follow, max-image-preview:large, max-snippet:-1, max-video-preview:-1",Soul Feast #41: What Am I Responsible For? - The Seat of the Soul Institute,"Join the Seat of the Soul monthly newsletter and receive weekly, wisdom filled, insights from Gary. In this illuminating Soul Snack, Gary explores the deeper meaning of responsibility – not in the conventional, duty-bound sense, but as a sacred invitation to become conscious of your choices. As our world experiences massive transformation and old structures […]",https://seatofthesoul.com/wp-content/uploads/2025/07/GaryZukav_Ep41_Graphic-01.jpg,summary_large_image,Article|BreadcrumbList|ImageObject|Organization|Person|WebPage|WebSite,587,3,1,28,7,G-PZH9QMWR4R,UA-200510356-1,,630056102333543,,,MEDIUM,title length 75 (target 25–65); missing meta description; 1/3 imgs missing alt
https://seatofthesoul.com/soul-snack-41-psychology-balancing-a-shattered-soul/,post,200,https://seatofthesoul.com/soul-snack-41-psychology-balancing-a-shattered-soul/,1398,110.2,Soul Snack #41: Psychology - Balancing a Shattered Soul - The Seat of the Soul Institute,88,,0,Soul Snack #41: Psychology – Balancing a Shattered Soul,1,6,https://seatofthesoul.com/soul-snack-41-psychology-balancing-a-shattered-soul/,en-US,"index, follow, max-image-preview:large, max-snippet:-1, max-video-preview:-1",Soul Snack #41: Psychology - Balancing a Shattered Soul - The Seat of the Soul Institute,"Explore your full potential, so you can give the gifts you were born to give. Enroll in Soul Themes Today. Your soul has been waiting for you to take this journey! In this powerful Soul Snack, Gary explores the limitations of traditional psychology and introduces a radically expanded view of healing – one rooted in […]",https://seatofthesoul.com/wp-content/uploads/2025/06/GaryZukav_Ep41.5_Graphic-01.jpg,summary_large_image,Article|BreadcrumbList|ImageObject|Organization|Person|WebPage|WebSite,596,3,1,28,7,G-PZH9QMWR4R,UA-200510356-1,,630056102333543,,,MEDIUM,title length 88 (target 25–65); missing meta description; 1/3 imgs missing alt
https://seatofthesoul.com/soul-feast-40-the-point-of-power-in-turbulent-times/,post,200,https://seatofthesoul.com/soul-feast-40-the-point-of-power-in-turbulent-times/,860,110.1,Soul Feast #40: The Point of Power in Turbulent Times - The Seat of the Soul Institute,86,,0,Soul Feast #40: The Point of Power in Turbulent Times,1,6,https://seatofthesoul.com/soul-feast-40-the-point-of-power-in-turbulent-times/,en-US,"index, follow, max-image-preview:large, max-snippet:-1, max-video-preview:-1",Soul Feast #40: The Point of Power in Turbulent Times - The Seat of the Soul Institute,"Discover how intentional choices can transform your life. Download this meditation on Responsible Choice today! In this powerful and timely Soul Feast, Gary Zukav explores how turbulent times – both globally and personally – reveal the deepest choices we can make. He revisits the spiritual lessons of World War II and its terrifying echoes in […]",https://seatofthesoul.com/wp-content/uploads/2025/07/GaryZukav_Ep40_Graphic-01.jpg,summary_large_image,Article|BreadcrumbList|ImageObject|Organization|Person|WebPage|WebSite,601,3,1,28,7,G-PZH9QMWR4R,UA-200510356-1,,630056102333543,,,MEDIUM,title length 86 (target 25–65); missing meta description; 1/3 imgs missing alt
https://seatofthesoul.com/soul-snack-40-how-do-i-change-my-self-destructive-behaviors/,post,200,https://seatofthesoul.com/soul-snack-40-how-do-i-change-my-self-destructive-behaviors/,971,110.5,Soul Snack #40: How Do I Change My Self-Destructive Behaviors? - The Seat of the Soul Institute,95,,0,Soul Snack #40: How Do I Change My Self-Destructive Behaviors?,1,6,https://seatofthesoul.com/soul-snack-40-how-do-i-change-my-self-destructive-behaviors/,en-US,"index, follow, max-image-preview:large, max-snippet:-1, max-video-preview:-1",Soul Snack #40: How Do I Change My Self-Destructive Behaviors? - The Seat of the Soul Institute,"Are you creating with love or fear in your life? Take this self-assessment today to find out. In this powerful Soul Snack, Gary Zukav responds to a heartfelt listener question about navigating overwhelming life circumstances and coping through cannabis use. The listener shares her journey of raising a son with quadriplegia, born after an intrauterine […]",https://seatofthesoul.com/wp-content/uploads/2025/06/GaryZukav_Ep40.5_Graphic-02.jpg,summary_large_image,Article|BreadcrumbList|ImageObject|Organization|Person|WebPage|WebSite,602,3,1,28,7,G-PZH9QMWR4R,UA-200510356-1,,630056102333543,,,MEDIUM,title length 95 (target 25–65); missing meta description; 1/3 imgs missing alt
https://seatofthesoul.com/soul-feast-50-whats-real-meaning/,post,200,https://seatofthesoul.com/soul-feast-50-whats-real-meaning/,876,110.3,Soul Feast #50: What's Real? Meaning - The Seat of the Soul Institute,69,,0,Soul Feast #50: What’s Real? Meaning,1,6,https://seatofthesoul.com/soul-feast-50-whats-real-meaning/,en-US,"index, follow, max-image-preview:large, max-snippet:-1, max-video-preview:-1",Soul Feast #50: What's Real? Meaning - The Seat of the Soul Institute,"  Your journey to Authentic Power begins here. Download your copy of the Authentic Power Guidelines today! A profound shift in human consciousness is underway. In this Soul Feast, Gary invites listeners to explore what it truly means to live a life of meaning. While the five-sensory world measures worth in achievements, possessions, and external […]",https://seatofthesoul.com/wp-content/uploads/2026/02/GaryZukav_Ep50_Graphic-01.jpg,summary_large_image,Article|BreadcrumbList|ImageObject|Organization|Person|WebPage|WebSite,569,3,1,28,7,G-PZH9QMWR4R,UA-200510356-1,,630056102333543,,,MEDIUM,title length 69 (target 25–65); missing meta description; 1/3 imgs missing alt
https://seatofthesoul.com/soul-snack-50-does-protecting-my-business-come-from-fear-2/,post,200,https://seatofthesoul.com/soul-snack-50-does-protecting-my-business-come-from-fear-2/,1339,110.1,Soul Snack #50: Does Protecting My Business Come From Fear? - The Seat of the Soul Institute,92,,0,Soul Snack #50: Does Protecting My Business Come From Fear?,1,6,https://seatofthesoul.com/soul-snack-50-does-protecting-my-business-come-from-fear-2/,en-US,"index, follow, max-image-preview:large, max-snippet:-1, max-video-preview:-1",Soul Snack #50: Does Protecting My Business Come From Fear? - The Seat of the Soul Institute,"Create the life you desire by choosing love over fear. Learn how HERE https://youtu.be/RekD5QF217 Everyday choices – especially in business – can feel like a test between protecting what’s yours and staying true to your values. But how do you know if your actions come from authentic power or from fear? In this Soul snack, […]",https://seatofthesoul.com/wp-content/uploads/2026/02/GaryZukav_Ep50.5_Graphic-02.jpg,summary_large_image,Article|BreadcrumbList|ImageObject|Organization|Person|WebPage|WebSite,563,3,1,28,8,G-PZH9QMWR4R,UA-200510356-1,,630056102333543,,,MEDIUM,title length 92 (target 25–65); missing meta description; 1/3 imgs missing alt
https://seatofthesoul.com/soul-feast-51-whats-real-connection/,post,200,https://seatofthesoul.com/soul-feast-51-whats-real-connection/,1020,110.2,Soul Feast #51: What's Real? Connection - The Seat of the Soul Institute,72,,0,Soul Feast #51: What’s Real? Connection,1,6,https://seatofthesoul.com/soul-feast-51-whats-real-connection/,en-US,"index, follow, max-image-preview:large, max-snippet:-1, max-video-preview:-1",Soul Feast #51: What's Real? Connection - The Seat of the Soul Institute,"Your journey to Authentic Power begins here. Download your copy of the Authentic Power Guidelines today! A profound transformation in human consciousness is unfolding, inviting us to see beyond the five-sensory world and into the multisensory reality of the soul. In this Soul Feast, Gary continues his exploration of “What’s Real?”- this time focusing on […]",https://seatofthesoul.com/wp-content/uploads/2026/02/GaryZukav_Ep51_Graphic-01.jpg,summary_large_image,Article|BreadcrumbList|ImageObject|Organization|Person|WebPage|WebSite,576,3,1,28,7,G-PZH9QMWR4R,UA-200510356-1,,630056102333543,,,MEDIUM,title length 72 (target 25–65); missing meta description; 1/3 imgs missing alt
https://seatofthesoul.com/soul-snack-51-are-there-evil-people-in-the-world/,post,200,https://seatofthesoul.com/soul-snack-51-are-there-evil-people-in-the-world/,945,110.1,Soul Snack #51: Are There Evil People in the World? - The Seat of the Soul Institute,84,,0,Soul Snack #51: Are There Evil People in the World?,1,6,https://seatofthesoul.com/soul-snack-51-are-there-evil-people-in-the-world/,en-US,"index, follow, max-image-preview:large, max-snippet:-1, max-video-preview:-1",Soul Snack #51: Are There Evil People in the World? - The Seat of the Soul Institute,"Your emotions are messages from your soul. Learn How to Tune In and Listen Here.   What does it really mean when we talk about “evil” in the world? In this Soul Snack, Gary Zukav addresses a powerful and often-asked question: Are there truly evil people?  His answer challenges conventional ideas and reveals why evil […]",https://seatofthesoul.com/wp-content/uploads/2026/02/GaryZukav_Ep51.5_Graphic-01.jpg,summary_large_image,Article|BreadcrumbList|ImageObject|Organization|Person|WebPage|WebSite,530,3,1,28,7,G-PZH9QMWR4R,UA-200510356-1,,630056102333543,,,MEDIUM,title length 84 (target 25–65); missing meta description; 1/3 imgs missing alt
https://seatofthesoul.com/soul-snack-52-how-can-i-judge-in-jury-duty/,post,200,https://seatofthesoul.com/soul-snack-52-how-can-i-judge-in-jury-duty/,993,109.9,Soul Snack #52: How Can I Judge in Jury Duty? - The Seat of the Soul Institute,78,,0,Soul Snack #52: How Can I Judge in Jury Duty?,1,6,https://seatofthesoul.com/soul-snack-52-how-can-i-judge-in-jury-duty/,en-US,"index, follow, max-image-preview:large, max-snippet:-1, max-video-preview:-1",Soul Snack #52: How Can I Judge in Jury Duty? - The Seat of the Soul Institute,"Are you ready to live Beyond the Five Sense? Learn How Here.   An unprecedented new consciousness is transforming the human species, and even everyday experiences can open the door to greater awareness.  In this Soul Snack, Gary Zukav takes a common situation – being called for jury duty – and explores the deeper spiritual question […]",https://seatofthesoul.com/wp-content/uploads/2026/02/GaryZukav_Ep52.5_Graphic-02.jpg,summary_large_image,Article|BreadcrumbList|ImageObject|Organization|Person|WebPage|WebSite,512,3,1,28,7,G-PZH9QMWR4R,UA-200510356-1,,630056102333543,,,MEDIUM,title length 78 (target 25–65); missing meta description; 1/3 imgs missing alt
https://seatofthesoul.com/soul-feast-52-whats-real-reverence/,post,200,https://seatofthesoul.com/soul-feast-52-whats-real-reverence/,1019,110.1,Soul Feast #52: What's Real? Reverence - The Seat of the Soul Institute,71,,0,Soul Feast #52: What’s Real? Reverence,1,6,https://seatofthesoul.com/soul-feast-52-whats-real-reverence/,en-US,"index, follow, max-image-preview:large, max-snippet:-1, max-video-preview:-1",Soul Feast #52: What's Real? Reverence - The Seat of the Soul Institute,"Are you making choices in love or fear? Take this self-assessment today to find out. In this Soul Feast, Gary deepens the “What’s Real?” exploration, turning toward reverence – the awareness that life in all its forms is precious, valuable, and sacred. Beyond appearances, reverence opens us to the essence of others, ourselves, and the […]",https://seatofthesoul.com/wp-content/uploads/2026/02/GaryZukav_Ep52_Graphic-01.jpg,summary_large_image,Article|BreadcrumbList|ImageObject|Organization|Person|WebPage|WebSite,535,3,1,28,7,G-PZH9QMWR4R,UA-200510356-1,,630056102333543,,,MEDIUM,title length 71 (target 25–65); missing meta description; 1/3 imgs missing alt
https://seatofthesoul.com/soul-feast-53-whats-real-love-or-fear/,post,200,https://seatofthesoul.com/soul-feast-53-whats-real-love-or-fear/,935,110.0,Soul Feast #53: What's Real? Love or Fear - The Seat of the Soul Institute,74,,0,Soul Feast #53: What’s Real? Love or Fear,1,6,https://seatofthesoul.com/soul-feast-53-whats-real-love-or-fear/,en-US,"index, follow, max-image-preview:large, max-snippet:-1, max-video-preview:-1",Soul Feast #53: What's Real? Love or Fear - The Seat of the Soul Institute,"Are you ready to live Beyond the Five Sense? Learn How Here. In this Soul Feast, Gary continues his exploration of “What’s Real?” with a focus on one of life’s most fundamental questions: Are you making a conscious choice to live from love or from fear? Through stories, reflections, and practical insights, Gary reveals how […]",https://seatofthesoul.com/wp-content/uploads/2026/02/GaryZukav_Ep53_Graphic-01.jpg,summary_large_image,Article|BreadcrumbList|ImageObject|Organization|Person|WebPage|WebSite,574,3,1,28,7,G-PZH9QMWR4R,UA-200510356-1,,630056102333543,,,MEDIUM,title length 74 (target 25–65); missing meta description; 1/3 imgs missing alt
https://seatofthesoul.com/soul-snack-53-is-painful-karma-from-a-good-deed-possible/,post,200,https://seatofthesoul.com/soul-snack-53-is-painful-karma-from-a-good-deed-possible/,949,110.4,Soul Snack #53: Is Painful Karma From a Good Deed Possible? - The Seat of the Soul Institute,92,,0,Soul Snack #53: Is Painful Karma From a Good Deed Possible?,1,6,https://seatofthesoul.com/soul-snack-53-is-painful-karma-from-a-good-deed-possible/,en-US,"index, follow, max-image-preview:large, max-snippet:-1, max-video-preview:-1",Soul Snack #53: Is Painful Karma From a Good Deed Possible? - The Seat of the Soul Institute,"Learn how to connect with your intuition every day. Click here to start your journey to authentic power! An unprecedented new consciousness is reshaping humanity, and with it comes a deeper understanding of karma. In this Soul Snack, Gary Zukav answers a profound question: If you act with the intention of love but accidentally cause […]",https://seatofthesoul.com/wp-content/uploads/2026/02/GaryZukav_Ep53.5_Graphic-02.jpg,summary_large_image,Article|BreadcrumbList|ImageObject|Organization|Person|WebPage|WebSite,533,3,1,28,7,G-PZH9QMWR4R,UA-200510356-1,,630056102333543,,,MEDIUM,title length 92 (target 25–65); missing meta description; 1/3 imgs missing alt
https://seatofthesoul.com/soul-feast-54-whats-real-authentic-power/,post,200,https://seatofthesoul.com/soul-feast-54-whats-real-authentic-power/,939,110.2,Soul Feast #54: What's Real? Authentic Power - The Seat of the Soul Institute,77,,0,Soul Feast #54: What’s Real? Authentic Power,1,6,https://seatofthesoul.com/soul-feast-54-whats-real-authentic-power/,en-US,"index, follow, max-image-preview:large, max-snippet:-1, max-video-preview:-1",Soul Feast #54: What's Real? Authentic Power - The Seat of the Soul Institute,"Your emotions are messages from your soul. Learn How to Tune In and Listen Here.     In this Soul Feast, Gary explores what it truly means to create authentic power. He explains how authentic power emerges from love – gratitude, patience, appreciation, and awe – while external power, rooted in fear, belongs to the […]",https://seatofthesoul.com/wp-content/uploads/2026/02/GaryZukav_Ep54_Graphic-02.jpg,summary_large_image,Article|BreadcrumbList|ImageObject|Organization|Person|WebPage|WebSite,567,3,1,28,7,G-PZH9QMWR4R,UA-200510356-1,,630056102333543,,,MEDIUM,title length 77 (target 25–65); missing meta description; 1/3 imgs missing alt
https://seatofthesoul.com/soul-snack-54-feeling-sorrow/,post,200,https://seatofthesoul.com/soul-snack-54-feeling-sorrow/,996,110.0,Soul Snack #54: Feeling Sorrow - The Seat of the Soul Institute,63,,0,Soul Snack #54: Feeling Sorrow,1,6,https://seatofthesoul.com/soul-snack-54-feeling-sorrow/,en-US,"index, follow, max-image-preview:large, max-snippet:-1, max-video-preview:-1",Soul Snack #54: Feeling Sorrow - The Seat of the Soul Institute,"Discover a new way of seeing and experiencing the world. Start your journey to multisensory perception HERE. An unprecedented transformation of human consciousness is unfolding, and every personal challenge is an invitation to explore the deeper meaning of your emotional experiences. In this powerful soul snack, Gary Zukav answers a heartfelt listener’s question: how to […]",https://seatofthesoul.com/wp-content/uploads/2026/02/GaryZukav_Ep54.5_Graphic-02.jpg,summary_large_image,Article|BreadcrumbList|ImageObject|Organization|Person|WebPage|WebSite,586,3,1,28,7,G-PZH9QMWR4R,UA-200510356-1,,630056102333543,,,MEDIUM,missing meta description; 1/3 imgs missing alt
https://seatofthesoul.com/soul-feast-55-whats-real-creating-authentic-power/,post,200,https://seatofthesoul.com/soul-feast-55-whats-real-creating-authentic-power/,1825,110.3,Soul Feast #55: What's Real? Creating Authentic Power - The Seat of the Soul Institute,86,,0,Soul Feast #55: What’s Real? Creating Authentic Power,1,6,https://seatofthesoul.com/soul-feast-55-whats-real-creating-authentic-power/,en-US,"index, follow, max-image-preview:large, max-snippet:-1, max-video-preview:-1",Soul Feast #55: What's Real? Creating Authentic Power - The Seat of the Soul Institute,"Your journey to Authentic Power begins here. Download your copy of the Authentic Power Guidelines today.   A new human consciousness is emerging – one that challenges everything we thought was “real.” In this Soul Feast, Gary explores the tension between the old five-sensory consciousness, rooted in control and fear, and the new multi-sensory consciousness, […]",https://seatofthesoul.com/wp-content/uploads/2026/02/GaryZukav_Ep55_Graphic-01.jpg,summary_large_image,Article|BreadcrumbList|ImageObject|Organization|Person|WebPage|WebSite,568,3,1,28,7,G-PZH9QMWR4R,UA-200510356-1,,630056102333543,,,MEDIUM,title length 86 (target 25–65); missing meta description; 1/3 imgs missing alt
https://seatofthesoul.com/soul-snack-55-can-there-be-mulitple-intentions/,post,200,https://seatofthesoul.com/soul-snack-55-can-there-be-mulitple-intentions/,798,110.0,Soul Snack #55: Can There Be Multiple Intentions? - The Seat of the Soul Institute,82,,0,Soul Snack #55: Can There Be Multiple Intentions?,1,6,https://seatofthesoul.com/soul-snack-55-can-there-be-mulitple-intentions/,en-US,"index, follow, max-image-preview:large, max-snippet:-1, max-video-preview:-1",Soul Snack #55: Can There Be Multiple Intentions? - The Seat of the Soul Institute,"Create the life you desire by choosing love over fear. Learn how HERE. Every action begins with an intention, but can one action carry more than one? In this Soul Snack, Gary Zukav explores the essence of intention at the deepest level, showing how all intentions can ultimately be traced back to either love or fear. […]",https://seatofthesoul.com/wp-content/uploads/2026/02/GaryZukav_Ep55.5_Graphic-02.jpg,summary_large_image,Article|BreadcrumbList|ImageObject|Organization|Person|WebPage|WebSite,540,3,1,28,7,G-PZH9QMWR4R,UA-200510356-1,,630056102333543,,,MEDIUM,title length 82 (target 25–65); missing meta description; 1/3 imgs missing alt
https://seatofthesoul.com/soul-feast-56-whats-real-what-should-i-do-now/,post,200,https://seatofthesoul.com/soul-feast-56-whats-real-what-should-i-do-now/,929,110.9,Soul Feast #56: What's Real? What Should I Do Now? - The Seat of the Soul Institute,83,,0,Soul Feast #56: What’s Real? What Should I Do Now?,1,6,https://seatofthesoul.com/soul-feast-56-whats-real-what-should-i-do-now/,en-US,"index, follow, max-image-preview:large, max-snippet:-1, max-video-preview:-1",Soul Feast #56: What's Real? What Should I Do Now? - The Seat of the Soul Institute,    Discover a new way of seeing and experiencing the world. Start your journey to multisensory perception HERE. A new consciousness is reshaping the human experience – and this Soul Feast of The Gary Zukav Deepcast invites you to step consciously into it. In What’s Real? What Should I Do Now? Gary explores the […],https://seatofthesoul.com/wp-content/uploads/2026/02/GaryZukav_Ep56_Graphic-02.jpg,summary_large_image,Article|BreadcrumbList|ImageObject|Organization|Person|WebPage|WebSite,570,3,1,28,7,G-PZH9QMWR4R,UA-200510356-1,,630056102333543,,,MEDIUM,title length 83 (target 25–65); missing meta description; 1/3 imgs missing alt
https://seatofthesoul.com/soul-snack-56-how-can-i-change-my-overwhelm/,post,200,https://seatofthesoul.com/soul-snack-56-how-can-i-change-my-overwhelm/,1162,110.2,Soul Snack #56: How Can I Change My Overwhelm? - The Seat of the Soul Institute,79,,0,Soul Snack #56: How Can I Change My Overwhelm?,1,6,https://seatofthesoul.com/soul-snack-56-how-can-i-change-my-overwhelm/,en-US,"index, follow, max-image-preview:large, max-snippet:-1, max-video-preview:-1",Soul Snack #56: How Can I Change My Overwhelm? - The Seat of the Soul Institute,"Your emotions are messages from your soul. Learn How to Tune In and Listen Here. In this episode, Gary Zukav explores one of life’s most common and painful emotions – overwhelm – and reveals how to move beyond it permanently. He explains that true freedom from overwhelm doesn’t come from fixing external problems like money, […]",https://seatofthesoul.com/wp-content/uploads/2026/02/GaryZukav_Ep56.5_Graphic-02.jpg,summary_large_image,Article|BreadcrumbList|ImageObject|Organization|Person|WebPage|WebSite,559,3,1,28,7,G-PZH9QMWR4R,UA-200510356-1,,630056102333543,,,MEDIUM,title length 79 (target 25–65); missing meta description; 1/3 imgs missing alt
https://seatofthesoul.com/soul-feast-57-whats-real-the-new-consciousness/,post,200,https://seatofthesoul.com/soul-feast-57-whats-real-the-new-consciousness/,1176,110.4,Soul Feast #57: What's Real? The New Consciousness - The Seat of the Soul Institute,83,,0,Soul Feast #57: What’s Real? The New Consciousness,1,6,https://seatofthesoul.com/soul-feast-57-whats-real-the-new-consciousness/,en-US,"index, follow, max-image-preview:large, max-snippet:-1, max-video-preview:-1",Soul Feast #57: What's Real? The New Consciousness - The Seat of the Soul Institute,"Your emotions are messages from your soul. Learn How to Tune In and Listen Here.   A new consciousness is transforming the human experience –  a shift so vast that it’s redefining what we call “reality.” In this Soul Feast, Gary explores how this unprecedented evolution is dissolving the boundaries of five-sensory perception and awakening […]",https://seatofthesoul.com/wp-content/uploads/2026/02/GaryZukav_Ep57_Graphic-02.jpg,summary_large_image,Article|BreadcrumbList|ImageObject|Organization|Person|WebPage|WebSite,572,3,1,28,7,G-PZH9QMWR4R,UA-200510356-1,,630056102333543,,,MEDIUM,title length 83 (target 25–65); missing meta description; 1/3 imgs missing alt
https://seatofthesoul.com/soul-snack-57-why-does-challenging-anger-bring-more-anger/,post,200,https://seatofthesoul.com/soul-snack-57-why-does-challenging-anger-bring-more-anger/,1130,110.6,Soul Snack #57: Why Does Challenging Anger Bring More Anger? - The Seat of the Soul Institute,93,,0,Soul Snack #57: Why Does Challenging Anger Bring More Anger?,1,6,https://seatofthesoul.com/soul-snack-57-why-does-challenging-anger-bring-more-anger/,en-US,"index, follow, max-image-preview:large, max-snippet:-1, max-video-preview:-1",Soul Snack #57: Why Does Challenging Anger Bring More Anger? - The Seat of the Soul Institute,"Create the life you desire by choosing love over fear. Learn how HERE.   In this Soul Snack, Gary Zukav explains why setting an intention to release anger often seems to attract more of it. He reveals that when you decide to challenge a fear-based part of your personality, the universe cooperates – not to […]",https://seatofthesoul.com/wp-content/uploads/2026/02/GaryZukav_Ep57.5_Graphic-02.jpg,summary_large_image,Article|BreadcrumbList|ImageObject|Organization|Person|WebPage|WebSite,542,3,1,28,7,G-PZH9QMWR4R,UA-200510356-1,,630056102333543,,,MEDIUM,title length 93 (target 25–65); missing meta description; 1/3 imgs missing alt
https://seatofthesoul.com/soul-feast-58-moving-beyond-stress/,post,200,https://seatofthesoul.com/soul-feast-58-moving-beyond-stress/,1452,110.1,Soul Feast #58: Moving Beyond Stress - The Seat of the Soul Institute,69,,0,Soul Feast #58: Moving Beyond Stress,1,6,https://seatofthesoul.com/soul-feast-58-moving-beyond-stress/,en-US,"index, follow, max-image-preview:large, max-snippet:-1, max-video-preview:-1",Soul Feast #58: Moving Beyond Stress - The Seat of the Soul Institute,"Discover a new way of seeing and experiencing the world. Start your journey to multisensory perception HERE. What if stress isn’t caused by the world around you – but by what’s happening inside you?  In this Soul Feast of The Gary Zukav Deepcast, Gary explores the true nature of stress – not as a reaction […]",https://seatofthesoul.com/wp-content/uploads/2026/02/GaryZukav_Ep58_Graphic-01.jpg,summary_large_image,Article|BreadcrumbList|ImageObject|Organization|Person|WebPage|WebSite,589,3,1,28,7,G-PZH9QMWR4R,UA-200510356-1,,630056102333543,,,MEDIUM,title length 69 (target 25–65); missing meta description; 1/3 imgs missing alt
https://seatofthesoul.com/soul-snack-58-the-higher-logic-of-the-heart/,post,200,https://seatofthesoul.com/soul-snack-58-the-higher-logic-of-the-heart/,1590,110.2,Soul Snack #58: The Higher Logic of the Heart - The Seat of the Soul Institute,78,,0,Soul Snack #58: The Higher Logic of the Heart,1,6,https://seatofthesoul.com/soul-snack-58-the-higher-logic-of-the-heart/,en-US,"index, follow, max-image-preview:large, max-snippet:-1, max-video-preview:-1",Soul Snack #58: The Higher Logic of the Heart - The Seat of the Soul Institute,"Are you ready to live Beyond the Five Sense? Learn How Here.   In this Soul Snack, Gary Zukav shares that authentic power begins with emotional awareness – learning to recognize the energy of your emotions as messages from your soul. The heart, he reveals, is not just a symbol of love. It is the […]",https://seatofthesoul.com/wp-content/uploads/2026/02/GaryZukav_Ep58.5_Graphic-01.jpg,summary_large_image,Article|BreadcrumbList|ImageObject|Organization|Person|WebPage|WebSite,536,3,1,28,7,G-PZH9QMWR4R,UA-200510356-1,,630056102333543,,,MEDIUM,title length 78 (target 25–65); missing meta description; 1/3 imgs missing alt
https://seatofthesoul.com/soul-feast-59-everyone-is-fighting-a-great-battle/,post,200,https://seatofthesoul.com/soul-feast-59-everyone-is-fighting-a-great-battle/,1005,110.1,Soul Feast #59: Everyone is Fighting a Great Battle - The Seat of the Soul Institute,84,,0,Soul Feast #59: Everyone is Fighting a Great Battle,1,6,https://seatofthesoul.com/soul-feast-59-everyone-is-fighting-a-great-battle/,en-US,"index, follow, max-image-preview:large, max-snippet:-1, max-video-preview:-1",Soul Feast #59: Everyone is Fighting a Great Battle - The Seat of the Soul Institute,"Your journey to Authentic Power begins here. Download your copy of the Authentic Power Guidelines today.   We’ve all heard the saying, “Be gentle with everyone you meet, for everyone is fighting a great battle.” In this deeply reflective Soul Feast, Gary explores what this really means –  that  The great battle we face isn’t […]",https://seatofthesoul.com/wp-content/uploads/2026/02/GaryZukav_Ep59_Graphic-02.jpg,summary_large_image,Article|BreadcrumbList|ImageObject|Organization|Person|WebPage|WebSite,535,3,1,28,7,G-PZH9QMWR4R,UA-200510356-1,,630056102333543,,,MEDIUM,title length 84 (target 25–65); missing meta description; 1/3 imgs missing alt
https://seatofthesoul.com/soul-snack-59-how-can-i-heal-anxiety/,post,200,https://seatofthesoul.com/soul-snack-59-how-can-i-heal-anxiety/,952,110.0,Soul Snack #59: How Can I Heal Anxiety? - The Seat of the Soul Institute,72,,0,Soul Snack #59: How Can I Heal Anxiety?,1,6,https://seatofthesoul.com/soul-snack-59-how-can-i-heal-anxiety/,en-US,"index, follow, max-image-preview:large, max-snippet:-1, max-video-preview:-1",Soul Snack #59: How Can I Heal Anxiety? - The Seat of the Soul Institute,"Your emotions are messages from your soul. Learn How to Tune In and Listen Here. In this Soul Snack, Gary Zukav explores what anxiety truly is – and what it isn’t. He reveals that the vague, overwhelming feeling so many call “generalized anxiety” is actually emotional illiteracy: the inability to recognize and name the physical sensations […]",https://seatofthesoul.com/wp-content/uploads/2026/02/GaryZukav_Ep59.5_Graphic-02.jpg,summary_large_image,Article|BreadcrumbList|ImageObject|Organization|Person|WebPage|WebSite,535,3,1,28,7,G-PZH9QMWR4R,UA-200510356-1,,630056102333543,,,MEDIUM,title length 72 (target 25–65); missing meta description; 1/3 imgs missing alt
https://seatofthesoul.com/soul-feast-60-the-universe-doesnt-judge/,post,200,https://seatofthesoul.com/soul-feast-60-the-universe-doesnt-judge/,867,110.6,Soul Feast #60: The Universe Doesn't Judge - The Seat of the Soul Institute,75,,0,Soul Feast #60: The Universe Doesn’t Judge,1,6,https://seatofthesoul.com/soul-feast-60-the-universe-doesnt-judge/,en-US,"index, follow, max-image-preview:large, max-snippet:-1, max-video-preview:-1",Soul Feast #60: The Universe Doesn't Judge - The Seat of the Soul Institute,"Explore your full potential, so you can give the gifts you were born to give. Your soul has been waiting for you to take this journey! Learn More Here. In this transformative episode of The Gary Zukav Deepcast, Gary shares one of the most liberating truths of the Earth School: the universe doesn’t judge. What […]",https://seatofthesoul.com/wp-content/uploads/2026/02/GaryZukav_Ep60_Graphic-01.jpg,summary_large_image,Article|BreadcrumbList|ImageObject|Organization|Person|WebPage|WebSite,587,3,1,28,7,G-PZH9QMWR4R,UA-200510356-1,,630056102333543,,,MEDIUM,title length 75 (target 25–65); missing meta description; 1/3 imgs missing alt
https://seatofthesoul.com/soul-snack-60-discern-your-intentions/,post,200,https://seatofthesoul.com/soul-snack-60-discern-your-intentions/,1173,109.9,Soul Snack #60: Discern Your Intentions - The Seat of the Soul Institute,72,,0,Soul Snack #60: Discern Your Intentions,1,6,https://seatofthesoul.com/soul-snack-60-discern-your-intentions/,en-US,"index, follow, max-image-preview:large, max-snippet:-1, max-video-preview:-1",Soul Snack #60: Discern Your Intentions - The Seat of the Soul Institute,"Your emotions are messages from your soul. Learn How to Tune In and Listen HERE. Every action you take, every word you speak, carries an intention – a silent energy that determines the quality of your experiences. In this episode of The Gary Zukav Deepcast, Gary Zukav invites listeners to look beyond appearances and explore what […]",https://seatofthesoul.com/wp-content/uploads/2026/02/GaryZukav_Ep60.5_Graphic-02.jpg,summary_large_image,Article|BreadcrumbList|ImageObject|Organization|Person|WebPage|WebSite,523,3,1,28,7,G-PZH9QMWR4R,UA-200510356-1,,630056102333543,,,MEDIUM,title length 72 (target 25–65); missing meta description; 1/3 imgs missing alt
https://seatofthesoul.com/soul-feast-61-how-you-experience-things-depends-on-how-you-hold-them/,post,200,https://seatofthesoul.com/soul-feast-61-how-you-experience-things-depends-on-how-you-hold-them/,1224,111.3,Soul Feast #61: How You Experience Things Depends on How You Hold Them - The Seat of the Soul Institute,103,,0,Soul Feast #61: How You Experience Things Depends on How You Hold Them,1,6,https://seatofthesoul.com/soul-feast-61-how-you-experience-things-depends-on-how-you-hold-them/,en-US,"index, follow, max-image-preview:large, max-snippet:-1, max-video-preview:-1",Soul Feast #61: How You Experience Things Depends on How You Hold Them - The Seat of the Soul Institute,"Discover a new way of seeing and experiencing the world. Start your journey to multisensory perception HERE. In this illuminating Soul Feast, Gary reveals one of the most empowering understandings of the Earth School: you don’t experience the world as it is – you experience it as you are. Your perception of every event is […]",https://seatofthesoul.com/wp-content/uploads/2026/02/GaryZukav_Ep61_Graphic-01.jpg,summary_large_image,Article|BreadcrumbList|ImageObject|Organization|Person|WebPage|WebSite,691,3,1,28,7,G-PZH9QMWR4R,UA-200510356-1,,630056102333543,,,MEDIUM,title length 103 (target 25–65); missing meta description; 1/3 imgs missing alt
https://seatofthesoul.com/soul-snack-61-emotional-indulgence/,post,200,https://seatofthesoul.com/soul-snack-61-emotional-indulgence/,1183,110.6,Soul Snack #61: Emotional Indulgence - The Seat of the Soul Institute,69,,0,Soul Snack #61: Emotional Indulgence,1,6,https://seatofthesoul.com/soul-snack-61-emotional-indulgence/,en-US,"index, follow, max-image-preview:large, max-snippet:-1, max-video-preview:-1",Soul Snack #61: Emotional Indulgence - The Seat of the Soul Institute,"Your emotions are messages from your soul. Learn How to Tune In and Listen HERE. In this Soul Snack of The Gary Zukav Deepcast, Gary Zukav and Linda Francis explore why even those with emotional awareness can still choose to act from fear. This powerful dynamic – knowing a frightened part is active yet siding with it […]",https://seatofthesoul.com/wp-content/uploads/2026/02/Copy-of-GaryZukav_Ep61.5_Graphic-02.jpg,summary_large_image,Article|BreadcrumbList|ImageObject|Organization|Person|WebPage|WebSite,580,3,1,28,7,G-PZH9QMWR4R,UA-200510356-1,,630056102333543,,,MEDIUM,title length 69 (target 25–65); missing meta description; 1/3 imgs missing alt
https://seatofthesoul.com/soul-feast-62-compassion-is-not-for-cowards/,post,200,https://seatofthesoul.com/soul-feast-62-compassion-is-not-for-cowards/,972,110.2,Soul Feast #62: Compassion is Not for Cowards - The Seat of the Soul Institute,78,,0,Soul Feast #62: Compassion is Not for Cowards,1,6,https://seatofthesoul.com/soul-feast-62-compassion-is-not-for-cowards/,en-US,"index, follow, max-image-preview:large, max-snippet:-1, max-video-preview:-1",Soul Feast #62: Compassion is Not for Cowards - The Seat of the Soul Institute,"Are you making choices in love or fear? Take this self-assessment today to find out.   In this powerful Soul Feast, Gary explores compassion as a living experience rather than a concept. He guides listeners into the inner world where fear and love shape every perception and interaction. Through clear examples, Gary shows how genuine […]",https://seatofthesoul.com/wp-content/uploads/2026/02/Copy-of-GaryZukav_Ep62_Graphic-02.jpg,summary_large_image,Article|BreadcrumbList|ImageObject|Organization|Person|WebPage|WebSite,598,3,1,28,7,G-PZH9QMWR4R,UA-200510356-1,,630056102333543,,,MEDIUM,title length 78 (target 25–65); missing meta description; 1/3 imgs missing alt
https://seatofthesoul.com/soul-snack-62-supporting-vs-projecting/,post,200,https://seatofthesoul.com/soul-snack-62-supporting-vs-projecting/,820,110.9,Soul Snack #62: Supporting vs. Projecting - The Seat of the Soul Institute,74,,0,Soul Snack #62: Supporting vs. Projecting,1,6,https://seatofthesoul.com/soul-snack-62-supporting-vs-projecting/,en-US,"index, follow, max-image-preview:large, max-snippet:-1, max-video-preview:-1",Soul Snack #62: Supporting vs. Projecting - The Seat of the Soul Institute,"Are you making choices in love or fear? Take this self-assessment today to find out. A new consciousness is reshaping the human experience – one that challenges everything we thought was “real.” In this Soul Snack, Gary explores one of its most important skills: recognizing the difference between genuine support and unconscious projection. When a […]",https://seatofthesoul.com/wp-content/uploads/2026/02/Copy-of-GaryZukav_Ep62.5_Graphic-01.jpg,summary_large_image,Article|BreadcrumbList|ImageObject|Organization|Person|WebPage|WebSite,640,3,1,28,7,G-PZH9QMWR4R,UA-200510356-1,,630056102333543,,,MEDIUM,title length 74 (target 25–65); missing meta description; 1/3 imgs missing alt
https://seatofthesoul.com/soul-feast-63-evolution-of-consciousness-where-to-look-for-it/,post,200,https://seatofthesoul.com/soul-feast-63-evolution-of-consciousness-where-to-look-for-it/,1018,111.1,Soul Feast #63: Evolution of Consciousness: Where to Look for It - The Seat of the Soul Institute,97,,0,Soul Feast #63: Evolution of Consciousness: Where to Look for It,1,6,https://seatofthesoul.com/soul-feast-63-evolution-of-consciousness-where-to-look-for-it/,en-US,"index, follow, max-image-preview:large, max-snippet:-1, max-video-preview:-1",Soul Feast #63: Evolution of Consciousness: Where to Look for It - The Seat of the Soul Institute,"Are you ready to live Beyond the Five Sense? Learn How Here. In this Soul Feast, Gary explores the monumental transformation occurring within human consciousness and explains why this shift is unprecedented. He describes how the old, five-sensory consciousness is rapidly giving way to a multi-sensory awareness – one that allows individuals to perceive beyond […]",https://seatofthesoul.com/wp-content/uploads/2026/02/GaryZukav_Ep63_Graphic-02.jpg,summary_large_image,Article|BreadcrumbList|ImageObject|Organization|Person|WebPage|WebSite,638,3,1,28,7,G-PZH9QMWR4R,UA-200510356-1,,630056102333543,,,MEDIUM,title length 97 (target 25–65); missing meta description; 1/3 imgs missing alt
https://seatofthesoul.com/soul-snack-63-spiritual-partnership/,post,200,https://seatofthesoul.com/soul-snack-63-spiritual-partnership/,963,110.4,Soul Snack #63: Spiritual Partnership - The Seat of the Soul Institute,70,,0,Soul Snack #63: Spiritual Partnership,1,6,https://seatofthesoul.com/soul-snack-63-spiritual-partnership/,en-US,"index, follow, max-image-preview:large, max-snippet:-1, max-video-preview:-1",Soul Snack #63: Spiritual Partnership - The Seat of the Soul Institute,"Your emotions are messages from your soul. Learn How to Tune In and Listen HERE.   A new consciousness is reshaping the human experience, and in this Soul Snack, Gary and Linda explore one of its most transformative expressions: spiritual partnership.They reveal how spiritual partners help one another evolve – not by soothing fear, but by […]",https://seatofthesoul.com/wp-content/uploads/2026/02/Copy-of-GaryZukav_Ep63.5_Graphic-02.jpg,summary_large_image,Article|BreadcrumbList|ImageObject|Organization|Person|WebPage|WebSite,619,3,1,28,7,G-PZH9QMWR4R,UA-200510356-1,,630056102333543,,,MEDIUM,title length 70 (target 25–65); missing meta description; 1/3 imgs missing alt
https://seatofthesoul.com/soul-feast-64-will-ai-change-human-evolution/,post,200,https://seatofthesoul.com/soul-feast-64-will-ai-change-human-evolution/,836,111.8,Soul Feast #64: Will AI Change Human Evolution? - The Seat of the Soul Institute,80,,0,Soul Feast #64: Will AI Change Human Evolution?,1,6,https://seatofthesoul.com/soul-feast-64-will-ai-change-human-evolution/,en-US,"index, follow, max-image-preview:large, max-snippet:-1, max-video-preview:-1",Soul Feast #64: Will AI Change Human Evolution? - The Seat of the Soul Institute,"Discover how intentional choices can transform your life. Download this meditation on Responsible Choice today. Humanity stands in a rare moment of profound transformation, and in this Soul Feast, Gary explores a question many are asking:  Will artificial intelligence alter human evolution?  Instead of approaching the topic from an intellectual or technological angle, Gary guides […]",https://seatofthesoul.com/wp-content/uploads/2026/02/Copy-of-GaryZukav_Ep64_Graphic-02.jpg,summary_large_image,Article|BreadcrumbList|ImageObject|Organization|Person|WebPage|WebSite,683,3,1,28,7,G-PZH9QMWR4R,UA-200510356-1,,630056102333543,,,MEDIUM,title length 80 (target 25–65); missing meta description; 1/3 imgs missing alt
https://seatofthesoul.com/soul-snack-64-spiritual-partnership-and-development/,post,200,https://seatofthesoul.com/soul-snack-64-spiritual-partnership-and-development/,1009,110.7,Soul Snack #64: Spiritual Partnership and Development - The Seat of the Soul Institute,86,,0,Soul Snack #64: Spiritual Partnership and Development,1,6,https://seatofthesoul.com/soul-snack-64-spiritual-partnership-and-development/,en-US,"index, follow, max-image-preview:large, max-snippet:-1, max-video-preview:-1",Soul Snack #64: Spiritual Partnership and Development - The Seat of the Soul Institute,"Your emotions are messages from your soul. Learn How to Tune In and Listen HERE. A new consciousness is transforming the human experience, and in this Soul Snack, Gary and Linda explore one of its most transformative expressions: spiritual partnership. They reveal how authentic power grows when partners bring loving awareness – not avoidance – to […]",https://seatofthesoul.com/wp-content/uploads/2026/02/Copy-of-GaryZukav_Ep64.5_Graphic-01.jpg,summary_large_image,Article|BreadcrumbList|ImageObject|Organization|Person|WebPage|WebSite,602,3,1,28,7,G-PZH9QMWR4R,UA-200510356-1,,630056102333543,,,MEDIUM,title length 86 (target 25–65); missing meta description; 1/3 imgs missing alt
https://seatofthesoul.com/soul-feast-65-how-can-i-change-the-world-from-the-new-consciousness/,post,200,https://seatofthesoul.com/soul-feast-65-how-can-i-change-the-world-from-the-new-consciousness/,921,111.8,Soul Feast #65: How Can I Change the World from the New Consciousness? - The Seat of the Soul Institute,103,,0,Soul Feast #65: How Can I Change the World from the New Consciousness?,1,6,https://seatofthesoul.com/soul-feast-65-how-can-i-change-the-world-from-the-new-consciousness/,en-US,"index, follow, max-image-preview:large, max-snippet:-1, max-video-preview:-1",Soul Feast #65: How Can I Change the World from the New Consciousness? - The Seat of the Soul Institute,"Are you ready to live Beyond the Five Senses? Learn How Here. A profound shift is underway in humanity, and in this Soul Feast, Gary Zukav explores the question so many people hold today:  How can I change the world from the new consciousness?  He begins by illuminating the difference between the old five-sensory perception […]",https://seatofthesoul.com/wp-content/uploads/2026/02/GaryZukav_Ep65_Graphic-01.jpg,summary_large_image,Article|BreadcrumbList|ImageObject|Organization|Person|WebPage|WebSite,709,3,1,28,7,G-PZH9QMWR4R,UA-200510356-1,,630056102333543,,,MEDIUM,title length 103 (target 25–65); missing meta description; 1/3 imgs missing alt
https://seatofthesoul.com/soul-snack-65-supporting-with-love/,post,200,https://seatofthesoul.com/soul-snack-65-supporting-with-love/,1448,110.2,Soul Snack #65: Supporting with Love - The Seat of the Soul Institute,69,,0,Soul Snack #65: Supporting with Love,1,6,https://seatofthesoul.com/soul-snack-65-supporting-with-love/,en-US,"index, follow, max-image-preview:large, max-snippet:-1, max-video-preview:-1",Soul Snack #65: Supporting with Love - The Seat of the Soul Institute,"Are you making choices in love or fear? Take this self-assessment today to find out. A new consciousness is unfolding, and with it comes a deeper understanding of what it truly means to support another person from love. In this Soul Snack, Gary shares a powerful story from his time working with a circle of students. […]",https://seatofthesoul.com/wp-content/uploads/2026/02/GaryZukav_Ep65.5_Graphic-02.jpg,summary_large_image,Article|BreadcrumbList|ImageObject|Organization|Person|WebPage|WebSite,616,3,1,28,7,G-PZH9QMWR4R,UA-200510356-1,,630056102333543,,,MEDIUM,title length 69 (target 25–65); missing meta description; 1/3 imgs missing alt
https://seatofthesoul.com/soul-feast-66-the-authentic-power-guidelines-series-introduction/,post,200,https://seatofthesoul.com/soul-feast-66-the-authentic-power-guidelines-series-introduction/,1139,111.9,Soul Feast #66: The Authentic Power Guidelines: Series Introduction - The Seat of the Soul Institute,100,,0,Soul Feast #66: The Authentic Power Guidelines: Series Introduction,1,6,https://seatofthesoul.com/soul-feast-66-the-authentic-power-guidelines-series-introduction/,en-US,"index, follow, max-image-preview:large, max-snippet:-1, max-video-preview:-1",Soul Feast #66: The Authentic Power Guidelines: Series Introduction - The Seat of the Soul Institute,"Your journey to Authentic Power begins here. Download your copy of the Authentic Power Guidelines today.   A profound evolutionary shift is reshaping humanity, and in this Soul Feast, Gary Zukav opens a new multi-part series dedicated entirely to the Authentic Power Guidelines – the clearest, most practical tools he and his spiritual partner, Linda […]",https://seatofthesoul.com/wp-content/uploads/2026/02/GaryZukav_Ep66_Graphic-01.jpg,summary_large_image,Article|BreadcrumbList|ImageObject|Organization|Person|WebPage|WebSite,626,3,1,28,7,G-PZH9QMWR4R,UA-200510356-1,,630056102333543,,,MEDIUM,title length 100 (target 25–65); missing meta description; 1/3 imgs missing alt
https://seatofthesoul.com/soul-snack-66-how-do-i-let-go-of-anger-and-resentment/,post,200,https://seatofthesoul.com/soul-snack-66-how-do-i-let-go-of-anger-and-resentment/,910,110.7,Soul Snack #66: How Do I Let Go of Anger and Resentment? - The Seat of the Soul Institute,89,,0,Soul Snack #66: How Do I Let Go of Anger and Resentment?,1,6,https://seatofthesoul.com/soul-snack-66-how-do-i-let-go-of-anger-and-resentment/,en-US,"index, follow, max-image-preview:large, max-snippet:-1, max-video-preview:-1",Soul Snack #66: How Do I Let Go of Anger and Resentment? - The Seat of the Soul Institute,"Are you making choices in love or fear? Take this self-assessment today to find out. Letting go of anger and resentment is one of the most challenging – and transformative – inner commitments a person can make. In this Soul Snack Linda Francis shares a grounded, compassionate explanation of what it truly takes to release […]",https://seatofthesoul.com/wp-content/uploads/2026/02/GaryZukav_Ep66.5_Graphic-02.jpg,summary_large_image,Article|BreadcrumbList|ImageObject|Organization|Person|WebPage|WebSite,658,3,1,28,7,G-PZH9QMWR4R,UA-200510356-1,,630056102333543,,,MEDIUM,title length 89 (target 25–65); missing meta description; 1/3 imgs missing alt
https://seatofthesoul.com/soul-feast-67-guidelines-1-introduction-to-commitment-guidelines/,post,200,https://seatofthesoul.com/soul-feast-67-guidelines-1-introduction-to-commitment-guidelines/,1057,111.1,Soul Feast #67: GUIDELINES 1: Introduction to Commitment Guidelines - The Seat of the Soul Institute,100,,0,Soul Feast #67: GUIDELINES 1: Introduction to Commitment Guidelines,1,6,https://seatofthesoul.com/soul-feast-67-guidelines-1-introduction-to-commitment-guidelines/,en-US,"index, follow, max-image-preview:large, max-snippet:-1, max-video-preview:-1",Soul Feast #67: GUIDELINES 1: Introduction to Commitment Guidelines - The Seat of the Soul Institute,"Create the life you desire by choosing love over fear. Learn how HERE.   In this opening Soul Feast of the Commitment Guidelines, Gary Zukav explains what real commitment means from the perspective of the soul – and why it is the foundation of authentic power. He invites listeners to look honestly at the commitments they […]",https://seatofthesoul.com/wp-content/uploads/2026/02/GaryZukav_Ep67_Graphic-01.jpg,summary_large_image,Article|BreadcrumbList|ImageObject|Organization|Person|WebPage|WebSite,616,3,1,28,7,G-PZH9QMWR4R,UA-200510356-1,,630056102333543,,,MEDIUM,title length 100 (target 25–65); missing meta description; 1/3 imgs missing alt
https://seatofthesoul.com/soul-snack-67-align-your-personality-with-your-soul/,post,200,https://seatofthesoul.com/soul-snack-67-align-your-personality-with-your-soul/,860,111.5,Soul Snack #67: Align Your Personality with Your Soul - The Seat of the Soul Institute,86,,0,Soul Snack #67: Align Your Personality with Your Soul,1,6,https://seatofthesoul.com/soul-snack-67-align-your-personality-with-your-soul/,en-US,"index, follow, max-image-preview:large, max-snippet:-1, max-video-preview:-1",Soul Snack #67: Align Your Personality with Your Soul - The Seat of the Soul Institute,"Learn how to connect with your intuition every day. Click here to start your journey to authentic power.   A new consciousness is reshaping the human experience, and with it comes an elegant invitation: to align your personality with your soul. In this Soul Snack, Gary Zukav explains that choosing love instead of fear is […]",https://seatofthesoul.com/wp-content/uploads/2026/02/GaryZukav_Ep67.5_Graphic-01.jpg,summary_large_image,Article|BreadcrumbList|ImageObject|Organization|Person|WebPage|WebSite,674,3,1,28,7,G-PZH9QMWR4R,UA-200510356-1,,630056102333543,,,MEDIUM,title length 86 (target 25–65); missing meta description; 1/3 imgs missing alt
https://seatofthesoul.com/soul-feast-68-guidelines-2-focusing-on-what-i-can-learn-about-myself/,post,200,https://seatofthesoul.com/soul-feast-68-guidelines-2-focusing-on-what-i-can-learn-about-myself/,1589,111.0,Soul Feast #68: GUIDELINES 2: Focusing on What I Can Learn About Myself - The Seat of the Soul Institute,104,,0,Soul Feast #68: GUIDELINES 2: Focusing on What I Can Learn About Myself,1,6,https://seatofthesoul.com/soul-feast-68-guidelines-2-focusing-on-what-i-can-learn-about-myself/,en-US,"index, follow, max-image-preview:large, max-snippet:-1, max-video-preview:-1",Soul Feast #68: GUIDELINES 2: Focusing on What I Can Learn About Myself - The Seat of the Soul Institute,"Your journey to Authentic Power begins here. Download your copy of the Authentic Power Guidelines today. Gary Zukav shares a powerful second teaching in the Commitment Guidelines: the practice of turning inward – consistently and without exception – when emotional pain arises. Instead of looking to the outside world for causes or solutions, he shows […]",https://seatofthesoul.com/wp-content/uploads/2026/02/GaryZukav_Ep68_Graphic-01.jpg,summary_large_image,Article|BreadcrumbList|ImageObject|Organization|Person|WebPage|WebSite,592,3,1,28,7,G-PZH9QMWR4R,UA-200510356-1,,630056102333543,,,MEDIUM,title length 104 (target 25–65); missing meta description; 1/3 imgs missing alt
https://seatofthesoul.com/soul-snack-68-distractions/,post,200,https://seatofthesoul.com/soul-snack-68-distractions/,930,110.0,Soul Snack #68: Distractions - The Seat of the Soul Institute,61,,0,Soul Snack #68: Distractions,1,6,https://seatofthesoul.com/soul-snack-68-distractions/,en-US,"index, follow, max-image-preview:large, max-snippet:-1, max-video-preview:-1",Soul Snack #68: Distractions - The Seat of the Soul Institute,"Learn how to connect with your intuition every day. Click here to start your journey to authentic power! A new consciousness is emerging, and with it comes a deeper look at the subtle forces that shape our inner lives. In this Soul Snack, Gary Zukav explores the nature of distractions – the impulses, temptations, and […]",https://seatofthesoul.com/wp-content/uploads/2026/02/GaryZukav_Ep68.5_Graphic-02.jpg,summary_large_image,Article|BreadcrumbList|ImageObject|Organization|Person|WebPage|WebSite,594,3,1,28,7,G-PZH9QMWR4R,UA-200510356-1,,630056102333543,,,MEDIUM,missing meta description; 1/3 imgs missing alt
https://seatofthesoul.com/soul-feast-69-guidelines-3-pay-attention-to-my-emotions/,post,200,https://seatofthesoul.com/soul-feast-69-guidelines-3-pay-attention-to-my-emotions/,968,111.2,Soul Feast #69: GUIDELINES 3: Pay Attention to My Emotions - The Seat of the Soul Institute,91,,0,Soul Feast #69: GUIDELINES 3: Pay Attention to My Emotions,1,6,https://seatofthesoul.com/soul-feast-69-guidelines-3-pay-attention-to-my-emotions/,en-US,"index, follow, max-image-preview:large, max-snippet:-1, max-video-preview:-1",Soul Feast #69: GUIDELINES 3: Pay Attention to My Emotions - The Seat of the Soul Institute,"Your emotions are messages from your soul. Learn How to Tune In and Listen Here. In this Soul Feast, Gary Zukav continues the exploration of the Authentic Power Guidelines by introducing the next essential practice: Pay attention to your emotions. He explains that personal transformation does not begin with changing the world around you – that […]",https://seatofthesoul.com/wp-content/uploads/2026/02/GaryZukav_Ep69_Graphic-02.jpg,summary_large_image,Article|BreadcrumbList|ImageObject|Organization|Person|WebPage|WebSite,641,3,1,28,7,G-PZH9QMWR4R,UA-200510356-1,,630056102333543,,,MEDIUM,title length 91 (target 25–65); missing meta description; 1/3 imgs missing alt
https://seatofthesoul.com/soul-snack-69-what-does-my-soul-want/,post,200,https://seatofthesoul.com/soul-snack-69-what-does-my-soul-want/,1084,111.0,Soul Snack #69: What Does My Soul Want? - The Seat of the Soul Institute,72,,0,Soul Snack #69: What Does My Soul Want?,1,6,https://seatofthesoul.com/soul-snack-69-what-does-my-soul-want/,en-US,"index, follow, max-image-preview:large, max-snippet:-1, max-video-preview:-1",Soul Snack #69: What Does My Soul Want? - The Seat of the Soul Institute,"Your emotions are messages from your soul. Learn How to Tune In and Listen HERE. A new multisensory consciousness is emerging, and it is fundamentally transforming the human experience. In this Soul Snack, Gary Zukav invites you to explore the most essential question on your spiritual path: What does my Soul want? Every human life […]",https://seatofthesoul.com/wp-content/uploads/2026/02/GaryZukav_Ep69.5_Graphic-02.jpg,summary_large_image,Article|BreadcrumbList|ImageObject|Organization|Person|WebPage|WebSite,642,3,1,28,7,G-PZH9QMWR4R,UA-200510356-1,,630056102333543,,,MEDIUM,title length 72 (target 25–65); missing meta description; 1/3 imgs missing alt
https://seatofthesoul.com/soul-feast-70-guidelines-4-pay-attention-to-my-thoughts/,post,200,https://seatofthesoul.com/soul-feast-70-guidelines-4-pay-attention-to-my-thoughts/,1077,110.4,Soul Feast #70: GUIDELINES 4: Pay Attention to My Thoughts - The Seat of the Soul Institute,91,,0,Soul Feast #70: GUIDELINES 4: Pay Attention to My Thoughts,1,6,https://seatofthesoul.com/soul-feast-70-guidelines-4-pay-attention-to-my-thoughts/,en-US,"index, follow, max-image-preview:large, max-snippet:-1, max-video-preview:-1",Soul Feast #70: GUIDELINES 4: Pay Attention to My Thoughts - The Seat of the Soul Institute,"Your journey to Authentic Power begins here. Download your copy of the Authentic Power Guidelines today. In this Soul Feast, Gary Zukav continues his exploration of the Authentic Power Guidelines by introducing the guideline: paying attention to one’s thoughts. He explains that thoughts are not random mental chatter, but precise indicators of whether a loving or […]",https://seatofthesoul.com/wp-content/uploads/2026/02/GaryZukav_Ep70_Graphic-02.jpg,summary_large_image,Article|BreadcrumbList|ImageObject|Organization|Person|WebPage|WebSite,529,3,1,28,7,G-PZH9QMWR4R,UA-200510356-1,,630056102333543,,,MEDIUM,title length 91 (target 25–65); missing meta description; 1/3 imgs missing alt
https://seatofthesoul.com/soul-snack-70-the-guest-house/,post,200,https://seatofthesoul.com/soul-snack-70-the-guest-house/,867,110.0,Soul Snack #70: The Guest House - The Seat of the Soul Institute,64,,0,Soul Snack #70: The Guest House,1,6,https://seatofthesoul.com/soul-snack-70-the-guest-house/,en-US,"index, follow, max-image-preview:large, max-snippet:-1, max-video-preview:-1",Soul Snack #70: The Guest House - The Seat of the Soul Institute,"Your emotions are messages from your soul. Learn How to Tune In and Listen HERE. In this Soul Snack, Gary Zukav reflects on The Guest House, the well-known poem attributed to Rumi, to illuminate a core truth of Emotional Awareness: every inner experience arrives with purpose. Joy, sorrow, anger, shame, and fear are not interruptions […]",https://seatofthesoul.com/wp-content/uploads/2026/02/GaryZukav_Ep70.5_Graphic-01.jpg,summary_large_image,Article|BreadcrumbList|ImageObject|Organization|Person|WebPage|WebSite,539,3,1,28,7,G-PZH9QMWR4R,UA-200510356-1,,630056102333543,,,MEDIUM,missing meta description; 1/3 imgs missing alt
https://seatofthesoul.com/soul-feast-71-gary-zukavs-personal-experiences-linda-part-1/,post,200,https://seatofthesoul.com/soul-feast-71-gary-zukavs-personal-experiences-linda-part-1/,845,110.4,Soul Feast #71: Gary Zukav's Personal Experiences - Linda Part 1 - The Seat of the Soul Institute,97,,0,Soul Feast #71: Gary Zukav’s Personal Experiences – Linda Part 1,1,6,https://seatofthesoul.com/soul-feast-71-gary-zukavs-personal-experiences-linda-part-1/,en-US,"index, follow, max-image-preview:large, max-snippet:-1, max-video-preview:-1",Soul Feast #71: Gary Zukav's Personal Experiences - Linda Part 1 - The Seat of the Soul Institute,"Your emotions are messages from your soul. Learn How to Tune In and Listen Here. https://youtu.be/cLCtjzdGzRc   In this deeply personal Soul Feast, Gary Zukav shares the story of how his Spiritual Partnership with Linda unfolded – not as a five-sensory romance, but as a profound spiritual awakening. Through memories of community, synchronicity, fear, and choice, […]",https://seatofthesoul.com/wp-content/uploads/2026/02/GaryZukav_Ep71_Graphic-02.jpg,summary_large_image,Article|BreadcrumbList|ImageObject|Organization|Person|WebPage|WebSite,549,3,1,28,7,G-PZH9QMWR4R,UA-200510356-1,,630056102333543,,,MEDIUM,title length 97 (target 25–65); missing meta description; 1/3 imgs missing alt
https://seatofthesoul.com/soul-snack-71-courage-meditation/,post,200,https://seatofthesoul.com/soul-snack-71-courage-meditation/,871,110.1,Soul Snack #71: Courage Meditation - The Seat of the Soul Institute,67,,0,Soul Snack #71: Courage Meditation,1,6,https://seatofthesoul.com/soul-snack-71-courage-meditation/,en-US,"index, follow, max-image-preview:large, max-snippet:-1, max-video-preview:-1",Soul Snack #71: Courage Meditation - The Seat of the Soul Institute,"Are you ready to live Beyond the Five Senses? Learn How Here. https://youtu.be/zM5q3leDI-Y   In this guided meditation, Gary Zukav and Linda Francis invite you into a quiet, inward exploration of courage as a lived, present-moment experience. Set within the larger context of multisensory humanity’s evolving consciousness,  the meditation offers a direct way to recognize […]",https://seatofthesoul.com/wp-content/uploads/2026/02/GaryZukav_Ep71.5_Graphic-02.jpg,summary_large_image,Article|BreadcrumbList|ImageObject|Organization|Person|WebPage|WebSite,589,3,1,28,7,G-PZH9QMWR4R,UA-200510356-1,,630056102333543,,,MEDIUM,title length 67 (target 25–65); missing meta description; 1/3 imgs missing alt
https://seatofthesoul.com/soul-feast-72-gary-zukavs-personal-experiences-linda-part-2/,post,200,https://seatofthesoul.com/soul-feast-72-gary-zukavs-personal-experiences-linda-part-2/,1006,111.6,Soul Feast #72: Gary Zukav's Personal Experiences - Linda Part 2 - The Seat of the Soul Institute,97,,0,Soul Feast #72: Gary Zukav’s Personal Experiences – Linda Part 2,1,6,https://seatofthesoul.com/soul-feast-72-gary-zukavs-personal-experiences-linda-part-2/,en-US,"index, follow, max-image-preview:large, max-snippet:-1, max-video-preview:-1",Soul Feast #72: Gary Zukav's Personal Experiences - Linda Part 2 - The Seat of the Soul Institute,"Discover a new way of seeing and experiencing the world. Start your journey to multisensory perception HERE. https://youtu.be/A3RibsRoQvs In this profoundly moving conclusion to his personal journey, Gary Zukav continues the story of his Spiritual Partnership with Linda Francis. He guides listeners through the beauty of their 27 years together – a laboratory of Authentic […]",https://seatofthesoul.com/wp-content/uploads/2026/02/GaryZukav_Ep72_Graphic-02.jpg,summary_large_image,Article|BreadcrumbList|ImageObject|Organization|Person|WebPage|WebSite,716,3,1,28,7,G-PZH9QMWR4R,UA-200510356-1,,630056102333543,,,MEDIUM,title length 97 (target 25–65); missing meta description; 1/3 imgs missing alt
https://seatofthesoul.com/soul-snack-72-your-life-is-an-adventure/,post,200,https://seatofthesoul.com/soul-snack-72-your-life-is-an-adventure/,886,110.2,Soul Snack #72: Your Life Is An Adventure - The Seat of the Soul Institute,74,,0,Soul Snack #72: Your Life Is An Adventure,1,6,https://seatofthesoul.com/soul-snack-72-your-life-is-an-adventure/,en-US,"index, follow, max-image-preview:large, max-snippet:-1, max-video-preview:-1",Soul Snack #72: Your Life Is An Adventure - The Seat of the Soul Institute,"Are you making choices in love or fear? Take this self-assessment today to find out.   https://youtu.be/rtGI4EF3ybc In this transformative Soul Snack, Gary Zukav invites you to recognize your life in the Earth School as the grand adventure it truly is – unfolding in this very moment. Set within the context of humanity’s unprecedented shift […]",https://seatofthesoul.com/wp-content/uploads/2026/02/GaryZukav_Ep72.5_Graphic-01.jpg,summary_large_image,Article|BreadcrumbList|ImageObject|Organization|Person|WebPage|WebSite,628,3,1,28,7,G-PZH9QMWR4R,UA-200510356-1,,630056102333543,,,MEDIUM,title length 74 (target 25–65); missing meta description; 1/3 imgs missing alt
https://seatofthesoul.com/soul-feast-73-gary-zukavs-personal-experiences-linda-part-3/,post,200,https://seatofthesoul.com/soul-feast-73-gary-zukavs-personal-experiences-linda-part-3/,1436,112.3,Soul Feast #73: Gary Zukav's Personal Experiences - Linda Part 3 - The Seat of the Soul Institute,97,,0,Soul Feast #73: Gary Zukav’s Personal Experiences – Linda Part 3,1,6,https://seatofthesoul.com/soul-feast-73-gary-zukavs-personal-experiences-linda-part-3/,en-US,"index, follow, max-image-preview:large, max-snippet:-1, max-video-preview:-1",Soul Feast #73: Gary Zukav's Personal Experiences - Linda Part 3 - The Seat of the Soul Institute,"Discover a new way of seeing and experiencing the world. Start your journey to multisensory perception HERE.   In this deeply intimate continuation of his journey, Gary Zukav reveals what happens when the boundaries between physical and non-physical reality begin to dissolve. Through his ongoing Spiritual Partnership with Linda Francis after her Soul’s transition, Gary […]",https://seatofthesoul.com/wp-content/uploads/2026/02/GaryZukav_Ep73_Graphic-01.jpg,summary_large_image,Article|BreadcrumbList|ImageObject|Organization|Person|WebPage|WebSite,847,3,1,28,7,G-PZH9QMWR4R,UA-200510356-1,,630056102333543,,,MEDIUM,title length 97 (target 25–65); missing meta description; 1/3 imgs missing alt
https://seatofthesoul.com/soul-snack-73-why-is-it-important-to-experience-physical-sensations/,post,200,https://seatofthesoul.com/soul-snack-73-why-is-it-important-to-experience-physical-sensations/,870,111.4,Soul Snack #73: Why is it Important to Experience Physical Sensations? - The Seat of the Soul Institute,103,,0,Soul Snack #73: Why is it Important to Experience Physical Sensations?,1,6,https://seatofthesoul.com/soul-snack-73-why-is-it-important-to-experience-physical-sensations/,en-US,"index, follow, max-image-preview:large, max-snippet:-1, max-video-preview:-1",Soul Snack #73: Why is it Important to Experience Physical Sensations? - The Seat of the Soul Institute,"Your emotions are messages from your soul. Learn How to Tune In and Listen HERE.   In this illuminating episode, Gary Zukav reveals why experiencing physical sensations in your body is essential to creating Authentic Power. Set within the context of humanity’s unprecedented shift in consciousness, Gary guides you to understand that painful physical sensations – […]",https://seatofthesoul.com/wp-content/uploads/2026/02/GaryZukav_Ep73.5_Graphic-02.jpg,summary_large_image,Article|BreadcrumbList|ImageObject|Organization|Person|WebPage|WebSite,706,3,1,28,7,G-PZH9QMWR4R,UA-200510356-1,,630056102333543,,,MEDIUM,title length 103 (target 25–65); missing meta description; 1/3 imgs missing alt
https://seatofthesoul.com/soul-snack-74-every-moment-is-big/,post,200,https://seatofthesoul.com/soul-snack-74-every-moment-is-big/,1247,110.5,Soul Snack #74: Every Moment Is Big - The Seat of the Soul Institute,68,,0,Soul Snack #74: Every Moment Is Big,1,6,https://seatofthesoul.com/soul-snack-74-every-moment-is-big/,en-US,"index, follow, max-image-preview:large, max-snippet:-1, max-video-preview:-1",Soul Snack #74: Every Moment Is Big - The Seat of the Soul Institute,"Learn how to connect with your intuition every day. CLICK HERE to start your journey to authentic power In this profound Soul Snack, Gary Zukav challenges you to reconsider everything you think you know about the significance of your daily life. He reveals that from a multisensory perspective, every moment in your life carries the […]",https://seatofthesoul.com/wp-content/uploads/2026/05/GaryZukav_Ep74.5_Graphic-01.jpg,summary_large_image,Article|BreadcrumbList|ImageObject|Organization|Person|WebPage|WebSite,675,3,1,28,7,G-PZH9QMWR4R,UA-200510356-1,,630056102333543,,,MEDIUM,title length 68 (target 25–65); missing meta description; 1/3 imgs missing alt
https://seatofthesoul.com/soul-feast-75-gary-zukavs-personal-experiences-angels/,post,200,https://seatofthesoul.com/soul-feast-75-gary-zukavs-personal-experiences-angels/,860,111.5,Soul Feast #75: Gary Zukav's Personal Experiences - Angels - The Seat of the Soul Institute,91,,0,Soul Feast #75: Gary Zukav’s Personal Experiences – Angels,1,6,https://seatofthesoul.com/soul-feast-75-gary-zukavs-personal-experiences-angels/,en-US,"index, follow, max-image-preview:large, max-snippet:-1, max-video-preview:-1",Soul Feast #75: Gary Zukav's Personal Experiences - Angels - The Seat of the Soul Institute,"Discover a new way of seeing and experiencing the world. Start your journey to multisensory perception HERE  In this Soul Feast, Gary Zukav reveals something more fundamental than non-physical teachers: non-physical communication never stops. From a physics meeting at Lawrence Berkeley Laboratory to a first night at Esalen that could not have been random,  Gary […]",https://seatofthesoul.com/wp-content/uploads/2026/05/GaryZukav_Ep75_Graphic-02.jpg,summary_large_image,Article|BreadcrumbList|ImageObject|Organization|Person|WebPage|WebSite,625,3,1,28,7,G-PZH9QMWR4R,UA-200510356-1,,630056102333543,,,MEDIUM,title length 91 (target 25–65); missing meta description; 1/3 imgs missing alt
https://seatofthesoul.com/soul-feast-74-gary-zukavs-personal-experiences-the-angel/,post,200,https://seatofthesoul.com/soul-feast-74-gary-zukavs-personal-experiences-the-angel/,907,113.2,Soul Feast #74: Gary Zukav's Personal Experiences - The Angel - The Seat of the Soul Institute,94,,0,Soul Feast #74: Gary Zukav’s Personal Experiences – The Angel,1,6,https://seatofthesoul.com/soul-feast-74-gary-zukavs-personal-experiences-the-angel/,en-US,"index, follow, max-image-preview:large, max-snippet:-1, max-video-preview:-1",Soul Feast #74: Gary Zukav's Personal Experiences - The Angel - The Seat of the Soul Institute,"Discover a new way of seeing and experiencing the world. Start your journey to multisensory perception HERE   In this transformative Soul Feast, Gary Zukav reveals his first encounters with non-physical teachers – beings that once seemed impossible to his five-sensory mind but became essential guides on his spiritual journey. From a jet-lagged evening in […]",https://seatofthesoul.com/wp-content/uploads/2026/05/GaryZukav_Ep74_Graphic-02.jpg,summary_large_image,Article|BreadcrumbList|ImageObject|Organization|Person|WebPage|WebSite,841,3,1,28,7,G-PZH9QMWR4R,UA-200510356-1,,630056102333543,,,MEDIUM,title length 94 (target 25–65); missing meta description; 1/3 imgs missing alt
https://seatofthesoul.com/soul-snack-75-its-always-yours-to-do/,post,200,https://seatofthesoul.com/soul-snack-75-its-always-yours-to-do/,1138,110.1,Soul Snack #75: It's Always Yours to Do - The Seat of the Soul Institute,72,,0,Soul Snack #75: It’s Always Yours to Do,1,6,https://seatofthesoul.com/soul-snack-75-its-always-yours-to-do/,en-US,"index, follow, max-image-preview:large, max-snippet:-1, max-video-preview:-1",Soul Snack #75: It's Always Yours to Do - The Seat of the Soul Institute,"Explore your full potential, so you can give the gifts you were born to give. Enroll in Soul Themes Today. Your soul has been waiting for you to take this journey. In this powerful Soul Snack, Gary Zukav delivers one of the most liberating truths of the multisensory path: everything you are learning, everything you […]",https://seatofthesoul.com/wp-content/uploads/2026/05/GaryZukav_Ep75.5_Graphic-01.jpg,summary_large_image,Article|BreadcrumbList|ImageObject|Organization|Person|WebPage|WebSite,568,3,1,28,7,G-PZH9QMWR4R,UA-200510356-1,,630056102333543,,,MEDIUM,title length 72 (target 25–65); missing meta description; 1/3 imgs missing alt
https://seatofthesoul.com/soul-feast-76-gary-zukavs-personal-experiences-god/,post,200,https://seatofthesoul.com/soul-feast-76-gary-zukavs-personal-experiences-god/,807,110.4,Soul Feast #76: Gary Zukav's Personal Experiences - God - The Seat of the Soul Institute,88,,0,Soul Feast #76: Gary Zukav’s Personal Experiences – God,1,6,https://seatofthesoul.com/soul-feast-76-gary-zukavs-personal-experiences-god/,en-US,"index, follow, max-image-preview:large, max-snippet:-1, max-video-preview:-1",Soul Feast #76: Gary Zukav's Personal Experiences - God - The Seat of the Soul Institute,"Discover a new way of seeing and experiencing the world. Start your journey to multisensory perception HERE In this Soul Feast, Gary Zukav extends the inquiry into non-physical communication to its ultimate source: Divine Intelligence. From witnessing the wisdom of Genesis with Linda Francis to receiving an out-of-the-blue phone call from Oprah, Gary reveals how […]",https://seatofthesoul.com/wp-content/uploads/2026/05/GaryZukav_Ep76_Graphic-02.jpg,summary_large_image,Article|BreadcrumbList|ImageObject|Organization|Person|WebPage|WebSite,636,3,1,28,7,G-PZH9QMWR4R,UA-200510356-1,,630056102333543,,,MEDIUM,title length 88 (target 25–65); missing meta description; 1/3 imgs missing alt
https://seatofthesoul.com/soul-snack-76-the-conversation-that-changes-everything/,post,200,https://seatofthesoul.com/soul-snack-76-the-conversation-that-changes-everything/,771,111.4,Soul Snack #76: The Conversation That Changes Everything - The Seat of the Soul Institute,89,,0,Soul Snack #76: The Conversation That Changes Everything,1,6,https://seatofthesoul.com/soul-snack-76-the-conversation-that-changes-everything/,en-US,"index, follow, max-image-preview:large, max-snippet:-1, max-video-preview:-1",Soul Snack #76: The Conversation That Changes Everything - The Seat of the Soul Institute,"Discover a new way of seeing and experiencing the world. Start your journey to multisensory perception HERE   In this profound Soul Snack, Gary Zukav reveals one of the most courageous practices available to spiritual partners: having the courage to share the very things the frightened part of your personality fears will most destroy the […]",https://seatofthesoul.com/wp-content/uploads/2026/05/GaryZukav_Ep76.5_Graphic-01.jpg,summary_large_image,Article|BreadcrumbList|ImageObject|Organization|Person|WebPage|WebSite,664,3,1,28,7,G-PZH9QMWR4R,UA-200510356-1,,630056102333543,,,MEDIUM,title length 89 (target 25–65); missing meta description; 1/3 imgs missing alt
https://seatofthesoul.com/soul-feast-77-jesus-what-does-it-mean-to-be-guided-by-him-gary-zukavs-personal-experiences/,post,200,https://seatofthesoul.com/soul-feast-77-jesus-what-does-it-mean-to-be-guided-by-him-gary-zukavs-personal-experiences/,1050,112.4,Soul Feast #77: Jesus - What Does It Mean To Be Guided By Him? - Gary Zukav's Personal Experiences - The Seat of the Soul Institute,131,,0,Soul Feast #77: Jesus – What Does It Mean To Be Guided By Him? – Gary Zukav’s Personal Experiences,1,6,https://seatofthesoul.com/soul-feast-77-jesus-what-does-it-mean-to-be-guided-by-him-gary-zukavs-personal-experiences/,en-US,"index, follow, max-image-preview:large, max-snippet:-1, max-video-preview:-1",Soul Feast #77: Jesus - What Does It Mean To Be Guided By Him? - Gary Zukav's Personal Experiences - The Seat of the Soul Institute,Discover a new way of seeing and experiencing the world. Start your journey to multisensory perception HERE In this Soul Feast Gary Zukav shares a transformative revelation of his journey into multi-sensory perception: the discovery that he is a student under the direct guidance of Jesus Christ. From his initial repulsion – rooted in the […],https://seatofthesoul.com/wp-content/uploads/2026/05/GaryZukav_Ep77_Graphic-02.jpg,summary_large_image,Article|BreadcrumbList|ImageObject|Organization|Person|WebPage|WebSite,683,3,1,28,7,G-PZH9QMWR4R,UA-200510356-1,,630056102333543,,,MEDIUM,title length 131 (target 25–65); missing meta description; 1/3 imgs missing alt
https://seatofthesoul.com/soul-snack-77-you-were-born-to-choose-love/,post,200,https://seatofthesoul.com/soul-snack-77-you-were-born-to-choose-love/,957,111.0,Soul Snack #77: You Were Born To Choose Love - The Seat of the Soul Institute,77,,0,Soul Snack #77: You Were Born To Choose Love,1,6,https://seatofthesoul.com/soul-snack-77-you-were-born-to-choose-love/,en-US,"index, follow, max-image-preview:large, max-snippet:-1, max-video-preview:-1",Soul Snack #77: You Were Born To Choose Love - The Seat of the Soul Institute,"  Discover a new way of seeing and experiencing the world. Start your journey to multisensory perception HERE In this soul-stirring Soul Snack, Gary Zukav speaks directly to the heart of what it means to be alive in this unprecedented moment of human evolution. As a new consciousness reshapes the entire human species. Gary presents […]",https://seatofthesoul.com/wp-content/uploads/2026/05/GaryZukav_Ep77.5_Graphic-02.jpg,summary_large_image,Article|BreadcrumbList|ImageObject|Organization|Person|WebPage|WebSite,650,3,1,28,7,G-PZH9QMWR4R,UA-200510356-1,,630056102333543,,,MEDIUM,title length 77 (target 25–65); missing meta description; 1/3 imgs missing alt
https://seatofthesoul.com/soul-feast-78-how-pain-loss-jesus-transformed-my-view-of-resurrection-gary-zukavs-personal-experiences/,post,200,https://seatofthesoul.com/soul-feast-78-how-pain-loss-jesus-transformed-my-view-of-resurrection-gary-zukavs-personal-experiences/,1056,112.4,"Soul Feast #78: How Pain, Loss & Jesus Transformed My View of Resurrection - Gary Zukav's Personal Experiences - The Seat of the Soul Institute",143,,0,"Soul Feast #78: How Pain, Loss & Jesus Transformed My View of Resurrection – Gary Zukav’s Personal Experiences",1,6,https://seatofthesoul.com/soul-feast-78-how-pain-loss-jesus-transformed-my-view-of-resurrection-gary-zukavs-personal-experiences/,en-US,"index, follow, max-image-preview:large, max-snippet:-1, max-video-preview:-1","Soul Feast #78: How Pain, Loss & Jesus Transformed My View of Resurrection - Gary Zukav's Personal Experiences - The Seat of the Soul Institute","Discover a new way of seeing and experiencing the world. Start your journey to multisensory perception HERE In this Soul Feast, Gary Zukav explores resurrection through the lens of multisensory perception – not as religious doctrine, but as a living symbol of what is happening to billions of souls right now. Drawing on his own […]",https://seatofthesoul.com/wp-content/uploads/2026/05/GaryZukav_Ep78_Graphic-02.jpg,summary_large_image,Article|BreadcrumbList|ImageObject|Organization|Person|WebPage|WebSite,768,3,1,28,7,G-PZH9QMWR4R,UA-200510356-1,,630056102333543,,,MEDIUM,title length 143 (target 25–65); missing meta description; 1/3 imgs missing alt
https://seatofthesoul.com/soul-snack-78-are-you-actually-enjoying-your-life/,post,200,https://seatofthesoul.com/soul-snack-78-are-you-actually-enjoying-your-life/,1019,110.9,Soul Snack #78: Are You Actually Enjoying Your Life? - The Seat of the Soul Institute,85,,0,Soul Snack #78: Are You Actually Enjoying Your Life?,1,6,https://seatofthesoul.com/soul-snack-78-are-you-actually-enjoying-your-life/,en-US,"index, follow, max-image-preview:large, max-snippet:-1, max-video-preview:-1",Soul Snack #78: Are You Actually Enjoying Your Life? - The Seat of the Soul Institute,"Your emotions are messages from your soul. Learn How to Tune In and Listen Here In this illuminating episode, Gary Zukav and Linda Francis invite listeners to examine one of the most deceptively simple questions of spiritual evolution: Are you truly enjoying yourself? They offer a profound lens for understanding why so many of us navigate […]",https://seatofthesoul.com/wp-content/uploads/2026/05/GaryZukav_Ep78.5_Graphic-02.jpg,summary_large_image,Article|BreadcrumbList|ImageObject|Organization|Person|WebPage|WebSite,617,3,1,28,7,G-PZH9QMWR4R,UA-200510356-1,,630056102333543,,,MEDIUM,title length 85 (target 25–65); missing meta description; 1/3 imgs missing alt
https://seatofthesoul.com/soul-feast-79-buddha-angels-the-moment-my-mind-went-quiet-gary-zukavs-personal-experiences/,post,200,https://seatofthesoul.com/soul-feast-79-buddha-angels-the-moment-my-mind-went-quiet-gary-zukavs-personal-experiences/,1046,112.8,"Soul Feast #79: Buddha, Angels & the Moment My Mind Went Quiet - Gary Zukav's Personal Experiences - The Seat of the Soul Institute",131,,0,"Soul Feast #79: Buddha, Angels & the Moment My Mind Went Quiet – Gary Zukav’s Personal Experiences",1,6,https://seatofthesoul.com/soul-feast-79-buddha-angels-the-moment-my-mind-went-quiet-gary-zukavs-personal-experiences/,en-US,"index, follow, max-image-preview:large, max-snippet:-1, max-video-preview:-1","Soul Feast #79: Buddha, Angels & the Moment My Mind Went Quiet - Gary Zukav's Personal Experiences - The Seat of the Soul Institute","Discover a new way of seeing and experiencing the world. Start your journey to multisensory perception HERE   In thisSoul Feast, Gary Zukav continues his personal experiences series by tuning to a frequency he never anticipated: Buddha. Making the same distinction he drew with Christ and Christianity, Gary is clear this isn’t about institutionalized structures […]",https://seatofthesoul.com/wp-content/uploads/2026/05/GaryZukav_Ep79_Graphic-01.jpg,summary_large_image,Article|BreadcrumbList|ImageObject|Organization|Person|WebPage|WebSite,736,3,1,28,7,G-PZH9QMWR4R,UA-200510356-1,,630056102333543,,,MEDIUM,title length 131 (target 25–65); missing meta description; 1/3 imgs missing alt
https://seatofthesoul.com/soul-snack-79-distractions-are-not-the-enemy/,post,200,https://seatofthesoul.com/soul-snack-79-distractions-are-not-the-enemy/,1103,110.7,Soul Snack #79: Distractions Are Not the Enemy - They're the Signal - The Seat of the Soul Institute,100,,0,Soul Snack #79: Distractions Are Not the Enemy – They’re the Signal,1,6,https://seatofthesoul.com/soul-snack-79-distractions-are-not-the-enemy/,en-US,"index, follow, max-image-preview:large, max-snippet:-1, max-video-preview:-1",Soul Snack #79: Distractions Are Not the Enemy - They're the Signal - The Seat of the Soul Institute,"Learn how to connect with your intuition every day. Click here to start your journey to authentic power!   A new consciousness is emerging, and with it comes a deeper look at the subtle forces that shape our inner lives. In this Soul Snack, Gary Zukav explores the nature of distractions – the impulses, temptations, […]",https://seatofthesoul.com/wp-content/uploads/2026/05/GaryZukav_Ep79.5_Graphic-02.jpg,summary_large_image,Article|BreadcrumbList|ImageObject|Organization|Person|WebPage|WebSite,609,3,1,28,7,G-PZH9QMWR4R,UA-200510356-1,,630056102333543,,,MEDIUM,title length 100 (target 25–65); missing meta description; 1/3 imgs missing alt
https://seatofthesoul.com/soul-feast-80-whos-driving-your-chariot-krishna-the-great-battle-gary-zukavs-personal-experiences/,post,200,https://seatofthesoul.com/soul-feast-80-whos-driving-your-chariot-krishna-the-great-battle-gary-zukavs-personal-experiences/,1103,113.4,Soul Feast #80: Who's Driving Your Chariot? Krishna & The Great Battle - Gary Zukav's Personal Experiences - The Seat of the Soul Institute,139,,0,Soul Feast #80: Who’s Driving Your Chariot? Krishna & The Great Battle – Gary Zukav’s Personal Experiences,1,6,https://seatofthesoul.com/soul-feast-80-whos-driving-your-chariot-krishna-the-great-battle-gary-zukavs-personal-experiences/,en-US,"index, follow, max-image-preview:large, max-snippet:-1, max-video-preview:-1",Soul Feast #80: Who's Driving Your Chariot? Krishna & The Great Battle - Gary Zukav's Personal Experiences - The Seat of the Soul Institute,"Discover a new way of seeing and experiencing the world. Start your journey to multisensory perception HERE   In this Soul Feast, Gary Zukav continues his personal experiences series by turning to a frequency of wisdom that has stayed close to his heart: Krishna. Drawing a familiar distinction between institutionalized religion and living spiritual truth, […]",https://seatofthesoul.com/wp-content/uploads/2026/05/GaryZukav_Ep80_Graphic-02.jpg,summary_large_image,Article|BreadcrumbList|ImageObject|Organization|Person|WebPage|WebSite,723,3,1,28,7,G-PZH9QMWR4R,UA-200510356-1,,630056102333543,,,MEDIUM,title length 139 (target 25–65); missing meta description; 1/3 imgs missing alt
https://seatofthesoul.com/soul-snack-80-the-hidden-message-inside-every-emotion-youve-been-ignoring/,post,200,https://seatofthesoul.com/soul-snack-80-the-hidden-message-inside-every-emotion-youve-been-ignoring/,1171,111.5,Soul Snack #80: The Hidden Message Inside Every Emotion You've Been Ignoring - The Seat of the Soul Institute,109,,0,Soul Snack #80: The Hidden Message Inside Every Emotion You’ve Been Ignoring,1,6,https://seatofthesoul.com/soul-snack-80-the-hidden-message-inside-every-emotion-youve-been-ignoring/,en-US,"index, follow, max-image-preview:large, max-snippet:-1, max-video-preview:-1",Soul Snack #80: The Hidden Message Inside Every Emotion You've Been Ignoring - The Seat of the Soul Institute,"Your emotions are messages from your soul. Learn How to Tune In and Listen HERE   A new multisensory consciousness is transforming humanity, and with it comes a more intimate understanding of our internal landscape. In this Soul Snack, Gary Zukav responds to a listener question about Emotional Awareness – specifically whether labeling emotions is a […]",https://seatofthesoul.com/wp-content/uploads/2026/05/GaryZukav_Ep80.5_Graphic-02.jpg,summary_large_image,Article|BreadcrumbList|ImageObject|Organization|Person|WebPage|WebSite,640,3,1,28,7,G-PZH9QMWR4R,UA-200510356-1,,630056102333543,,,MEDIUM,title length 109 (target 25–65); missing meta description; 1/3 imgs missing alt
https://seatofthesoul.com/soul-feast-82-creator-or-victim-the-pain-driving-every-choice-you-make-gary-zukavs-personal-experiences/,post,200,https://seatofthesoul.com/soul-feast-82-creator-or-victim-the-pain-driving-every-choice-you-make-gary-zukavs-personal-experiences/,1148,113.5,Soul Feast #82: Creator or Victim? The Pain Driving Every Choice You Make - Gary Zukav's Personal Experiences - The Seat of the Soul Institute,142,,0,Soul Feast #82: Creator or Victim? The Pain Driving Every Choice You Make – Gary Zukav’s Personal Experiences,1,6,https://seatofthesoul.com/soul-feast-82-creator-or-victim-the-pain-driving-every-choice-you-make-gary-zukavs-personal-experiences/,en-US,"index, follow, max-image-preview:large, max-snippet:-1, max-video-preview:-1",Soul Feast #82: Creator or Victim? The Pain Driving Every Choice You Make - Gary Zukav's Personal Experiences - The Seat of the Soul Institute,"Create the life you desire by choosing love over fear. Learn how HERE In this Soul Feast, Gary Zukav gets to the heart of one of the most transformative distinctions in spiritual evolution: the difference between living as a victim and living as a creator. Drawing on the framework of Authentic Power – and the […]",https://seatofthesoul.com/wp-content/uploads/2026/05/GaryZukav_Ep82_Graphic-02.jpg,summary_large_image,Article|BreadcrumbList|ImageObject|Organization|Person|WebPage|WebSite,844,3,1,28,7,G-PZH9QMWR4R,UA-200510356-1,,630056102333543,,,MEDIUM,title length 142 (target 25–65); missing meta description; 1/3 imgs missing alt
https://seatofthesoul.com/soul-feast-81-why-you-are-the-universe-gary-zukavs-personal-experiences/,post,200,https://seatofthesoul.com/soul-feast-81-why-you-are-the-universe-gary-zukavs-personal-experiences/,1860,112.3,Soul Feast #81: Why You Are the Universe - Gary Zukav's Personal Experiences - The Seat of the Soul Institute,109,,0,Soul Feast #81: Why You Are the Universe – Gary Zukav’s Personal Experiences,1,6,https://seatofthesoul.com/soul-feast-81-why-you-are-the-universe-gary-zukavs-personal-experiences/,en-US,"index, follow, max-image-preview:large, max-snippet:-1, max-video-preview:-1",Soul Feast #81: Why You Are the Universe - Gary Zukav's Personal Experiences - The Seat of the Soul Institute,"Discover a new way of seeing and experiencing the world. Start your journey to multisensory perception HERE In this Soul Feast, Gary Zukav brings his personal series to its most expansive destination yet: the Universe itself. Drawing on four years of profound transformation following Linda Francis’s Soul transition to non-physical reality, and the wisdom accumulated […]",https://seatofthesoul.com/wp-content/uploads/2026/05/GaryZukav_Ep81_Graphic-02.jpg,summary_large_image,Article|BreadcrumbList|ImageObject|Organization|Person|WebPage|WebSite,734,3,1,28,7,G-PZH9QMWR4R,UA-200510356-1,,630056102333543,,,MEDIUM,title length 109 (target 25–65); missing meta description; 1/3 imgs missing alt
https://seatofthesoul.com/soul-snack-82-the-reason-jealousy-keeps-coming-back/,post,200,https://seatofthesoul.com/soul-snack-82-the-reason-jealousy-keeps-coming-back/,1007,111.3,Soul Snack #82: The Reason Jealousy Keeps Coming Back - The Seat of the Soul Institute,86,,0,Soul Snack #82: The Reason Jealousy Keeps Coming Back,1,6,https://seatofthesoul.com/soul-snack-82-the-reason-jealousy-keeps-coming-back/,en-US,"index, follow, max-image-preview:large, max-snippet:-1, max-video-preview:-1",Soul Snack #82: The Reason Jealousy Keeps Coming Back - The Seat of the Soul Institute,"Your emotions are messages from your soul. Learn How to Tune In, Listen HERE A new multisensory consciousness is transforming humanity, and with it comes an invitation to look honestly at the parts of ourselves we have long avoided – or justified. In this Soul Snack, Gary Zukav and Linda Francis explore jealousy: what it […]",https://seatofthesoul.com/wp-content/uploads/2026/05/GaryZukav_Ep82.5_Graphic-02.jpg,summary_large_image,Article|BreadcrumbList|ImageObject|Organization|Person|WebPage|WebSite,698,3,1,28,7,G-PZH9QMWR4R,UA-200510356-1,,630056102333543,,,MEDIUM,title length 86 (target 25–65); missing meta description; 1/3 imgs missing alt
https://seatofthesoul.com/soul-snack-81-judging-someone-this-is-what-you-should-do/,post,200,https://seatofthesoul.com/soul-snack-81-judging-someone-this-is-what-you-should-do/,1216,111.7,Soul Snack #81: Judging Someone? This Is What You Should Do - The Seat of the Soul Institute,92,,0,Soul Snack #81: Judging Someone? This Is What You Should Do,1,6,https://seatofthesoul.com/soul-snack-81-judging-someone-this-is-what-you-should-do/,en-US,"index, follow, max-image-preview:large, max-snippet:-1, max-video-preview:-1",Soul Snack #81: Judging Someone? This Is What You Should Do - The Seat of the Soul Institute,"Learn how to connect with your intuition every day. Start your journey to authentic power! Click Here     A new multisensory consciousness is transforming humanity, and with it comes a deeper capacity for connection – one that begins not with the world around us, but within ourselves. In this Soul Snack, Gary Zukav and […]",https://seatofthesoul.com/wp-content/uploads/2026/05/GaryZukav_Ep81.5_Graphic-01.jpg,summary_large_image,Article|BreadcrumbList|ImageObject|Organization|Person|WebPage|WebSite,689,3,1,28,7,G-PZH9QMWR4R,UA-200510356-1,,630056102333543,,,MEDIUM,title length 92 (target 25–65); missing meta description; 1/3 imgs missing alt
https://seatofthesoul.com/soul-feast-83-choosing-love-over-revenge-from-sandy-hook-to-18000-schools-gary-zukavs-personal-experiences-2/,post,200,https://seatofthesoul.com/soul-feast-83-choosing-love-over-revenge-from-sandy-hook-to-18000-schools-gary-zukavs-personal-experiences-2/,1008,113.9,"Soul Feast #83: Choosing Love Over Revenge: From Sandy Hook to 18,000 Schools - Gary Zukav's Personal Experiences - The Seat of the Soul Institute",146,,0,"Soul Feast #83: Choosing Love Over Revenge: From Sandy Hook to 18,000 Schools – Gary Zukav’s Personal Experiences",1,6,https://seatofthesoul.com/soul-feast-83-choosing-love-over-revenge-from-sandy-hook-to-18000-schools-gary-zukavs-personal-experiences-2/,en-US,"index, follow, max-image-preview:large, max-snippet:-1, max-video-preview:-1","Soul Feast #83: Choosing Love Over Revenge: From Sandy Hook to 18,000 Schools - Gary Zukav's Personal Experiences - The Seat of the Soul Institute","Your journey to Authentic Power begins here. Download your copy of the Authentic Power Guidelines today In this profound co-creation, Gary Zukav welcomes his first-ever Deepcast guest: Scarlett Lewis, founder of the Choose Love Movement – a global nonprofit now reaching nearly 18,000 schools across 132 countries. Scarlett shares the internal dynamics behind the movement, […]",https://seatofthesoul.com/wp-content/uploads/2026/05/GaryZukav_Ep83_Graphic-02.jpg,summary_large_image,Article|BreadcrumbList|ImageObject|Organization|Person|WebPage|WebSite,819,3,1,28,7,G-PZH9QMWR4R,UA-200510356-1,,630056102333543,,,MEDIUM,title length 146 (target 25–65); missing meta description; 1/3 imgs missing alt
https://seatofthesoul.com/soul-snack-83-stop-fighting-for-control-how-to-trade-external-power-for-authentic-power/,post,200,https://seatofthesoul.com/soul-snack-83-stop-fighting-for-control-how-to-trade-external-power-for-authentic-power/,942,112.6,Soul Snack #83: Stop Fighting for Control: How to Trade External Power for Authentic Power - The Seat of the Soul Institute,123,,0,Soul Snack #83: Stop Fighting for Control: How to Trade External Power for Authentic Power,1,6,https://seatofthesoul.com/soul-snack-83-stop-fighting-for-control-how-to-trade-external-power-for-authentic-power/,en-US,"index, follow, max-image-preview:large, max-snippet:-1, max-video-preview:-1",Soul Snack #83: Stop Fighting for Control: How to Trade External Power for Authentic Power - The Seat of the Soul Institute,"Your emotions are messages from your soul. Learn How to Tune In and Listen HERE A new multisensory consciousness is transforming humanity, and with it comes a pressing question: what kind of power are you really reaching for? In this Soul Snack, Gary Zukav explores the internal dynamics of power struggles – what they are, where […]",https://seatofthesoul.com/wp-content/uploads/2026/05/GaryZukav_Ep83.5_Graphic-02.jpg,summary_large_image,Article|BreadcrumbList|ImageObject|Organization|Person|WebPage|WebSite,750,3,1,28,7,G-PZH9QMWR4R,UA-200510356-1,,630056102333543,,,MEDIUM,title length 123 (target 25–65); missing meta description; 1/3 imgs missing alt
https://seatofthesoul.com/soul-feast-84-scarlett-lewis-how-to-choose-love-while-youre-still-in-pain-scarlett-lewis-gary-zukavs-personal-experiences/,post,200,https://seatofthesoul.com/soul-feast-84-scarlett-lewis-how-to-choose-love-while-youre-still-in-pain-scarlett-lewis-gary-zukavs-personal-experiences/,1188,113.2,Soul Feast #84: Scarlett Lewis - How to Choose Love While You're Still in Pain: Scarlett Lewis- Gary Zukav's Personal Experiences - The Seat of the Soul Institute,162,,0,Soul Feast #84: Scarlett Lewis – How to Choose Love While You’re Still in Pain: Scarlett Lewis- Gary Zukav’s Personal Experiences,1,6,https://seatofthesoul.com/soul-feast-84-scarlett-lewis-how-to-choose-love-while-youre-still-in-pain-scarlett-lewis-gary-zukavs-personal-experiences/,en-US,"index, follow, max-image-preview:large, max-snippet:-1, max-video-preview:-1",Soul Feast #84: Scarlett Lewis - How to Choose Love While You're Still in Pain: Scarlett Lewis- Gary Zukav's Personal Experiences - The Seat of the Soul Institute,"Your journey to Authentic Power begins here. Download your copy of the Authentic Power Guidelines today   In this deeply moving continuation, Gary Zukav and Scarlett Lewis – founder of the Choose Love Movement – explore the interior landscape of Authentic Power: what it truly means to choose love not just as a feeling, but […]",https://seatofthesoul.com/wp-content/uploads/2026/05/GaryZukav_Ep84_Graphic-01.jpg,summary_large_image,Article|BreadcrumbList|ImageObject|Organization|Person|WebPage|WebSite,710,3,1,28,7,G-PZH9QMWR4R,UA-200510356-1,,630056102333543,,,MEDIUM,title length 162 (target 25–65); missing meta description; 1/3 imgs missing alt
https://seatofthesoul.com/soul-snack-86-what-determines-a-soulmate/,post,200,https://seatofthesoul.com/soul-snack-86-what-determines-a-soulmate/,977,109.4,Soul Snack #86: What Determines a Soulmate? - The Seat of the Soul Institute,76,,0,Soul Snack #86: What Determines a Soulmate?,1,6,https://seatofthesoul.com/soul-snack-86-what-determines-a-soulmate/,en-US,"index, follow, max-image-preview:large, max-snippet:-1, max-video-preview:-1",Soul Snack #86: What Determines a Soulmate? - The Seat of the Soul Institute,"Create the life you desire by choosing love over fear. Learn how HERE https://youtu.be/IaMh1bq_0ro In this episode, Gary Zukav answers a listener’s question that many have quietly wondered about: what determines a soulmate? His answer is expansive – every person on this planet, all seven billion incarnate souls, is in truth a soulmate. The more […]",https://seatofthesoul.com/wp-content/uploads/2026/05/GaryZukav_Ep86.5_Graphic-02.jpg,summary_large_image,Article|BreadcrumbList|ImageObject|Organization|Person|WebPage|WebSite,512,3,1,28,8,G-PZH9QMWR4R,UA-200510356-1,,630056102333543,,,MEDIUM,title length 76 (target 25–65); missing meta description; 1/3 imgs missing alt
https://seatofthesoul.com/soul-snack-84-stop-playing-it-safe-how-to-break-free-from-fear-and-live-authentically/,post,200,https://seatofthesoul.com/soul-snack-84-stop-playing-it-safe-how-to-break-free-from-fear-and-live-authentically/,1179,112.3,Soul Snack #84: Stop Playing It Safe: How to Break Free From Fear and Live Authentically - The Seat of the Soul Institute,121,,0,Soul Snack #84: Stop Playing It Safe: How to Break Free From Fear and Live Authentically,1,6,https://seatofthesoul.com/soul-snack-84-stop-playing-it-safe-how-to-break-free-from-fear-and-live-authentically/,en-US,"index, follow, max-image-preview:large, max-snippet:-1, max-video-preview:-1",Soul Snack #84: Stop Playing It Safe: How to Break Free From Fear and Live Authentically - The Seat of the Soul Institute,"Are you making choices in love or fear?  Take this self-assessment today to find out       In this Soul Snack, Gary Zukav and Linda Francis explore the concept of freestyling as a powerful metaphor for living authentically. Drawing from the world of sports – skiing, snowboarding, and gymnastics – Gary illuminates how the […]",https://seatofthesoul.com/wp-content/uploads/2026/05/GaryZukav_Ep84.5_Graphic-02.jpg,summary_large_image,Article|BreadcrumbList|ImageObject|Organization|Person|WebPage|WebSite,681,3,1,28,7,G-PZH9QMWR4R,UA-200510356-1,,630056102333543,,,MEDIUM,title length 121 (target 25–65); missing meta description; 1/3 imgs missing alt
https://seatofthesoul.com/soul-snack-85-the-mirror-of-compassion-why-how-you-treat-others-reflects-how-you-treat-yourself/,post,200,https://seatofthesoul.com/soul-snack-85-the-mirror-of-compassion-why-how-you-treat-others-reflects-how-you-treat-yourself/,979,112.6,Soul Snack #85: The Mirror of Compassion: Why How You Treat Others Reflects How You Treat Yourself - The Seat of the Soul Institute,131,,0,Soul Snack #85: The Mirror of Compassion: Why How You Treat Others Reflects How You Treat Yourself,1,6,https://seatofthesoul.com/soul-snack-85-the-mirror-of-compassion-why-how-you-treat-others-reflects-how-you-treat-yourself/,en-US,"index, follow, max-image-preview:large, max-snippet:-1, max-video-preview:-1",Soul Snack #85: The Mirror of Compassion: Why How You Treat Others Reflects How You Treat Yourself - The Seat of the Soul Institute,"Create the life you desire by choosing love over fear. Learn how HERE   In this Soul Snack, Gary Zukav and Linda Francis explore the profound connection between compassion for yourself and compassion for others.  Gary reveals that the creation of Authentic Power and the cultivation of compassion are, in truth, the same path.  Every tool […]",https://seatofthesoul.com/wp-content/uploads/2026/05/GaryZukav_Ep85.5_Graphic-02.jpg,summary_large_image,Article|BreadcrumbList|ImageObject|Organization|Person|WebPage|WebSite,741,3,1,28,7,G-PZH9QMWR4R,UA-200510356-1,,630056102333543,,,MEDIUM,title length 131 (target 25–65); missing meta description; 1/3 imgs missing alt
https://seatofthesoul.com/soul-feast-85-how-do-you-relate-to-your-child-learn-to-talk-to-their-soul-gary-zukavs-personal-experiences/,post,200,https://seatofthesoul.com/soul-feast-85-how-do-you-relate-to-your-child-learn-to-talk-to-their-soul-gary-zukavs-personal-experiences/,971,112.6,Soul Feast #85: How Do You Relate To Your Child? Learn to Talk To Their Soul - Gary Zukav's Personal Experiences - The Seat of the Soul Institute,145,,0,Soul Feast #85: How Do You Relate To Your Child? Learn to Talk To Their Soul – Gary Zukav’s Personal Experiences,1,6,https://seatofthesoul.com/soul-feast-85-how-do-you-relate-to-your-child-learn-to-talk-to-their-soul-gary-zukavs-personal-experiences/,en-US,"index, follow, max-image-preview:large, max-snippet:-1, max-video-preview:-1",Soul Feast #85: How Do You Relate To Your Child? Learn to Talk To Their Soul - Gary Zukav's Personal Experiences - The Seat of the Soul Institute,"Your journey to Authentic Power begins here. Download your copy of the Authentic Power Guidelines today   In this DeepCast, Gary Zukav explores one of the most profound dimensions of Authentic Power: how we relate to the children in our lives. Gary invites us to see them not merely as developing personalities or “small” versions […]",https://seatofthesoul.com/wp-content/uploads/2026/05/GaryZukav_Ep85_Graphic-01.jpg,summary_large_image,Article|BreadcrumbList|ImageObject|Organization|Person|WebPage|WebSite,698,3,1,28,7,G-PZH9QMWR4R,UA-200510356-1,,630056102333543,,,MEDIUM,title length 145 (target 25–65); missing meta description; 1/3 imgs missing alt
https://seatofthesoul.com/soul-feast-86-what-if-you-are-the-universe-the-soul-free-will-every-choice-gary-zukavs-personal-experiences-2/,post,200,https://seatofthesoul.com/soul-feast-86-what-if-you-are-the-universe-the-soul-free-will-every-choice-gary-zukavs-personal-experiences-2/,1055,113.1,"Soul Feast #86: What If You Are the Universe? The Soul, Free Will & Every Choice - Gary Zukav's Personal Experiences - The Seat of the Soul Institute",149,,0,"Soul Feast #86: What If You Are the Universe? The Soul, Free Will & Every Choice – Gary Zukav’s Personal Experiences",1,6,https://seatofthesoul.com/soul-feast-86-what-if-you-are-the-universe-the-soul-free-will-every-choice-gary-zukavs-personal-experiences-2/,en-US,"index, follow, max-image-preview:large, max-snippet:-1, max-video-preview:-1","Soul Feast #86: What If You Are the Universe? The Soul, Free Will & Every Choice - Gary Zukav's Personal Experiences - The Seat of the Soul Institute","Discover a new way of seeing and experiencing the world. Start your journey to multisensory perception HERE In this DeepCast, Gary Zukav turns the lens inward with one of the most fundamental questions a human being can ask: What are you? Drawing from the perspective of the new consciousness: Gary invites listeners beyond the limitations […]",https://seatofthesoul.com/wp-content/uploads/2026/05/GaryZukav_Ep86_Graphic-02.jpg,summary_large_image,Article|BreadcrumbList|ImageObject|Organization|Person|WebPage|WebSite,789,3,1,28,7,G-PZH9QMWR4R,UA-200510356-1,,630056102333543,,,MEDIUM,title length 149 (target 25–65); missing meta description; 1/3 imgs missing alt
https://seatofthesoul.com/,page,200,https://seatofthesoul.com/,176,152.0,Home - The Seat of the Soul Institute,37,"At Seat of the Soul Institute you can begin creating meaning & purpose, creativity & health, and joy & love in your life as you discover your own authentic power.",162,,0,39,https://seatofthesoul.com/,en-US,"index, follow, max-image-preview:large, max-snippet:-1, max-video-preview:-1",Home - The Seat of the Soul Institute,"At Seat of the Soul Institute you can begin creating meaning & purpose, creativity & health, and joy & love in your life as you discover your own authentic power.",https://seatofthesoul.com/wp-content/uploads/2021/02/Homepage-SEO-image_Seat-of-the-Soul.jpg,summary_large_image,BreadcrumbList|ImageObject|Organization|WebPage|WebSite,767,9,8,79,6,G-PZH9QMWR4R,UA-200510356-1,,630056102333543,,7srnfKCBIZjIXrINd9IGgiJzZJG4xehc8tBl2bdePJo,HIGH,missing H1; 8/9 imgs missing alt
https://seatofthesoul.com/soul-connections-newsletter-archive/,page,200,https://seatofthesoul.com/soul-connections-newsletter-archive/,119,229.9,Soul Connections Newsletter Archive - The Seat of the Soul Institute,68,"Our newsletters are packed with wisdom, stories, and practical ideas about how to integrate authentic power and spiritual partnership into your life.",149,Soul Connections Newsletter Archive,1,6,https://seatofthesoul.com/soul-connections-newsletter-archive/,en-US,"index, follow, max-image-preview:large, max-snippet:-1, max-video-preview:-1",Soul Connections Newsletter Archive - The Seat of the Soul Institute,"Our newsletters are packed with wisdom, stories, and practical ideas about how to integrate authentic power and spiritual partnership into your life.",https://seatofthesoul.com/wp-content/uploads/2021/06/Soul-Connections-Newsletter-Archive.jpg,summary_large_image,BreadcrumbList|ImageObject|Organization|WebPage|WebSite,2439,60,59,67,59,G-PZH9QMWR4R,UA-200510356-1,,630056102333543,,,MEDIUM,title length 68 (target 25–65); 59/60 imgs missing alt
https://seatofthesoul.com/paulo-coelhos/,page,200,https://seatofthesoul.com/paulo-coelhos/,112,106.4,Paulo Coelho's Gift - The Seat of the Soul Institute,52,Have you ever wondered how far a gift from your heart goes? I am happy to share Paulo’s gift with you.,102,Paulo Coelho’s Gift,1,6,https://seatofthesoul.com/paulo-coelhos/,en-US,"index, follow, max-image-preview:large, max-snippet:-1, max-video-preview:-1",Paulo Coelho's Gift - The Seat of the Soul Institute,Have you ever wondered how far a gift from your heart goes? I am happy to share Paulo’s gift with you.,https://seatofthesoul.com/wp-content/uploads/2021/06/Paulo-Coelhos-Gift-SEO.jpg,summary_large_image,BreadcrumbList|ImageObject|Organization|WebPage|WebSite,574,4,3,67,3,G-PZH9QMWR4R,UA-200510356-1,,630056102333543,,,LOW,3/4 imgs missing alt
https://seatofthesoul.com/blog/,page,200,https://seatofthesoul.com/blog/,95,117.1,Blog - The Seat of the Soul Institute,37,"Explore the blog. Our articles are packed with wisdom, stories, anecdotes, and practical ideas to integrate authentic power into your life.",139,,0,8,https://seatofthesoul.com/blog/,en-US,"index, follow, max-image-preview:large, max-snippet:-1, max-video-preview:-1",Blog - The Seat of the Soul Institute,"Explore the blog. Our articles are packed with wisdom, stories, anecdotes, and practical ideas to integrate authentic power into your life.",https://seatofthesoul.com/wp-content/uploads/2021/03/BlogPageSEO_Seat-of-the-Soul.png,summary_large_image,BreadcrumbList|ImageObject|Organization|WebPage|WebSite,420,11,10,97,3,G-PZH9QMWR4R,UA-200510356-1,,630056102333543,,,HIGH,missing H1; 10/11 imgs missing alt
https://seatofthesoul.com/cultivating-love-self-assessment/,page,200,https://seatofthesoul.com/cultivating-love-self-assessment/,102,92.5,Cultivating Love Self-Assessment - The Seat of the Soul Institute,65,Take this short self-assessment to develop awareness of how often you are choosing from the love-based parts of your personality.,129,,0,2,https://seatofthesoul.com/cultivating-love-self-assessment/,en-US,"index, follow, max-image-preview:large, max-snippet:-1, max-video-preview:-1",Cultivating Love Self-Assessment - The Seat of the Soul Institute,Take this short self-assessment to develop awareness of how often you are choosing from the love-based parts of your personality.,https://seatofthesoul.com/wp-content/uploads/2021/01/Homepage-SEO-image_Seat-of-the-Soul.jpg,summary_large_image,BreadcrumbList|ImageObject|Organization|WebPage|WebSite,268,4,3,64,3,G-PZH9QMWR4R,UA-200510356-1,,630056102333543,,,HIGH,missing H1; 3/4 imgs missing alt
https://seatofthesoul.com/gifts-of-the-pandemic/,page,200,https://seatofthesoul.com/gifts-of-the-pandemic/,1498,94.8,Gifts of the pandemic - The Seat of the Soul Institute,54,"Subscribe to get the Gifts of the Pandemic and access a free 5-day, email-based learning opportunity with Gary and Linda.",121,,0,3,https://seatofthesoul.com/gifts-of-the-pandemic/,en-US,"index, follow, max-image-preview:large, max-snippet:-1, max-video-preview:-1",Gifts of the pandemic - The Seat of the Soul Institute,"Subscribe to get the Gifts of the Pandemic and access a free 5-day, email-based learning opportunity with Gary and Linda.",https://seatofthesoul.com/wp-content/uploads/2021/01/Homepage-SEO-image_Seat-of-the-Soul.jpg,summary_large_image,BreadcrumbList|ImageObject|Organization|WebPage|WebSite,290,4,3,65,3,G-PZH9QMWR4R,UA-200510356-1,,630056102333543,,,HIGH,missing H1; 3/4 imgs missing alt
https://seatofthesoul.com/questions-and-answers/,page,200,https://seatofthesoul.com/questions-and-answers/,1365,135.0,Questions and Answers - The Seat of the Soul Institute,54,Many of you have contacted us with questions…we would like to provide answers to the commonly asked questions.,110,Questions and Answers,1,3,https://seatofthesoul.com/questions-and-answers/,en-US,"index, follow, max-image-preview:large, max-snippet:-1, max-video-preview:-1",Questions and Answers - The Seat of the Soul Institute,Many of you have contacted us with questions…we would like to provide answers to the commonly asked questions.,https://seatofthesoul.com/wp-content/uploads/2021/06/Questions-And-Answers-SEO-1.jpg,summary_large_image,BreadcrumbList|ImageObject|Organization|WebPage|WebSite,2417,4,3,64,3,G-PZH9QMWR4R,UA-200510356-1,,630056102333543,,,LOW,3/4 imgs missing alt
https://seatofthesoul.com/listen-with-gary-and-linda/,page,200,https://seatofthesoul.com/listen-with-gary-and-linda/,1400,111.8,Listen with Gary and Linda - The Seat of the Soul Institute,59,Experience insightful wisdom and inspiring guidance in these compelling interviews with Gary Zukav and Linda Francis.,117,,0,4,https://seatofthesoul.com/listen-with-gary-and-linda/,en-US,"index, follow, max-image-preview:large, max-snippet:-1, max-video-preview:-1",Listen with Gary and Linda - The Seat of the Soul Institute,Experience insightful wisdom and inspiring guidance in these compelling interviews with Gary Zukav and Linda Francis.,https://seatofthesoul.com/wp-content/uploads/2021/05/ListenWithGaryPageSEO_Seat-of-the-Soul.jpg,summary_large_image,BreadcrumbList|ImageObject|Organization|WebPage|WebSite,495,7,5,109,3,G-PZH9QMWR4R,UA-200510356-1,,630056102333543,,,HIGH,missing H1; 5/7 imgs missing alt
https://seatofthesoul.com/beyond-the-five-senses-waitlist/,page,200,https://seatofthesoul.com/beyond-the-five-senses-waitlist/,1080,96.0,Beyond The Five Senses Waitlist - The Seat of the Soul Institute,64,Take stock of your own intuitive tendencies and capacities and learn from Gary Zukav and Linda Francis how to develop them.,123,,0,3,https://seatofthesoul.com/beyond-the-five-senses-waitlist/,en-US,"index, follow, max-image-preview:large, max-snippet:-1, max-video-preview:-1",Beyond The Five Senses Waitlist - The Seat of the Soul Institute,Take stock of your own intuitive tendencies and capacities and learn from Gary Zukav and Linda Francis how to develop them.,https://seatofthesoul.com/wp-content/uploads/2021/01/Homepage-SEO-image_Seat-of-the-Soul.jpg,summary_large_image,BreadcrumbList|ImageObject|Organization|WebPage|WebSite,306,4,3,65,4,G-PZH9QMWR4R,UA-200510356-1,,630056102333543,,,HIGH,missing H1; 3/4 imgs missing alt
https://seatofthesoul.com/about/,page,200,https://seatofthesoul.com/about/,1064,88.8,About - The Seat of the Soul Institute,38,,0,About,1,2,https://seatofthesoul.com/about/,en-US,"index, follow, max-image-preview:large, max-snippet:-1, max-video-preview:-1",About - The Seat of the Soul Institute,,,summary_large_image,BreadcrumbList|Organization|WebPage|WebSite,264,4,3,64,3,G-PZH9QMWR4R,UA-200510356-1,,630056102333543,,,MEDIUM,missing meta description; 3/4 imgs missing alt
https://seatofthesoul.com/sg/garys-welcome-video/,page,404,https://seatofthesoul.com/sg/garys-welcome-video/,949,0.0,,0,,0,,0,0,,,,,,,,,0,0,0,0,0,,,,,,,CRITICAL,client error (status 404)
https://seatofthesoul.com/beyond-the-five-senses-course/,page,200,https://seatofthesoul.com/beyond-the-five-senses-course/,1818,112.4,Beyond The Five Senses Course - The Seat of the Soul Institute,62,Take stock of your own intuitive tendencies and capacities and learn from Gary Zukav and Linda Francis how to develop them.,123,,0,6,https://seatofthesoul.com/beyond-the-five-senses-course/,en-US,"index, follow, max-image-preview:large, max-snippet:-1, max-video-preview:-1",Beyond The Five Senses Course - The Seat of the Soul Institute,Take stock of your own intuitive tendencies and capacities and learn from Gary Zukav and Linda Francis how to develop them.,https://seatofthesoul.com/wp-content/uploads/2021/07/BeyondTheFiveSensesCoursePageSEO_SeatOfTheSoul.png,summary_large_image,BreadcrumbList|ImageObject|Organization|WebPage|WebSite,505,6,5,66,3,G-PZH9QMWR4R,UA-200510356-1,,630056102333543,,,HIGH,missing H1; 5/6 imgs missing alt
https://seatofthesoul.com/about/seat-of-the-soul-institute/,page,200,https://seatofthesoul.com/about/seat-of-the-soul-institute/,6205,110.9,Seat of The Soul Institute - The Seat of the Soul Institute,59,"Curious about Seat of the Soul Institute? It was co-founded by Gary Zukav and Linda Francis to assist people in creating meaning, purpose, joy, and love.",153,,0,11,https://seatofthesoul.com/about/seat-of-the-soul-institute/,en-US,"index, follow, max-image-preview:large, max-snippet:-1, max-video-preview:-1",Seat of The Soul Institute - The Seat of the Soul Institute,"Curious about Seat of the Soul Institute? It was co-founded by Gary Zukav and Linda Francis to assist people in creating meaning, purpose, joy, and love.",https://seatofthesoul.com/wp-content/uploads/2021/07/AboutSOTSIPageSEO_SeatOfTheSoulInstitute.png,summary_large_image,BreadcrumbList|ImageObject|Organization|WebPage|WebSite,503,5,4,65,3,G-PZH9QMWR4R,UA-200510356-1,,630056102333543,,,HIGH,missing H1; 4/5 imgs missing alt
https://seatofthesoul.com/heartofthesoul/,page,200,https://seatofthesoul.com/heartofthesoul/,1041,110.7,Heart of the Soul - The Seat of the Soul Institute,50,"In another New York Times Bestseller, The Heart of the Soul, Gary Zukav and Linda Francis show us the importance of emotional awareness and daily application.",158,,0,8,https://seatofthesoul.com/heartofthesoul/,en-US,"index, follow, max-image-preview:large, max-snippet:-1, max-video-preview:-1",Heart of the Soul - The Seat of the Soul Institute,"In another New York Times Bestseller, The Heart of the Soul, Gary Zukav and Linda Francis show us the importance of emotional awareness and daily application.",https://seatofthesoul.com/wp-content/uploads/2021/09/TheHeartOfSoulBookPageSEO_SeatOfTheSoulInstitute.png,summary_large_image,BreadcrumbList|ImageObject|Organization|WebPage|WebSite,603,7,6,64,4,G-PZH9QMWR4R,UA-200510356-1,,630056102333543,,,HIGH,missing H1; 6/7 imgs missing alt
https://seatofthesoul.com/soul2soulcommunity/,page,200,https://seatofthesoul.com/soul2soulcommunity/,1073,103.5,Membership - The Seat of the Soul Institute,43,"Seat of the Soul’s Soul 2 Soul Community is here for you with community, powerful videos from Gary Zukav & Linda Francis, live calls, quizzes, worksheets, and more!",164,,0,5,https://seatofthesoul.com/soul2soulcommunity/,en-US,"index, follow, max-image-preview:large, max-snippet:-1, max-video-preview:-1",Membership - The Seat of the Soul Institute,"Seat of the Soul’s Soul 2 Soul Community is here for you with community, powerful videos from Gary Zukav & Linda Francis, live calls, quizzes, worksheets, and more!",,summary_large_image,BreadcrumbList|Organization|WebPage|WebSite,503,4,3,64,6,G-PZH9QMWR4R,UA-200510356-1,,630056102333543,,,HIGH,missing H1; 3/4 imgs missing alt
https://seatofthesoul.com/connect/,page,200,https://seatofthesoul.com/connect/,1078,95.1,Contact - The Seat of the Soul Institute,40,"Looking to connect with Gary Zukav, Linda Francis, or the Seat of the Soul Institute? We love hearing from you! You can get started here.",137,,0,5,https://seatofthesoul.com/connect/,en-US,"index, follow, max-image-preview:large, max-snippet:-1, max-video-preview:-1",Contact - The Seat of the Soul Institute,"Looking to connect with Gary Zukav, Linda Francis, or the Seat of the Soul Institute? We love hearing from you! You can get started here.",https://seatofthesoul.com/wp-content/uploads/2021/08/ContactPageSEO_SeatOfTheSoulInstitute.png,summary_large_image,BreadcrumbList|ImageObject|Organization|WebPage|WebSite,271,4,3,64,3,G-PZH9QMWR4R,UA-200510356-1,,630056102333543,,,HIGH,missing H1; 3/4 imgs missing alt
https://seatofthesoul.com/join-seat-of-the-soul-team/,page,200,https://seatofthesoul.com/join-seat-of-the-soul-team/,1459,120.8,Seat of the Soul Team,21,"Join the Seat of the Soul team and take another step on your journey towards meaning, purpose, joy, creativity, and love. We would be honored to accept your application.",169,,0,13,https://seatofthesoul.com/join-seat-of-the-soul-team/,en-US,"index, follow, max-image-preview:large, max-snippet:-1, max-video-preview:-1",Seat of the Soul Team,"Join the Seat of the Soul team and take another step on your journey towards meaning, purpose, joy, creativity, and love. We would be honored to accept your application.",https://seatofthesoul.com/wp-content/uploads/2021/08/CareerPageSEO_SeatOfTheSoulInstitute.png,summary_large_image,BreadcrumbList|ImageObject|Organization|WebPage|WebSite,998,7,6,66,3,G-PZH9QMWR4R,UA-200510356-1,,630056102333543,,,MEDIUM,title length 21 (target 25–65); meta desc length 169 (target 70–165); missing H1; 6/7 imgs missing alt
https://seatofthesoul.com/journey-to-the-soul-retreat-faqs/,page,200,https://seatofthesoul.com/journey-to-the-soul-retreat-faqs/,1491,104.5,Journey To The Soul Retreat FAQs - The Seat of the Soul Institute,65,"Ready to accelerate your spiritual growth by years? Our live, interactive, online retreats do exactly that Journey to the Soul starts soon.",139,,0,10,https://seatofthesoul.com/journey-to-the-soul-retreat-faqs/,en-US,"index, follow, max-image-preview:large, max-snippet:-1, max-video-preview:-1",Journey To The Soul Retreat FAQs - The Seat of the Soul Institute,"Ready to accelerate your spiritual growth by years? Our live, interactive, online retreats do exactly that Journey to the Soul starts soon.",https://seatofthesoul.com/wp-content/uploads/2021/07/FAQPageSEO_SeatOfTheSoulInstitute.png,summary_large_image,BreadcrumbList|ImageObject|Organization|WebPage|WebSite,1092,4,3,64,3,G-PZH9QMWR4R,UA-200510356-1,,630056102333543,,,HIGH,missing H1; 3/4 imgs missing alt
https://seatofthesoul.com/garyzukavlive/,page,200,https://seatofthesoul.com/garyzukavlive/,1159,94.1,Gary Zukav LIVE - The Seat of the Soul Institute,48,Join Gary Zukav live in a new series to speak on the comments and questions the spiritual community has left for him across social media.,137,Join Gary Zukav live on Facebook,1,2,https://seatofthesoul.com/garyzukavlive/,en-US,"index, follow, max-image-preview:large, max-snippet:-1, max-video-preview:-1",Gary Zukav LIVE - The Seat of the Soul Institute,Join Gary Zukav live in a new series to speak on the comments and questions the spiritual community has left for him across social media.,https://seatofthesoul.com/wp-content/uploads/2021/01/Homepage-SEO-image_Seat-of-the-Soul.jpg,summary_large_image,BreadcrumbList|ImageObject|Organization|WebPage|WebSite,377,4,3,64,4,G-PZH9QMWR4R,UA-200510356-1,,630056102333543,,,LOW,3/4 imgs missing alt
https://seatofthesoul.com/events-and-programs/,page,200,https://seatofthesoul.com/events-and-programs/,1215,117.7,Events - The Seat of the Soul Institute,39,Powerful live events and programs with Gary Zukav and Linda Francis allow you to become the creator of your own life and move into your full potential.,151,,0,16,https://seatofthesoul.com/events-and-programs/,en-US,"index, follow, max-image-preview:large, max-snippet:-1, max-video-preview:-1",Events - The Seat of the Soul Institute,Powerful live events and programs with Gary Zukav and Linda Francis allow you to become the creator of your own life and move into your full potential.,https://seatofthesoul.com/wp-content/uploads/2021/03/EventPageSEO_Seat-of-the-Soul.jpg,summary_large_image,BreadcrumbList|ImageObject|Organization|WebPage|WebSite,573,7,5,65,3,G-PZH9QMWR4R,UA-200510356-1,,630056102333543,,,HIGH,missing H1; 5/7 imgs missing alt
https://seatofthesoul.com/cart/,page,200,https://seatofthesoul.com/cart/,1065,88.5,Cart - The Seat of the Soul Institute,37,,0,Cart,1,2,https://seatofthesoul.com/cart/,en-US,"index, follow, max-image-preview:large, max-snippet:-1, max-video-preview:-1",Cart - The Seat of the Soul Institute,,,summary_large_image,BreadcrumbList|Organization|WebPage|WebSite,265,4,3,64,3,G-PZH9QMWR4R,UA-200510356-1,,630056102333543,,,MEDIUM,missing meta description; 3/4 imgs missing alt
https://seatofthesoul.com/checkout/,page,200,https://seatofthesoul.com/checkout/,1187,88.5,Checkout - The Seat of the Soul Institute,41,,0,Checkout,1,2,https://seatofthesoul.com/checkout/,en-US,"index, follow, max-image-preview:large, max-snippet:-1, max-video-preview:-1",Checkout - The Seat of the Soul Institute,,,summary_large_image,BreadcrumbList|Organization|WebPage|WebSite,265,4,3,64,3,G-PZH9QMWR4R,UA-200510356-1,,630056102333543,,,MEDIUM,missing meta description; 3/4 imgs missing alt
https://seatofthesoul.com/my-account/,page,200,https://seatofthesoul.com/my-account/,1177,88.6,My account - The Seat of the Soul Institute,43,,0,My account,1,2,https://seatofthesoul.com/my-account/,en-US,"index, follow, max-image-preview:large, max-snippet:-1, max-video-preview:-1",My account - The Seat of the Soul Institute,,,summary_large_image,BreadcrumbList|Organization|WebPage|WebSite,267,4,3,64,3,G-PZH9QMWR4R,UA-200510356-1,,630056102333543,,,MEDIUM,missing meta description; 3/4 imgs missing alt
https://seatofthesoul.com/intuitivemultisensorylife/,page,200,https://seatofthesoul.com/intuitivemultisensorylife/,1071,121.8,Intuitive Multisensory Life - The Seat of the Soul Institute,60,"Join Seat of the Soul’s Gary Zukav and Linda Francis for this 3-day immersive journey into clarity, The New Consciousness: Living an Intuitive, Multisensory Life.",162,The New Consciousness:,1,12,https://seatofthesoul.com/intuitivemultisensorylife/,en-US,"index, follow, max-image-preview:large, max-snippet:-1, max-video-preview:-1",Intuitive Multisensory Life - The Seat of the Soul Institute,"Join Seat of the Soul’s Gary Zukav and Linda Francis for this 3-day immersive journey into clarity, The New Consciousness: Living an Intuitive, Multisensory Life.",https://seatofthesoul.com/wp-content/uploads/2021/10/Multisensory2022PageSEO_SeatOfTheSoulInstitute.png,summary_large_image,BreadcrumbList|ImageObject|Organization|WebPage|WebSite,821,8,7,64,3,G-PZH9QMWR4R,UA-200510356-1,,630056102333543,,,MEDIUM,7/8 imgs missing alt
https://seatofthesoul.com/cultivatingemotionalawareness/,page,200,https://seatofthesoul.com/cultivatingemotionalawareness/,1066,122.3,Cultivating Emotional Awareness - The Seat of the Soul Institute,64,Join Seat of the Soul’s Gary Zukav and Linda Francis for this 3-day journey into courage: Cultivating Emotional Awareness with The Language of Love and Fear.,157,,0,19,https://seatofthesoul.com/cultivatingemotionalawareness/,en-US,"index, follow, max-image-preview:large, max-snippet:-1, max-video-preview:-1",Cultivating Emotional Awareness - The Seat of the Soul Institute,Join Seat of the Soul’s Gary Zukav and Linda Francis for this 3-day journey into courage: Cultivating Emotional Awareness with The Language of Love and Fear.,https://seatofthesoul.com/wp-content/uploads/2021/10/EmotionalAwareness2022PageSEO_SeatOfTheSoulInstitute.png,summary_large_image,BreadcrumbList|ImageObject|Organization|WebPage|WebSite,971,7,6,67,3,G-PZH9QMWR4R,UA-200510356-1,,630056102333543,,,HIGH,missing H1; 6/7 imgs missing alt
https://seatofthesoul.com/style-sheet/,page,200,https://seatofthesoul.com/style-sheet/,1532,101.1,Style Sheet - The Seat of the Soul Institute,44,,0,H1 Main Heading Style,2,4,https://seatofthesoul.com/style-sheet/,en-US,"index, follow, max-image-preview:large, max-snippet:-1, max-video-preview:-1",Style Sheet - The Seat of the Soul Institute,H1 Main Heading Style H1 Text Edit Heading Style This is an H2 This is a Text H2 This is an H3 Examples of an H3 text edit size 25 This is an H4 Example of an h4 in the text editor This is an H5 And an H5 in the text editor This is […],,summary_large_image,BreadcrumbList|Organization|WebPage|WebSite,392,4,3,64,4,G-PZH9QMWR4R,UA-200510356-1,,630056102333543,,,MEDIUM,missing meta description; multiple H1s (2); 3/4 imgs missing alt
https://seatofthesoul.com/registration-received/,page,200,https://seatofthesoul.com/registration-received/,1026,90.8,Registration Received - The Seat of the Soul Institute,54,,0,Registration Received,1,2,https://seatofthesoul.com/registration-received/,en-US,"index, follow, max-image-preview:large, max-snippet:-1, max-video-preview:-1",Registration Received - The Seat of the Soul Institute,Thank you for registering for the Journey to the Soul. Please check your inbox for a confirmation email from us regarding next steps.,,summary_large_image,BreadcrumbList|Organization|WebPage|WebSite,289,4,3,64,3,G-PZH9QMWR4R,UA-200510356-1,,630056102333543,,,MEDIUM,missing meta description; 3/4 imgs missing alt
https://seatofthesoul.com/journey-questionnaire/,page,200,https://seatofthesoul.com/journey-questionnaire/,1277,88.6,Journey Questionnaire - The Seat of the Soul Institute,54,,0,Journey Questionnaire,1,2,https://seatofthesoul.com/journey-questionnaire/,en-US,"index, follow, max-image-preview:large, max-snippet:-1, max-video-preview:-1",Journey Questionnaire - The Seat of the Soul Institute,,,summary_large_image,BreadcrumbList|Organization|WebPage|WebSite,266,4,3,64,3,G-PZH9QMWR4R,UA-200510356-1,,630056102333543,,,MEDIUM,missing meta description; 3/4 imgs missing alt
https://seatofthesoul.com/lav-terms-conditions-agreement/,page,200,https://seatofthesoul.com/lav-terms-conditions-agreement/,1359,119.9,LAV / Terms & Conditions Agreement - The Seat of the Soul Institute,67,,0,,0,3,https://seatofthesoul.com/lav-terms-conditions-agreement/,en-US,"index, follow, max-image-preview:large, max-snippet:-1, max-video-preview:-1",LAV / Terms & Conditions Agreement - The Seat of the Soul Institute,,,summary_large_image,BreadcrumbList|Organization|WebPage|WebSite,1306,4,3,64,3,G-PZH9QMWR4R,UA-200510356-1,,630056102333543,,,MEDIUM,title length 67 (target 25–65); missing meta description; missing H1; 3/4 imgs missing alt
https://seatofthesoul.com/seat-of-the-soul-33rd-anniversary-celebration-giveaway/,page,200,https://seatofthesoul.com/seat-of-the-soul-33rd-anniversary-celebration-giveaway/,1158,117.7,Seat of the Soul  Celebrates 33 Years in Publication - The Seat of the Soul Institute,85,,0,Seat of the Soul Celebrates 33 Years in Publication,1,3,https://seatofthesoul.com/seat-of-the-soul-33rd-anniversary-celebration-giveaway/,en-US,"index, follow, max-image-preview:large, max-snippet:-1, max-video-preview:-1",Seat of the Soul  Celebrates 33 Years in Publication - The Seat of the Soul Institute,"We are celebrating the 33rd anniversary of The Seat of the Soul with a special opportunity. In April 1989, when The Seat of the Soul was first published, Gary knew that it would benefit many people, but he did not realize how many. A #1 New York Times best-seller, The Seat of the Soul has […]",,summary_large_image,BreadcrumbList|Organization|WebPage|WebSite,1190,4,3,65,3,G-PZH9QMWR4R,UA-200510356-1,,630056102333543,,,MEDIUM,title length 85 (target 25–65); missing meta description; 3/4 imgs missing alt
https://seatofthesoul.com/universal-human-audiobook-excerpt-chapter-28/,page,200,https://seatofthesoul.com/universal-human-audiobook-excerpt-chapter-28/,1131,94.3,UNIVERSAL HUMAN Audiobook Excerpt - Chapter 28 - The Seat of the Soul Institute,79,,0,,0,3,https://seatofthesoul.com/universal-human-audiobook-excerpt-chapter-28/,en-US,"index, follow, max-image-preview:large, max-snippet:-1, max-video-preview:-1",UNIVERSAL HUMAN Audiobook Excerpt - Chapter 28 - The Seat of the Soul Institute,Universal Human Audiobook Excerpt — Chapter 28 Simon & Schuster Audio · UNIVERSAL HUMAN Audiobook Excerpt – Chapter 28 Purchase Universal Human,,summary_large_image,BreadcrumbList|Organization|WebPage|WebSite,286,4,3,64,6,G-PZH9QMWR4R,UA-200510356-1,,630056102333543,,,MEDIUM,title length 79 (target 25–65); missing meta description; missing H1; 3/4 imgs missing alt
https://seatofthesoul.com/free-tools/,page,200,https://seatofthesoul.com/free-tools/,1450,129.3,Tools - The Seat of the Soul Institute,38,Use your complimentary Authentic Power Guidelines as a step-by-step guide for how to grow spiritually. Use your experiences to grow in alignment and connection.,160,,0,24,https://seatofthesoul.com/free-tools/,en-US,"index, follow, max-image-preview:large, max-snippet:-1, max-video-preview:-1",Tools - The Seat of the Soul Institute,Use your complimentary Authentic Power Guidelines as a step-by-step guide for how to grow spiritually. Use your experiences to grow in alignment and connection.,https://seatofthesoul.com/wp-content/uploads/2021/03/ToolsPageSEO_SeatOfTheSoulInstitute.png,summary_large_image,BreadcrumbList|ImageObject|Organization|WebPage|WebSite,717,8,5,79,3,G-PZH9QMWR4R,UA-200510356-1,,630056102333543,,,HIGH,missing H1; 5/8 imgs missing alt
https://seatofthesoul.com/books/,page,200,https://seatofthesoul.com/books/,1657,129.9,Books - The Seat of the Soul Institute,38,Experience the books that have inspired and transformed lives and start your journey with New York Times bestselling authors Gary Zukav and Linda Francis.,154,,0,15,https://seatofthesoul.com/books/,en-US,"index, follow, max-image-preview:large, max-snippet:-1, max-video-preview:-1",Books - The Seat of the Soul Institute,Experience the books that have inspired and transformed lives and start your journey with New York Times bestselling authors Gary Zukav and Linda Francis.,https://seatofthesoul.com/wp-content/uploads/2021/03/BooksPageSEO_Seat-of-the-Soul.png,summary_large_image,BreadcrumbList|ImageObject|Organization|WebPage|WebSite,775,16,15,65,15,G-PZH9QMWR4R,UA-200510356-1,,630056102333543,,,HIGH,missing H1; 15/16 imgs missing alt
https://seatofthesoul.com/universalhuman/,page,200,https://seatofthesoul.com/universalhuman/,1494,114.0,Universal Human - The Seat of the Soul Institute,48,The potential of a new era of humanity based on love instead of fear is upon us. Universal Human shows us how.,110,by gary zukav,1,12,https://seatofthesoul.com/universalhuman/,en-US,"index, follow, max-image-preview:large, max-snippet:-1, max-video-preview:-1",Universal Human - The Seat of the Soul Institute,The potential of a new era of humanity based on love instead of fear is upon us. Universal Human shows us how.,https://seatofthesoul.com/wp-content/uploads/2021/08/Book-Pre-sale-SEO-image_Seat-of-the-Soul.png,summary_large_image,BreadcrumbList|ImageObject|Organization|WebPage|WebSite,518,11,9,64,6,G-PZH9QMWR4R,UA-200510356-1,,630056102333543,,,MEDIUM,9/11 imgs missing alt
https://seatofthesoul.com/universal-human-celebrates-one-year/,page,200,https://seatofthesoul.com/universal-human-celebrates-one-year/,1592,111.4,Universal Human Celebrates One Year - The Seat of the Soul Institute,68,,0,Universal Human Celebrates One Year,1,4,https://seatofthesoul.com/universal-human-celebrates-one-year/,en-US,"index, follow, max-image-preview:large, max-snippet:-1, max-video-preview:-1",Universal Human Celebrates One Year - The Seat of the Soul Institute,"Universal Human Celebrate one year of publication — share your favorite quote! Share your favorite quote and tell us why you chose that particular one. We love reading and sharing the quotes from Gary Zukav’s Universal Human that you resonate with, and why. Please get out your copy and send your reflections. Published in June 2021, […]",https://seatofthesoul.com/wp-content/uploads/2021/10/bookwithcrease.png,summary_large_image,BreadcrumbList|ImageObject|Organization|WebPage|WebSite,391,5,4,64,3,G-PZH9QMWR4R,UA-200510356-1,,630056102333543,,,MEDIUM,title length 68 (target 25–65); missing meta description; 4/5 imgs missing alt
https://seatofthesoul.com/share-your-favorite-quotes-the-seat-of-the-soul/,page,200,https://seatofthesoul.com/share-your-favorite-quotes-the-seat-of-the-soul/,1163,117.8,Share Your Favorite Quotes-The Seat of the Soul - The Seat of the Soul Institute,80,,0,Share Your Favorite Quotes-The Seat of the Soul,1,3,https://seatofthesoul.com/share-your-favorite-quotes-the-seat-of-the-soul/,en-US,"index, follow, max-image-preview:large, max-snippet:-1, max-video-preview:-1",Share Your Favorite Quotes-The Seat of the Soul - The Seat of the Soul Institute,"Which ideas inspire you most? A #1 New York Times best-seller, The Seat of the Soul has been translated into 30 languages, and read by millions of people around the world. Are you one of them? The ideas Gary Zukav shares in the book speaks to people’s souls. At the Seat of the Soul Institute, […]",https://seatofthesoul.com/wp-content/uploads/2022/07/Seat-of-the-Soul-original-cover-tilt.jpg,summary_large_image,BreadcrumbList|ImageObject|Organization|WebPage|WebSite,1022,5,3,65,3,G-PZH9QMWR4R,UA-200510356-1,,630056102333543,,,MEDIUM,title length 80 (target 25–65); missing meta description; 3/5 imgs missing alt
https://seatofthesoul.com/listen-in/,page,200,https://seatofthesoul.com/listen-in/,1050,102.0,Listen In - The Seat of the Soul Institute,42,,0,,0,3,https://seatofthesoul.com/listen-in/,en-US,"index, follow, max-image-preview:large, max-snippet:-1, max-video-preview:-1",Listen In - The Seat of the Soul Institute,"LISTEN IN Authentic Power Moments with Gary Zukav & Linda Francis August 2022: How to Let Go of Anger & Resentments In this Authentic Power Moment, Linda Francis shares insights for getting out from under the control of anger and resentment. Listen in, find your commitment to change, and learn a step-by-step practice for turning […]",,summary_large_image,BreadcrumbList|Organization|WebPage|WebSite,522,4,3,64,3,G-PZH9QMWR4R,UA-200510356-1,,630056102333543,,,MEDIUM,missing meta description; missing H1; 3/4 imgs missing alt
https://seatofthesoul.com/join-the-waitlist-sp-new-dimension-relationship/,page,200,https://seatofthesoul.com/join-the-waitlist-sp-new-dimension-relationship/,1416,95.9,Join the Waitlist - SP - The New Dimension of Relationship - The Seat of the Soul Institute,91,,0,Join the Waitlist,1,4,https://seatofthesoul.com/join-the-waitlist-sp-new-dimension-relationship/,en-US,"index, follow, max-image-preview:large, max-snippet:-1, max-video-preview:-1",Join the Waitlist - SP - The New Dimension of Relationship - The Seat of the Soul Institute,Join the Waitlist Spiritual Partnerships: The New Dimension of Relationship Sign up to be notified when enrollment opens.,,summary_large_image,BreadcrumbList|Organization|WebPage|WebSite,297,4,3,64,3,G-PZH9QMWR4R,UA-200510356-1,,630056102333543,,,MEDIUM,title length 91 (target 25–65); missing meta description; 3/4 imgs missing alt
https://seatofthesoul.com/join-the-waitlist-jou23/,page,200,https://seatofthesoul.com/join-the-waitlist-jou23/,1197,97.2,Join the Waitlist JOU23 - The Seat of the Soul Institute,56,,0,Join the Waitlist,1,3,https://seatofthesoul.com/join-the-waitlist-jou23/,en-US,"index, follow, max-image-preview:large, max-snippet:-1, max-video-preview:-1",Join the Waitlist JOU23 - The Seat of the Soul Institute,Join the Waitlist Journey to the Soul 2023 Sign up to be notified when enrollment opens.,https://seatofthesoul.com/wp-content/uploads/2021/01/SOTSI-web-header-Logo-purple-1024x179.png,summary_large_image,BreadcrumbList|ImageObject|Organization|WebPage|WebSite,290,5,3,64,3,G-PZH9QMWR4R,UA-200510356-1,,630056102333543,,,MEDIUM,missing meta description; 3/5 imgs missing alt
https://seatofthesoul.com/apsp-questionnaire/,page,200,https://seatofthesoul.com/apsp-questionnaire/,1855,133.0,APSP Questionnaire - The Seat of the Soul Institute,51,,0,,0,4,https://seatofthesoul.com/apsp-questionnaire/,en-US,"index, follow, max-image-preview:large, max-snippet:-1, max-video-preview:-1",APSP Questionnaire - The Seat of the Soul Institute,,,summary_large_image,BreadcrumbList|Organization|WebPage|WebSite,978,4,3,64,3,G-PZH9QMWR4R,UA-200510356-1,,630056102333543,,,MEDIUM,missing meta description; missing H1; 3/4 imgs missing alt
https://seatofthesoul.com/apsp-23-registration/,page,200,https://seatofthesoul.com/apsp-23-registration/,1230,97.6,APSP 23 Registration - The Seat of the Soul Institute,53,,0,,0,5,https://seatofthesoul.com/apsp-23-registration/,en-US,"index, follow, max-image-preview:large, max-snippet:-1, max-video-preview:-1",APSP 23 Registration - The Seat of the Soul Institute,Register for Authentic Power Support Program 2023 Authentic Power Support Program (APSP) Includes everything in the SPP as well as: More opportunities to support the Seat of the Soul Institute at events and to support participants in the Spiritual Partnership Program. One monthly team meeting. Two (2) Pre and Post Spiritual Partnership Circle team calls […],https://seatofthesoul.com/wp-content/uploads/2021/01/SOTSI-Logo-white-1024x179.png,summary_large_image,BreadcrumbList|ImageObject|Organization|WebPage|WebSite,496,5,4,65,3,G-PZH9QMWR4R,UA-200510356-1,,630056102333543,,,MEDIUM,missing meta description; missing H1; 4/5 imgs missing alt
https://seatofthesoul.com/about-gary-zukav/,page,200,https://seatofthesoul.com/about-gary-zukav/,1124,105.9,About Gary Zukav - The Seat of the Soul Institute,49,"Gary, is a co-founder of the Seat of the Soul Institute, is a master teacher and eloquent author of four consecutive New York Times bestsellers.",144,,0,5,https://seatofthesoul.com/about-gary-zukav/,en-US,"index, follow, max-image-preview:large, max-snippet:-1, max-video-preview:-1",About Gary Zukav - The Seat of the Soul Institute,"Gary, is a co-founder of the Seat of the Soul Institute, is a master teacher and eloquent author of four consecutive New York Times bestsellers.",https://seatofthesoul.com/wp-content/uploads/2021/04/AboutGarySukavPageSEO_SeatOfTheSoulInstitute-1.png,summary_large_image,BreadcrumbList|ImageObject|Organization|WebPage|WebSite,477,7,5,65,3,G-PZH9QMWR4R,UA-200510356-1,,630056102333543,,,HIGH,missing H1; 5/7 imgs missing alt
https://seatofthesoul.com/linda-francis-celebration-series/,page,200,https://seatofthesoul.com/linda-francis-celebration-series/,1150,96.4,Linda Francis Celebration Series - The Seat of the Soul Institute,65,,0,Celebration,2,2,https://seatofthesoul.com/linda-francis-celebration-series/,en-US,"index, follow, max-image-preview:large, max-snippet:-1, max-video-preview:-1",Linda Francis Celebration Series - The Seat of the Soul Institute,Celebration Linda Francis Celebration Series Click the button below to read the beautiful series of personal messages written and shared by Gary… Read Personal Messages,https://seatofthesoul.com/wp-content/uploads/2022/09/o8usvHoRSLyn_X3F1Wppew_thumb_7c61.jpg,summary_large_image,BreadcrumbList|ImageObject|Organization|WebPage|WebSite,291,5,4,65,3,G-PZH9QMWR4R,UA-200510356-1,,630056102333543,,,MEDIUM,missing meta description; multiple H1s (2); 4/5 imgs missing alt
https://seatofthesoul.com/membership-account/your-profile/,page,200,https://seatofthesoul.com/membership-account/your-profile/,1256,89.0,Your Profile - The Seat of the Soul Institute,45,,0,Your Profile,1,2,https://seatofthesoul.com/membership-account/your-profile/,en-US,"index, follow, max-image-preview:large, max-snippet:-1, max-video-preview:-1",Your Profile - The Seat of the Soul Institute,[pmpro_member_profile_edit],,summary_large_image,BreadcrumbList|Organization|WebPage|WebSite,267,4,3,64,3,G-PZH9QMWR4R,UA-200510356-1,,630056102333543,,,MEDIUM,missing meta description; 3/4 imgs missing alt
https://seatofthesoul.com/sg/,page,200,https://seatofthesoul.com/sg/,1180,65.0,Seat of the Soul - Study Guide Extension,40,,0,,0,2,https://seatofthesoul.com/sg/,en-US,"index, follow, max-image-preview:large, max-snippet:-1, max-video-preview:-1",Seat of the Soul - Study Guide Extension,"  Open yourself to a life filled with joy, compassion, purpose and love. Click Here to see Gary’s welcome video. The special Twenty-Fifth Anniversary edition of the best-selling and revolutionary book, The Seat of the Soul, offers a unique opportunity to expand and deepen your experience of the book through this extensive multi-media study guide extension. Created […]",https://seatofthesoul.com/wp-content/uploads/2021/08/header.png,summary_large_image,BreadcrumbList|ImageObject|Organization|WebPage|WebSite,258,3,3,13,0,G-PZH9QMWR4R,UA-200510356-1,,630056102333543,,,MEDIUM,missing meta description; missing H1; 3/3 imgs missing alt
https://seatofthesoul.com/linda-francis-celebration-series-messages/,page,200,https://seatofthesoul.com/linda-francis-celebration-series-messages/,1230,162.8,Linda Francis Celebration Series Messages - The Seat of the Soul Institute,74,,0,Celebration,2,2,https://seatofthesoul.com/linda-francis-celebration-series-messages/,en-US,"index, follow, max-image-preview:large, max-snippet:-1, max-video-preview:-1",Linda Francis Celebration Series Messages - The Seat of the Soul Institute,"Celebration Linda Francis Celebration Series If you are new here, scroll down to read all the Personal Messages in order (we recommend this). If you would like to re-vist a Personal Message, click its title and you will jump to that message. The latest message will always be on the bottom. #1 – A personal […]",https://seatofthesoul.com/wp-content/uploads/2023/01/Screen-Shot-2023-01-03-at-2.53.39-PM.png,summary_large_image,BreadcrumbList|ImageObject|Organization|WebPage|WebSite,5861,13,12,64,14,G-PZH9QMWR4R,UA-200510356-1,,630056102333543,,,MEDIUM,title length 74 (target 25–65); missing meta description; multiple H1s (2); 12/13 imgs missing alt
https://seatofthesoul.com/jtts-lav-agreement-form/,page,200,https://seatofthesoul.com/jtts-lav-agreement-form/,1549,119.3,Authentic Power LAV Agreement Form - The Seat of the Soul Institute,67,,0,,0,3,https://seatofthesoul.com/jtts-lav-agreement-form/,en-US,"index, follow, max-image-preview:large, max-snippet:-1, max-video-preview:-1",Authentic Power LAV Agreement Form - The Seat of the Soul Institute,,,summary_large_image,BreadcrumbList|Organization|WebPage|WebSite,1257,4,3,64,3,G-PZH9QMWR4R,UA-200510356-1,,630056102333543,,,MEDIUM,title length 67 (target 25–65); missing meta description; missing H1; 3/4 imgs missing alt
https://seatofthesoul.com/linda-celebration/,page,200,https://seatofthesoul.com/linda-celebration/,1218,126.8,Linda Celebration - The Seat of the Soul Institute,50,,0,,0,3,https://seatofthesoul.com/linda-celebration/,en-US,"index, follow, max-image-preview:large, max-snippet:-1, max-video-preview:-1",Linda Celebration - The Seat of the Soul Institute,"Private Celebration of Linda’s Life We are delighted you will be joining Gary for this private, invitation only viewing of the Celebration of Linda’s Life. Register below to join us Sunday, August 6th, at 9am PT / Noon ET. We are looking forward to celebrating Linda with you! Full Name Email* Submit",https://seatofthesoul.com/wp-content/uploads/2022/01/Gary-_Linda_Stillwater-Photo_2.jpeg,summary_large_image,BreadcrumbList|ImageObject|Organization|WebPage|WebSite,316,5,4,64,3,G-PZH9QMWR4R,UA-200510356-1,,630056102333543,,,MEDIUM,missing meta description; missing H1; 4/5 imgs missing alt
https://seatofthesoul.com/linda-celebration-thank-you/,page,200,https://seatofthesoul.com/linda-celebration-thank-you/,1211,92.8,Linda Celebration - Thank You - The Seat of the Soul Institute,62,,0,,0,2,https://seatofthesoul.com/linda-celebration-thank-you/,en-US,"index, follow, max-image-preview:large, max-snippet:-1, max-video-preview:-1",Linda Celebration - Thank You - The Seat of the Soul Institute,"We are delighted you will be celebrating Linda with us this Sunday, August 6th, at 9am PT – that’s 10am MT, 11am CT and Noon ET. Here are the Zoom link and dial-in details: Zoom URL: https://zoom.us/j/93007876938 Meeting ID: 930 0787 6938 Dial-in Number: 1 669 900 6833 US (San Jose) Find your local number:https://zoom.us/u/ahAG1MUTf We […]",https://seatofthesoul.com/wp-content/uploads/2022/08/linda-gary.jpeg,summary_large_image,BreadcrumbList|ImageObject|Organization|WebPage|WebSite,345,5,4,64,5,G-PZH9QMWR4R,UA-200510356-1,,630056102333543,,,MEDIUM,missing meta description; missing H1; 4/5 imgs missing alt
https://seatofthesoul.com/message-to-linda-received/,page,200,https://seatofthesoul.com/message-to-linda-received/,1164,93.4,Message to Linda Received - The Seat of the Soul Institute,58,,0,Thank you.,1,2,https://seatofthesoul.com/message-to-linda-received/,en-US,"index, follow, max-image-preview:large, max-snippet:-1, max-video-preview:-1",Message to Linda Received - The Seat of the Soul Institute,Thank you. We have received your message and it should be visible now. Click the link below to read all the latest messages. Latest Messages,,summary_large_image,BreadcrumbList|Organization|WebPage|WebSite,291,4,3,65,3,G-PZH9QMWR4R,UA-200510356-1,,630056102333543,,,MEDIUM,missing meta description; 3/4 imgs missing alt
https://seatofthesoul.com/remember-linda-homepage/,page,200,https://seatofthesoul.com/remember-linda-homepage/,989,118.1,In Celebration of Linda Francis - The Seat of the Soul,54,During the month of August and September we will celebrating all the lovely memories and experiences you had with Linda Francis.,128,,0,10,https://seatofthesoul.com/remember-linda-homepage/,en-US,"index, follow, max-image-preview:large, max-snippet:-1, max-video-preview:-1",In Celebration of Linda Francis - The Seat of the Soul,During the month of August and September we will celebrating all the lovely memories and experiences you had with Linda Francis.,https://seatofthesoul.com/wp-content/uploads/2023/07/Untitled-design-1024x1024.png,summary_large_image,BreadcrumbList|ImageObject|Organization|WebPage|WebSite,1348,12,5,66,3,G-PZH9QMWR4R,UA-200510356-1,,630056102333543,,,HIGH,missing H1; 5/12 imgs missing alt
https://seatofthesoul.com/seat-of-the-soul-career-opportunities/,page,200,https://seatofthesoul.com/seat-of-the-soul-career-opportunities/,1051,98.5,Seat of the Soul Career Opportunities - The Seat of the Soul Institute,70,,0,,0,5,https://seatofthesoul.com/seat-of-the-soul-career-opportunities/,en-US,"index, follow, max-image-preview:large, max-snippet:-1, max-video-preview:-1",Seat of the Soul Career Opportunities - The Seat of the Soul Institute,"Explore Career Opportunities Currently Available Positions Click on the position below to apply… There are currently no positions available. Our Mission We assist people across the world in creating meaning and purpose, creativity and health, joy and love. We call this authentic power – the alignment of the personality with the soul.",,summary_large_image,BreadcrumbList|Organization|WebPage|WebSite,319,4,3,64,3,G-PZH9QMWR4R,UA-200510356-1,,630056102333543,,,MEDIUM,title length 70 (target 25–65); missing meta description; missing H1; 3/4 imgs missing alt
https://seatofthesoul.com/ai-and-human-evolution/,page,200,https://seatofthesoul.com/ai-and-human-evolution/,941,104.0,AI and Human Evolution - Gary Zukav,35,,0,AI and Human Evolution,1,2,https://seatofthesoul.com/ai-and-human-evolution/,en-US,"index, follow, max-image-preview:large, max-snippet:-1, max-video-preview:-1",AI and Human Evolution - Gary Zukav,"Gary Zukav Human evolution is now an internal process, not an external process. An unprecedented and epic transformation to human consciousness is occurring now. The old human consciousness was limited to the perceptions of the five senses, and it understood power as the ability to manipulate and control. That is external power. Individuals with the […]",,summary_large_image,BreadcrumbList|Organization|WebPage|WebSite,696,4,3,66,3,G-PZH9QMWR4R,UA-200510356-1,,630056102333543,,,MEDIUM,missing meta description; 3/4 imgs missing alt
https://seatofthesoul.com/failing-government/,page,200,https://seatofthesoul.com/failing-government/,1017,104.3,AI and Human Evolution - Gary Zukav,35,,0,WHAT TO DO ABOUT FAILING GOVERNMENTS,1,2,https://seatofthesoul.com/failing-government/,en-US,"index, follow, max-image-preview:large, max-snippet:-1, max-video-preview:-1",AI and Human Evolution - Gary Zukav,"WHAT TO DO ABOUT FAILING GOVERNMENTS Gary Zukav The consciousness of the human species is changing in an epic, unprecedented way, and it is changing very fast.   Our old consciousness was limited to the perceptions of the five senses – what can be seen, heard, touched, tasted, or smelled.  That is five-sensory perception. The new […]",,summary_large_image,BreadcrumbList|Organization|WebPage|WebSite,793,4,3,66,3,G-PZH9QMWR4R,UA-200510356-1,,630056102333543,,,MEDIUM,missing meta description; 3/4 imgs missing alt
https://seatofthesoul.com/opt-out/,page,200,https://seatofthesoul.com/opt-out/,1021,90.8,Opt out - The Seat of the Soul Institute,40,,0,,0,3,https://seatofthesoul.com/opt-out/,en-US,"index, follow, max-image-preview:large, max-snippet:-1, max-video-preview:-1",Opt out - The Seat of the Soul Institute,Thank you for being a valued Seat of The Soul Institute subscriber. Your email preferences have been updated.,,summary_large_image,BreadcrumbList|Organization|WebPage|WebSite,282,4,3,64,3,G-PZH9QMWR4R,UA-200510356-1,,630056102333543,,,MEDIUM,missing meta description; missing H1; 3/4 imgs missing alt
https://seatofthesoul.com/journey-to-the-soul/faqs/,page,200,https://seatofthesoul.com/journey-to-the-soul/faqs/,1150,107.1,FAQs - The Seat of the Soul Institute,37,,0,,0,4,https://seatofthesoul.com/journey-to-the-soul/faqs/,en-US,"index, follow, max-image-preview:large, max-snippet:-1, max-video-preview:-1",FAQs - The Seat of the Soul Institute,Journey to the Soul 2024 RETREAT FAQ’s What are the tech requirements for participating in the retreats? You will need: reliable Internet connection the ability to be viewable on video for the whole retreat (audio-only participation is not an option) access to Zoom (it’s free) Your Zoom links will be sent after you register. Can […],,summary_large_image,BreadcrumbList|Organization|WebPage|WebSite,1015,4,3,64,3,G-PZH9QMWR4R,UA-200510356-1,,630056102333543,,,MEDIUM,missing meta description; missing H1; 3/4 imgs missing alt
https://seatofthesoul.com/blog-2/,page,200,https://seatofthesoul.com/blog-2/,1759,119.8,Blog - The Seat of the Soul Institute,37,"Explore the blog. Our articles are packed with wisdom, stories, anecdotes, and practical ideas to integrate authentic power into your life.",139,,0,4,https://seatofthesoul.com/blog-2/,en-US,"index, follow, max-image-preview:large, max-snippet:-1, max-video-preview:-1",Blog - The Seat of the Soul Institute,"Explore the blog. Our articles are packed with wisdom, stories, anecdotes, and practical ideas to integrate authentic power into your life.",https://seatofthesoul.com/wp-content/uploads/2021/03/BlogPageSEO_Seat-of-the-Soul.png,summary_large_image,BreadcrumbList|ImageObject|Organization|WebPage|WebSite,592,16,9,84,3,G-PZH9QMWR4R,UA-200510356-1,,630056102333543,,,HIGH,missing H1; 9/16 imgs missing alt
https://seatofthesoul.com/judgement-thank-you/,page,200,https://seatofthesoul.com/judgement-thank-you/,1060,97.1,Judgement Thank You - The Seat of the Soul Institute,52,"An addiction is one of the strongest, most fearful parts of your personality. Find out why!",91,,0,3,https://seatofthesoul.com/judgement-thank-you/,en-US,"index, follow, max-image-preview:large, max-snippet:-1, max-video-preview:-1",Judgement Thank You - The Seat of the Soul Institute,"An addiction is one of the strongest, most fearful parts of your personality. Find out why!",https://seatofthesoul.com/wp-content/uploads/2021/08/AddictionOpt-InPageSEO_SeatOfTheSoulInstitute.png,summary_large_image,BreadcrumbList|ImageObject|Organization|WebPage|WebSite,317,4,3,64,3,G-PZH9QMWR4R,UA-200510356-1,,630056102333543,,,HIGH,missing H1; 3/4 imgs missing alt
https://seatofthesoul.com/judgment/,page,200,https://seatofthesoul.com/judgment/,1093,98.7,Judgment - The Seat of the Soul Institute,41,"As you go through life, do you practice judgment or discernment? Find out the difference.",89,,0,4,https://seatofthesoul.com/judgment/,en-US,"index, follow, max-image-preview:large, max-snippet:-1, max-video-preview:-1",Judgment - The Seat of the Soul Institute,"As you go through life, do you practice judgment or discernment? Find out the difference.",https://seatofthesoul.com/wp-content/uploads/2021/09/JudgementsOpt-InPageSEO_SeatOfTheSoulInstitute.jpg,summary_large_image,BreadcrumbList|ImageObject|Organization|WebPage|WebSite,355,4,3,64,3,G-PZH9QMWR4R,UA-200510356-1,,630056102333543,,,HIGH,missing H1; 3/4 imgs missing alt
https://seatofthesoul.com/addiction/,page,200,https://seatofthesoul.com/addiction/,1084,96.0,Addiction - The Seat of the Soul Institute,42,"An addiction is one of the strongest, most fearful parts of your personality. Find out why!",91,,0,4,https://seatofthesoul.com/addiction/,en-US,"index, follow, max-image-preview:large, max-snippet:-1, max-video-preview:-1",Addiction - The Seat of the Soul Institute,"An addiction is one of the strongest, most fearful parts of your personality. Find out why!",https://seatofthesoul.com/wp-content/uploads/2021/08/AddictionOpt-InPageSEO_SeatOfTheSoulInstitute.png,summary_large_image,BreadcrumbList|ImageObject|Organization|WebPage|WebSite,355,4,3,64,3,G-PZH9QMWR4R,UA-200510356-1,,630056102333543,,,HIGH,missing H1; 3/4 imgs missing alt
https://seatofthesoul.com/cultivating-love-optin/,page,200,https://seatofthesoul.com/cultivating-love-optin/,1156,96.8,Cultivating Self Love - Optin - The Seat of the Soul Institute,62,,0,,0,6,https://seatofthesoul.com/cultivating-love-optin/,en-US,"index, follow, max-image-preview:large, max-snippet:-1, max-video-preview:-1",Cultivating Self Love - Optin - The Seat of the Soul Institute,"Are you choosing love? Or are you choosing fear? We all speak, act, and co-create with love at times. Giving the gifts we were born to give requires us to consciously make a loving choices more and more often. Take this short, 2-minute, self-assessment to develop awareness of how often you are choosing from the love-based […]",,summary_large_image,BreadcrumbList|Organization|WebPage|WebSite,386,4,3,64,3,G-PZH9QMWR4R,UA-200510356-1,,630056102333543,,,MEDIUM,missing meta description; missing H1; 3/4 imgs missing alt
https://seatofthesoul.com/addiction-thank-you/,page,200,https://seatofthesoul.com/addiction-thank-you/,1681,97.2,Addiction Thank You - The Seat of the Soul Institute,52,"An addiction is one of the strongest, most fearful parts of your personality. Find out why!",91,,0,3,https://seatofthesoul.com/addiction-thank-you/,en-US,"index, follow, max-image-preview:large, max-snippet:-1, max-video-preview:-1",Addiction Thank You - The Seat of the Soul Institute,"An addiction is one of the strongest, most fearful parts of your personality. Find out why!",https://seatofthesoul.com/wp-content/uploads/2021/08/AddictionOpt-InPageSEO_SeatOfTheSoulInstitute.png,summary_large_image,BreadcrumbList|ImageObject|Organization|WebPage|WebSite,330,4,3,64,3,G-PZH9QMWR4R,UA-200510356-1,,630056102333543,,,HIGH,missing H1; 3/4 imgs missing alt
https://seatofthesoul.com/journey-to-the-soul-registration-september-2024/,page,200,https://seatofthesoul.com/journey-to-the-soul-registration-september-2024/,1696,95.2,Journey to the Soul - Registration September 2024 - The Seat of the Soul Institute,82,,0,,0,4,https://seatofthesoul.com/journey-to-the-soul-registration-september-2024/,en-US,"index, follow, max-image-preview:large, max-snippet:-1, max-video-preview:-1",Journey to the Soul - Registration September 2024 - The Seat of the Soul Institute,Save Your Seat Today! Event price is $997 Journey to the Soul 2024 Registration,,summary_large_image,BreadcrumbList|Organization|WebPage|WebSite,283,4,3,64,3,G-PZH9QMWR4R,UA-200510356-1,,630056102333543,,,MEDIUM,title length 82 (target 25–65); missing meta description; missing H1; 3/4 imgs missing alt
https://seatofthesoul.com/event-waitlist-journey-to-the-soul/,page,200,https://seatofthesoul.com/event-waitlist-journey-to-the-soul/,1266,92.7,Event Waitlist (Journey to the Soul) - The Seat of the Soul Institute,69,,0,,0,6,https://seatofthesoul.com/event-waitlist-journey-to-the-soul/,en-US,"index, follow, max-image-preview:large, max-snippet:-1, max-video-preview:-1",Event Waitlist (Journey to the Soul) - The Seat of the Soul Institute,Be the first to learn all the details for next year’s event! Enter your information below to join the Journey to the Soul Retreat 2025 Waitlist,,summary_large_image,BreadcrumbList|Organization|WebPage|WebSite,294,4,3,64,3,G-PZH9QMWR4R,UA-200510356-1,,630056102333543,,,MEDIUM,title length 69 (target 25–65); missing meta description; missing H1; 3/4 imgs missing alt
https://seatofthesoul.com/evening-welcome/,page,200,https://seatofthesoul.com/evening-welcome/,1104,113.2,EWGZ Dashboard - The Seat of the Soul Institute,47,"An addiction is one of the strongest, most fearful parts of your personality. Find out why!",91,,0,4,https://seatofthesoul.com/evening-welcome/,en-US,"index, follow, max-image-preview:large, max-snippet:-1, max-video-preview:-1",EWGZ Dashboard - The Seat of the Soul Institute,"An addiction is one of the strongest, most fearful parts of your personality. Find out why!",https://seatofthesoul.com/wp-content/uploads/2021/08/AddictionOpt-InPageSEO_SeatOfTheSoulInstitute.png,summary_large_image,BreadcrumbList|ImageObject|Organization|WebPage|WebSite,390,10,9,66,3,G-PZH9QMWR4R,UA-200510356-1,,630056102333543,,,HIGH,missing H1; 9/10 imgs missing alt
https://seatofthesoul.com/spiritual-partnership-program-spp-registration-2025-eb/,page,200,https://seatofthesoul.com/spiritual-partnership-program-spp-registration-2025-eb/,1153,146.7,Spiritual Partnership Program (SPP) Registration 2025 (EB) - The Seat of the Soul Institute,91,,0,,0,3,https://seatofthesoul.com/spiritual-partnership-program-spp-registration-2025-eb/,en-US,"index, follow, max-image-preview:large, max-snippet:-1, max-video-preview:-1",Spiritual Partnership Program (SPP) Registration 2025 (EB) - The Seat of the Soul Institute,Spiritual Partnership Program (SPP) Registration 2025,,summary_large_image,BreadcrumbList|Organization|WebPage|WebSite,1703,5,3,64,3,G-PZH9QMWR4R,UA-200510356-1,,630056102333543,,,MEDIUM,title length 91 (target 25–65); missing meta description; missing H1; 3/5 imgs missing alt
https://seatofthesoul.com/apsp-25-registration/,page,200,https://seatofthesoul.com/apsp-25-registration/,1258,97.6,APSP 25 Registration - The Seat of the Soul Institute,53,,0,,0,5,https://seatofthesoul.com/apsp-25-registration/,en-US,"index, follow, max-image-preview:large, max-snippet:-1, max-video-preview:-1",APSP 25 Registration - The Seat of the Soul Institute,Register for Authentic Power Support Program 2025 Authentic Power Support Program (APSP) Includes everything in the SPP as well as: More opportunities to support the Seat of the Soul Institute at events and to support participants in the Spiritual Partnership Program. One monthly team meeting. Two Pre and Post Spiritual Partnership Circle team calls on […],https://seatofthesoul.com/wp-content/uploads/2021/01/SOTSI-Logo-white-1024x179.png,summary_large_image,BreadcrumbList|ImageObject|Organization|WebPage|WebSite,469,5,4,65,3,G-PZH9QMWR4R,UA-200510356-1,,630056102333543,,,MEDIUM,missing meta description; missing H1; 4/5 imgs missing alt
https://seatofthesoul.com/authentic-power-support-program-apsp-2025/,page,200,https://seatofthesoul.com/authentic-power-support-program-apsp-2025/,1355,146.1,Authentic Power Support Program (APSP) 2025 - The Seat of the Soul Institute,76,,0,,0,3,https://seatofthesoul.com/authentic-power-support-program-apsp-2025/,en-US,"index, follow, max-image-preview:large, max-snippet:-1, max-video-preview:-1",Authentic Power Support Program (APSP) 2025 - The Seat of the Soul Institute,,,summary_large_image,BreadcrumbList|Organization|WebPage|WebSite,1701,5,3,64,3,G-PZH9QMWR4R,UA-200510356-1,,630056102333543,,,MEDIUM,title length 76 (target 25–65); missing meta description; missing H1; 3/5 imgs missing alt
https://seatofthesoul.com/spp-25-registration-fp/,page,200,https://seatofthesoul.com/spp-25-registration-fp/,1076,96.9,SPP 25 Registration FP - The Seat of the Soul Institute,55,,0,,0,5,https://seatofthesoul.com/spp-25-registration-fp/,en-US,"index, follow, max-image-preview:large, max-snippet:-1, max-video-preview:-1",SPP 25 Registration FP - The Seat of the Soul Institute,Register for The Spiritual Partnership Program 2025 The Spiritual Partnership Program (SPP) This Immersive Program Includes: Two Spiritual Partnership Circles each month. These Zoom calls will be in the first and third weeks of each month. In depth exploration of Spiritual Partnership to deepen your practice of creating spiritual partnerships. Opportunity to cocreate with the […],https://seatofthesoul.com/wp-content/uploads/2021/01/SOTSI-Logo-white-1024x179.png,summary_large_image,BreadcrumbList|ImageObject|Organization|WebPage|WebSite,352,5,4,65,3,G-PZH9QMWR4R,UA-200510356-1,,630056102333543,,,MEDIUM,missing meta description; missing H1; 4/5 imgs missing alt
https://seatofthesoul.com/spp-25-registration-eb/,page,200,https://seatofthesoul.com/spp-25-registration-eb/,1281,97.5,SPP 25 Registration - EB - The Seat of the Soul Institute,57,,0,,0,5,https://seatofthesoul.com/spp-25-registration-eb/,en-US,"index, follow, max-image-preview:large, max-snippet:-1, max-video-preview:-1",SPP 25 Registration - EB - The Seat of the Soul Institute,"Register for Spiritual Partnership Program 2025 Registration for the Spiritual Partnership Program (SPP) includes: Two Spiritual Partnership Circles each month. These Zoom calls will be in the first and third weeks of each month. In depth exploration of Spiritual Partnership to deepen your practice of being in spiritual partnerships.  One live, online event with Gary […]",https://seatofthesoul.com/wp-content/uploads/2021/01/SOTSI-Logo-white-1024x179.png,summary_large_image,BreadcrumbList|ImageObject|Organization|WebPage|WebSite,397,5,4,65,3,G-PZH9QMWR4R,UA-200510356-1,,630056102333543,,,MEDIUM,missing meta description; missing H1; 4/5 imgs missing alt
https://seatofthesoul.com/subscribe-to-podcast/,page,200,https://seatofthesoul.com/subscribe-to-podcast/,1369,91.0,Podcast - Subscribe - The Seat of the Soul Institute,52,,0,,0,3,https://seatofthesoul.com/subscribe-to-podcast/,en-US,"index, follow, max-image-preview:large, max-snippet:-1, max-video-preview:-1",Podcast - Subscribe - The Seat of the Soul Institute,You are now subscribed to The Gary Zukav Podcast! Enjoy new episodes every Monday and Friday.,,summary_large_image,BreadcrumbList|Organization|WebPage|WebSite,280,4,3,64,3,G-PZH9QMWR4R,UA-200510356-1,,630056102333543,,,MEDIUM,missing meta description; missing H1; 3/4 imgs missing alt
https://seatofthesoul.com/spiritual-partnership-training-program-spt-registration-2025-eb/,page,200,https://seatofthesoul.com/spiritual-partnership-training-program-spt-registration-2025-eb/,1522,146.8,Spiritual Partnership Training Program (SPT) Registration 2025 (EB) - The Seat of the Soul Institute,100,,0,,0,3,https://seatofthesoul.com/spiritual-partnership-training-program-spt-registration-2025-eb/,en-US,"index, follow, max-image-preview:large, max-snippet:-1, max-video-preview:-1",Spiritual Partnership Training Program (SPT) Registration 2025 (EB) - The Seat of the Soul Institute,Spiritual Partnership Training Program (SPT) Registration 2025,,summary_large_image,BreadcrumbList|Organization|WebPage|WebSite,1707,5,3,64,3,G-PZH9QMWR4R,UA-200510356-1,,630056102333543,,,MEDIUM,title length 100 (target 25–65); missing meta description; missing H1; 3/5 imgs missing alt
https://seatofthesoul.com/spiritual-partnership-training-program-spt-registration-2025-fp/,page,200,https://seatofthesoul.com/spiritual-partnership-training-program-spt-registration-2025-fp/,1372,138.2,Spiritual Partnership Training Program (SPT) Registration 2025 (FP) - The Seat of the Soul Institutesignaturekeyboard,117,,0,,0,3,https://seatofthesoul.com/spiritual-partnership-training-program-spt-registration-2025-fp/,en-US,"index, follow, max-image-preview:large, max-snippet:-1, max-video-preview:-1",Spiritual Partnership Training Program (SPT) Registration 2025 (FP) - The Seat of the Soul Institute,"Spiritual Partnership Program (SPP) Registration 2025 Spiritual Partnership Training Program (SPT) Registration 2025 (FP) Registration Information Program Payment Options * Spiritual Partnership Training Program (SPT) – $2,500 – Pay in Full Spiritual Partnership Training Program (SPT) – 2 X $1,250 – Monthly Payments Name * Name First First Last Last Email * Phone * Address […]",,summary_large_image,BreadcrumbList|Organization|WebPage|WebSite,1793,4,3,64,3,G-PZH9QMWR4R,UA-200510356-1,,630056102333543,,,MEDIUM,title length 117 (target 25–65); missing meta description; missing H1; 3/4 imgs missing alt
https://seatofthesoul.com/refund-cancellation/,page,200,https://seatofthesoul.com/refund-cancellation/,1224,94.0,Refund/Cancellation Policy - The Seat of the Soul Institute,59,The Seat of the Soul Institute is committed to protecting the privacy and security of the users of our Website.,111,,0,3,https://seatofthesoul.com/refund-cancellation/,en-US,"index, follow, max-image-preview:large, max-snippet:-1, max-video-preview:-1",Refund/Cancellation Policy - The Seat of the Soul Institute,The Seat of the Soul Institute is committed to protecting the privacy and security of the users of our Website.,https://seatofthesoul.com/wp-content/uploads/2021/01/Homepage-SEO-image_Seat-of-the-Soul.jpg,summary_large_image,BreadcrumbList|ImageObject|Organization|WebPage|WebSite,615,4,3,64,3,G-PZH9QMWR4R,UA-200510356-1,,630056102333543,,,HIGH,missing H1; 3/4 imgs missing alt
https://seatofthesoul.com/shop/,page,200,https://seatofthesoul.com/shop/,118,108.1,Shop - The Seat of the Soul Institute,37,,0,LEARN TO CREATE AUTHENTIC POWER IN YOUR LIFE.,1,7,https://seatofthesoul.com/shop/,en-US,"index, follow, max-image-preview:large, max-snippet:-1, max-video-preview:-1",Shop - The Seat of the Soul Institute,"LEARN TO CREATE AUTHENTIC POWER IN YOUR LIFE. Evening with Gary Zukav Join Gary each month for a live, heart-opening Zoom call discussing substantive and relevant topics. Gary will share practical wisdom to help you work through life’s challenges and will answer your questions live. Enjoy access to each month’s call recording as well as […]",https://seatofthesoul.com/wp-content/uploads/2024/05/e58c0be-50d3-0fb-ac64-a60863df8407_40cebf4d-0fab-46a4-8085-7f86958a4820-1024x576.webp,summary_large_image,BreadcrumbList|ImageObject|Organization|WebPage|WebSite,611,9,8,69,3,G-PZH9QMWR4R,UA-200510356-1,,630056102333543,,,MEDIUM,missing meta description; 8/9 imgs missing alt
https://seatofthesoul.com/spt-ground-rules/,page,200,https://seatofthesoul.com/spt-ground-rules/,1152,114.9,SPT Ground Rules - The Seat of the Soul Institute,49,,0,,0,3,https://seatofthesoul.com/spt-ground-rules/,en-US,"index, follow, max-image-preview:large, max-snippet:-1, max-video-preview:-1",SPT Ground Rules - The Seat of the Soul Institute,"Spiritual Partnership Training Program Ground Rules To create a safe, supportive, and grounded environment for everyone to learn about and experiment with the creation of authentic power and spiritual partnerships, we ask you to follow these ground rules. Do not solicit fellow participants for anything in any way. This includes marketing, political activity, business transactions […]",,summary_large_image,BreadcrumbList|Organization|WebPage|WebSite,593,4,3,64,3,G-PZH9QMWR4R,UA-200510356-1,,630056102333543,,,MEDIUM,missing meta description; missing H1; 3/4 imgs missing alt
https://seatofthesoul.com/love-fear/,page,200,https://seatofthesoul.com/love-fear/,2298,177.7,Love & Fear - The Seat of the Soul Institute,44,,0,,0,12,https://seatofthesoul.com/love-fear/,en-US,"index, follow, max-image-preview:large, max-snippet:-1, max-video-preview:-1",Love & Fear - The Seat of the Soul Institute,"Create Authentic Power: Choose Love Over Fear Every moment of your life is shaped by one of two forces: Love or Fear. But how can you tell which is guiding you? Gary Zukav, author of The Seat of the Soul, shows you how emotional awareness can help you recognize these forces, so you can intentionally […]",,summary_large_image,BreadcrumbList|Organization|WebPage|WebSite,478,4,3,64,3,G-PZH9QMWR4R,UA-200510356-1,,630056102333543,,,MEDIUM,missing meta description; missing H1; 3/4 imgs missing alt
https://seatofthesoul.com/love-fear-ty/,page,200,https://seatofthesoul.com/love-fear-ty/,1022,93.1,Love & Fear - TY - The Seat of the Soul Institute,49,,0,,0,6,https://seatofthesoul.com/love-fear-ty/,en-US,"index, follow, max-image-preview:large, max-snippet:-1, max-video-preview:-1",Love & Fear - TY - The Seat of the Soul Institute,"Your Transformation Starts Here. The journey to authentic power continues as you cultivate awareness of love and fear in every moment. As you deepen your emotional awareness, you’ll begin to recognize how these forces shape your thoughts, words, and actions. By consciously choosing love, you align your personality with your soul, creating authentic power. Continue […]",,summary_large_image,BreadcrumbList|Organization|WebPage|WebSite,409,4,3,64,3,G-PZH9QMWR4R,UA-200510356-1,,630056102333543,,,MEDIUM,missing meta description; missing H1; 3/4 imgs missing alt
https://seatofthesoul.com/responsible-choice/,page,200,https://seatofthesoul.com/responsible-choice/,1197,172.5,Responsible Choice - The Seat of the Soul Institute,51,,0,,0,10,https://seatofthesoul.com/responsible-choice/,en-US,"index, follow, max-image-preview:large, max-snippet:-1, max-video-preview:-1",Responsible Choice - The Seat of the Soul Institute,"Start Your Journey Toward Authentic Power Download the Meditation on Responsible Choice Discover how intentional choices can transform your life. Every moment offers you the chance to choose with intention. In this meditation led by Linda Francis, spiritual partner to Gary Zukav, you’ll learn to make choices that align with your soul. Based on the […]",,summary_large_image,BreadcrumbList|Organization|WebPage|WebSite,458,4,3,64,3,G-PZH9QMWR4R,UA-200510356-1,,630056102333543,,,MEDIUM,missing meta description; missing H1; 3/4 imgs missing alt
https://seatofthesoul.com/daily-intuition-ty/,page,200,https://seatofthesoul.com/daily-intuition-ty/,934,93.2,Daily Intuition Practice - TY - The Seat of the Soul Institute,62,,0,,0,6,https://seatofthesoul.com/daily-intuition-ty/,en-US,"index, follow, max-image-preview:large, max-snippet:-1, max-video-preview:-1",Daily Intuition Practice - TY - The Seat of the Soul Institute,"Your Daily Practice of Consulting Intuition is On Its Way You’ve taken the first step toward cultivating a deeper connection with your intuition. The “Daily Practice of Consulting Intuition” is on its way to your inbox. This simple yet powerful practice will guide you in consulting your intuition daily, helping you move beyond fear and […]",,summary_large_image,BreadcrumbList|Organization|WebPage|WebSite,432,4,3,64,3,G-PZH9QMWR4R,UA-200510356-1,,630056102333543,,,MEDIUM,missing meta description; missing H1; 3/4 imgs missing alt
https://seatofthesoul.com/daily-intuition-practice/,page,200,https://seatofthesoul.com/daily-intuition-practice/,951,174.0,Daily Intuition Practice - The Seat of the Soul Institute,57,,0,,0,10,https://seatofthesoul.com/daily-intuition-practice/,en-US,"index, follow, max-image-preview:large, max-snippet:-1, max-video-preview:-1",Daily Intuition Practice - The Seat of the Soul Institute,"Consult Your Intuition. Create Authentic Power. Your intuition is a powerful tool for creating authentic power in your life. It’s the voice within that guides you beyond fear, helping you live with clarity and purpose. When you consult your intuition daily, you will unlock new perspectives, move beyond reactive patterns, and align with your soul’s […]",,summary_large_image,BreadcrumbList|Organization|WebPage|WebSite,473,4,3,64,3,G-PZH9QMWR4R,UA-200510356-1,,630056102333543,,,MEDIUM,missing meta description; missing H1; 3/4 imgs missing alt
https://seatofthesoul.com/mutli-five-sensory/,page,200,https://seatofthesoul.com/mutli-five-sensory/,1102,174.6,Multisensory vs Five-Sensory - The Seat of the Soul Institute,61,,0,,0,12,https://seatofthesoul.com/mutli-five-sensory/,en-US,"index, follow, max-image-preview:large, max-snippet:-1, max-video-preview:-1",Multisensory vs Five-Sensory - The Seat of the Soul Institute,"Awaken Your Multisensory Perception & Create Authentic Power Are you ready to discover a whole new way of seeing and experiencing the world? In this exclusive video, bestselling author Gary Zukav will show you how to tap into Multisensory Perception—the next evolution of human consciousness that empowers you to live with greater awareness, purpose, and […]",,summary_large_image,BreadcrumbList|Organization|WebPage|WebSite,491,4,3,64,3,G-PZH9QMWR4R,UA-200510356-1,,630056102333543,,,MEDIUM,missing meta description; missing H1; 3/4 imgs missing alt
https://seatofthesoul.com/multi-five-ty/,page,200,https://seatofthesoul.com/multi-five-ty/,1227,95.9,Multisensory vs Five-Sensory - TY - The Seat of the Soul Institute,66,,0,,0,10,https://seatofthesoul.com/multi-five-ty/,en-US,"index, follow, max-image-preview:large, max-snippet:-1, max-video-preview:-1",Multisensory vs Five-Sensory - TY - The Seat of the Soul Institute,Your Transformation Starts Here You’re about to embark on an exciting journey of awakening. Watch the video below to explore what Multisensory Perception is and how it is an integral part of the new consciousness that is emerging in the world right now. This is just the beginning—get ready to expand your awareness and step […],,summary_large_image,BreadcrumbList|Organization|WebPage|WebSite,396,4,3,64,3,G-PZH9QMWR4R,UA-200510356-1,,630056102333543,,,MEDIUM,title length 66 (target 25–65); missing meta description; missing H1; 3/4 imgs missing alt
https://seatofthesoul.com/responsible-choice-ty/,page,200,https://seatofthesoul.com/responsible-choice-ty/,1366,100.1,Responsible Choice - TY - The Seat of the Soul Institute,56,,0,,0,8,https://seatofthesoul.com/responsible-choice-ty/,en-US,"index, follow, max-image-preview:large, max-snippet:-1, max-video-preview:-1",Responsible Choice - TY - The Seat of the Soul Institute,"Your Transformation Starts Here You are about to begin a powerful journey. Below is your meditation on Responsible Choice, led by Linda Francis. This meditation will guide you in making intentional choices that align with your soul and support the creation of authentic power in your life. Click below to listen now or download it […]",,summary_large_image,BreadcrumbList|Organization|WebPage|WebSite,385,4,3,66,3,G-PZH9QMWR4R,UA-200510356-1,,630056102333543,,,MEDIUM,missing meta description; missing H1; 3/4 imgs missing alt
https://seatofthesoul.com/about-linda-francis/,page,200,https://seatofthesoul.com/about-linda-francis/,940,110.0,About Linda Francis - The Seat of the Soul Institute,52,"Linda Francis is a co-founder of the Seat of the Soul Institute, along with Gary Zukav, where she works with people seeking to create their own authentic power.",160,,0,9,https://seatofthesoul.com/about-linda-francis/,en-US,"index, follow, max-image-preview:large, max-snippet:-1, max-video-preview:-1",About Linda Francis - The Seat of the Soul Institute,"Linda Francis is a co-founder of the Seat of the Soul Institute, along with Gary Zukav, where she works with people seeking to create their own authentic power.",https://seatofthesoul.com/wp-content/uploads/2021/04/Meet-linda-PageSEO_SeatOfTheSoulInstitute.jpg,summary_large_image,BreadcrumbList|ImageObject|Organization|WebPage|WebSite,646,9,7,65,3,G-PZH9QMWR4R,UA-200510356-1,,630056102333543,,,HIGH,missing H1; 7/9 imgs missing alt
https://seatofthesoul.com/get-started/,page,200,https://seatofthesoul.com/get-started/,1127,119.9,Get Started - The Seat of the Soul Institute,44,"At Seat of the Soul Institute you can begin creating meaning & purpose, creativity & health, and joy & love in your life as you discover your own authentic power.",162,,0,31,https://seatofthesoul.com/get-started/,en-US,"index, follow, max-image-preview:large, max-snippet:-1, max-video-preview:-1",Get Started - The Seat of the Soul Institute,"At Seat of the Soul Institute you can begin creating meaning & purpose, creativity & health, and joy & love in your life as you discover your own authentic power.",https://seatofthesoul.com/wp-content/uploads/2021/02/Homepage-SEO-image_Seat-of-the-Soul.jpg,summary_large_image,BreadcrumbList|ImageObject|Organization|WebPage|WebSite,503,5,4,71,5,G-PZH9QMWR4R,UA-200510356-1,,630056102333543,,,HIGH,missing H1; 4/5 imgs missing alt
https://seatofthesoul.com/apg-optin/,page,200,https://seatofthesoul.com/apg-optin/,1045,93.8,Authentic Power Guidelines Opt-in - The Seat of the Soul Institute,66,,0,,0,6,https://seatofthesoul.com/apg-optin/,en-US,"index, follow, max-image-preview:large, max-snippet:-1, max-video-preview:-1",Authentic Power Guidelines Opt-in - The Seat of the Soul Institute,"Your Journey to Authentic Power Begins Here Creating authentic power isn’t mystical—it’s practical. It’s choosing, moment-by-moment, to align your personality with your soul. Gary Zukav’s Authentic Power Guidelines are the cornerstone of his teachings and essential for anyone committed to spiritual growth and emotional clarity. With these Guidelines, you’ll: Transform challenging emotions into powerful insights. […]",,summary_large_image,BreadcrumbList|Organization|WebPage|WebSite,355,4,3,64,3,G-PZH9QMWR4R,UA-200510356-1,,630056102333543,,,MEDIUM,title length 66 (target 25–65); missing meta description; missing H1; 3/4 imgs missing alt
https://seatofthesoul.com/apg-ty/,page,200,https://seatofthesoul.com/apg-ty/,951,96.2,Authentic Power Guidelines - TY - The Seat of the Soul Institute,64,,0,,0,14,https://seatofthesoul.com/apg-ty/,en-US,"index, follow, max-image-preview:large, max-snippet:-1, max-video-preview:-1",Authentic Power Guidelines - TY - The Seat of the Soul Institute,"Authentic Power Guidelines Are Heading to Your Inbox! You’ve made a powerful choice—to explore your inner landscape and create authentic power in your life. Check your inbox shortly for your Authentic Power Guidelines. This moment marks the start of something special: a steady stream of nurturing insights, wisdom, and teachings, arriving each week to support […]",,summary_large_image,BreadcrumbList|Organization|WebPage|WebSite,626,4,3,64,3,G-PZH9QMWR4R,UA-200510356-1,,630056102333543,,,MEDIUM,missing meta description; missing H1; 3/4 imgs missing alt
https://seatofthesoul.com/terms-of-use/,page,200,https://seatofthesoul.com/terms-of-use/,1088,122.1,Terms Of Use - The Seat of the Soul Institute,45,The following terms and conditions apply to the use of the Seat of the Soul Institute website. Please read these policies carefully.,132,,0,17,https://seatofthesoul.com/terms-of-use/,en-US,"index, follow, max-image-preview:large, max-snippet:-1, max-video-preview:-1",Terms Of Use - The Seat of the Soul Institute,The following terms and conditions apply to the use of the Seat of the Soul Institute website. Please read these policies carefully.,https://seatofthesoul.com/wp-content/uploads/2021/01/Homepage-SEO-image_Seat-of-the-Soul.jpg,summary_large_image,BreadcrumbList|ImageObject|Organization|WebPage|WebSite,3237,4,3,64,3,G-PZH9QMWR4R,UA-200510356-1,,630056102333543,,,HIGH,missing H1; 3/4 imgs missing alt
https://seatofthesoul.com/privacy-policy/,page,200,https://seatofthesoul.com/privacy-policy/,1075,125.3,Privacy Policy - The Seat of the Soul Institute,47,The Seat of the Soul Institute is committed to protecting the privacy and security of the users of our Website.,111,,0,20,https://seatofthesoul.com/privacy-policy/,en-US,"index, follow, max-image-preview:large, max-snippet:-1, max-video-preview:-1",Privacy Policy - The Seat of the Soul Institute,The Seat of the Soul Institute is committed to protecting the privacy and security of the users of our Website.,https://seatofthesoul.com/wp-content/uploads/2021/01/Homepage-SEO-image_Seat-of-the-Soul.jpg,summary_large_image,BreadcrumbList|ImageObject|Organization|WebPage|WebSite,3215,4,3,64,5,G-PZH9QMWR4R,UA-200510356-1,,630056102333543,,,HIGH,missing H1; 3/4 imgs missing alt
https://seatofthesoul.com/spiritual-partnership-program-spp-registration-2025-fp/,page,200,https://seatofthesoul.com/spiritual-partnership-program-spp-registration-2025-fp/,1032,144.7,Spiritual Partnership Program (SPP) Registration 2025 (FP) - The Seat of the Soul Institute,91,,0,,0,3,https://seatofthesoul.com/spiritual-partnership-program-spp-registration-2025-fp/,en-US,"index, follow, max-image-preview:large, max-snippet:-1, max-video-preview:-1",Spiritual Partnership Program (SPP) Registration 2025 (FP) - The Seat of the Soul Institute,Spiritual Partnership Training Program (SPT) Registration 2026,,summary_large_image,BreadcrumbList|Organization|WebPage|WebSite,1699,4,3,64,3,G-PZH9QMWR4R,UA-200510356-1,,630056102333543,,,MEDIUM,title length 91 (target 25–65); missing meta description; missing H1; 3/4 imgs missing alt
https://seatofthesoul.com/spiritual-partnership-program-spt-registration-2026-fp/,page,200,https://seatofthesoul.com/spiritual-partnership-program-spt-registration-2026-fp/,1349,144.8,Spiritual Partnership Training Program (SPT) Payment Page Registration 2026 (FP) - The Seat of the Soul Institute,113,,0,,0,3,https://seatofthesoul.com/spiritual-partnership-program-spt-registration-2026-fp/,en-US,"index, follow, max-image-preview:large, max-snippet:-1, max-video-preview:-1",Spiritual Partnership Training Program (SPT) Payment Page Registration 2026 (FP) - The Seat of the Soul Institute,Spiritual Partnership Training Program (SPT) Registration 2026,,summary_large_image,BreadcrumbList|Organization|WebPage|WebSite,1702,4,3,64,3,G-PZH9QMWR4R,UA-200510356-1,,630056102333543,,,MEDIUM,title length 113 (target 25–65); missing meta description; missing H1; 3/4 imgs missing alt
https://seatofthesoul.com/courses-lighten/,page,200,https://seatofthesoul.com/courses-lighten/,1125,105.6,Courses - LightEn - The Seat of the Soul Institute,50,,0,LEARN TO CREATE AUTHENTIC POWER IN YOUR LIFE.,1,6,https://seatofthesoul.com/courses-lighten/,en-US,"index, follow, max-image-preview:large, max-snippet:-1, max-video-preview:-1",Courses - LightEn - The Seat of the Soul Institute,"LEARN TO CREATE AUTHENTIC POWER IN YOUR LIFE. Soul Themes Course Soul Themes is a 12-module course that will help you explore your full potential, so you can give the gifts you were born to give.  Each module, delivered monthly, consists of teachings, reflections, and explorations that will support you in looking more deeply at […]",https://seatofthesoul.com/wp-content/uploads/2024/05/YXTabW9KRXmARCZhk7BI_file.jpg,summary_large_image,BreadcrumbList|ImageObject|Organization|WebPage|WebSite,553,8,7,68,3,G-PZH9QMWR4R,UA-200510356-1,,630056102333543,,,MEDIUM,missing meta description; 7/8 imgs missing alt
https://seatofthesoul.com/podcast/,page,200,https://seatofthesoul.com/podcast/,1200,129.9,Podcast - The Seat of the Soul Institute,40,,0,,0,12,https://seatofthesoul.com/podcast/,en-US,"index, follow, max-image-preview:large, max-snippet:-1, max-video-preview:-1",Podcast - The Seat of the Soul Institute,"The Gary Zukav Deepcast Exploring the New Consciousness https://seatofthesoul.com/wp-content/uploads/2024/09/Gary-Zukav_Podcast-Trailer-05.mp4 Eventually, you will come to understand that love heals everything, and love is all there is. The Gary Zukav Podcast Exploring the New Consciousness https://seatofthesoul.com/wp-content/uploads/2024/09/Gary-Zukav_Podcast-Trailer-05.mp4 Eventually, you will come to understand that love heals everything, and love is all there is. About Gary Zukav is a […]",https://seatofthesoul.com/wp-content/uploads/2024/10/6.png,summary_large_image,BreadcrumbList|ImageObject|Organization|WebPage|WebSite,845,20,18,64,8,G-PZH9QMWR4R,UA-200510356-1,,630056102333543,,,MEDIUM,missing meta description; missing H1; 18/20 imgs missing alt
https://seatofthesoul.com/spt-26-registration-fp-2/,page,200,https://seatofthesoul.com/spt-26-registration-fp-2/,1411,96.1,SPT 26 Program Registration-FP - The Seat of the Soul Institute,63,,0,,0,4,https://seatofthesoul.com/spt-26-registration-fp-2/,en-US,"index, follow, max-image-preview:large, max-snippet:-1, max-video-preview:-1",SPT 26 Program Registration-FP - The Seat of the Soul Institute,"Spiritual Partnership Training Program 2026 PROGRAM DETAILS This Immersive Program Includes: Two Spiritual Partnership Circles each month. These Zoom calls will be in the first and third weeks of each month. In depth exploration of The Mind of the Soul to deepen your practice of creating authentic power in spiritual partnerships. Welcome Call: January 8, […]",https://seatofthesoul.com/wp-content/uploads/2025/10/Spiritual-Kajabi-Thumbnail.jpg,summary_large_image,BreadcrumbList|ImageObject|Organization|WebPage|WebSite,386,5,4,65,3,G-PZH9QMWR4R,UA-200510356-1,,630056102333543,,,MEDIUM,missing meta description; missing H1; 4/5 imgs missing alt
https://seatofthesoul.com/spp-questionnaire/,page,200,https://seatofthesoul.com/spp-questionnaire/,1071,132.3,SPP Questionnaire - The Seat of the Soul Institute,50,,0,,0,4,https://seatofthesoul.com/spp-questionnaire/,en-US,"index, follow, max-image-preview:large, max-snippet:-1, max-video-preview:-1",SPP Questionnaire - The Seat of the Soul Institute,,,summary_large_image,BreadcrumbList|Organization|WebPage|WebSite,947,4,3,64,3,G-PZH9QMWR4R,UA-200510356-1,,630056102333543,,,MEDIUM,missing meta description; missing H1; 3/4 imgs missing alt
https://seatofthesoul.com/soul-connections-newsletter/,page,200,https://seatofthesoul.com/soul-connections-newsletter/,992,138.5,Soul Connections Newsletter - The Seat of the Soul Institute,60,Subscribe to the Soul Thoughts Newsletter to create Authentic Power in your life and start the journey into your new consciousness​.,132,,0,3,https://seatofthesoul.com/soul-connections-newsletter/,en-US,"index, follow, max-image-preview:large, max-snippet:-1, max-video-preview:-1",Soul Connections Newsletter - The Seat of the Soul Institute,Subscribe to the Soul Thoughts Newsletter to create Authentic Power in your life and start the journey into your new consciousness​.,https://seatofthesoul.com/wp-content/uploads/2021/01/Homepage-SEO-image_Seat-of-the-Soul.jpg,summary_large_image,BreadcrumbList|ImageObject|Organization|WebPage|WebSite,358,4,3,64,3,G-PZH9QMWR4R,UA-200510356-1,,630056102333543,,,HIGH,missing H1; 3/4 imgs missing alt
https://seatofthesoul.com/soul-connections-newsletter-ty/,page,200,https://seatofthesoul.com/soul-connections-newsletter-ty/,1200,94.0,Soul Connections Newsletter - TY - The Seat of the Soul Institute,65,Subscribe to the Soul Thoughts Newsletter to create Authentic Power in your life and start the journey into your new consciousness​.,132,,0,2,https://seatofthesoul.com/soul-connections-newsletter-ty/,en-US,"index, follow, max-image-preview:large, max-snippet:-1, max-video-preview:-1",Soul Connections Newsletter - TY - The Seat of the Soul Institute,Subscribe to the Soul Thoughts Newsletter to create Authentic Power in your life and start the journey into your new consciousness​.,https://seatofthesoul.com/wp-content/uploads/2021/01/Homepage-SEO-image_Seat-of-the-Soul.jpg,summary_large_image,BreadcrumbList|ImageObject|Organization|WebPage|WebSite,324,4,3,64,3,G-PZH9QMWR4R,UA-200510356-1,,630056102333543,,,HIGH,missing H1; 3/4 imgs missing alt
https://seatofthesoul.com/spt-november-workshop-registration-2026/,page,200,https://seatofthesoul.com/spt-november-workshop-registration-2026/,1216,97.3,SPT November Workshop Registration_2026 - The Seat of the Soul Institute,72,,0,,0,6,https://seatofthesoul.com/spt-november-workshop-registration-2026/,en-US,"index, follow, max-image-preview:large, max-snippet:-1, max-video-preview:-1",SPT November Workshop Registration_2026 - The Seat of the Soul Institute,"Spiritual Partnership Training Program  In-Person Gathering (2026) November 5-9, 2026   LightEn Center of Consciousness & Action Asheville, North Carolina Sign Up & Register GATHERING DETAILS This special, in-person, immersive gathering is our opportunity to gather as spiritual partners and practice creating authentic power in person for the first time in 5 years! What a […]",https://seatofthesoul.com/wp-content/uploads/2026/05/LightEn-Center-of-Consciousness-and-Action.webp,summary_large_image,BreadcrumbList|ImageObject|Organization|WebPage|WebSite,474,5,3,65,4,G-PZH9QMWR4R,UA-200510356-1,,630056102333543,,,MEDIUM,title length 72 (target 25–65); missing meta description; missing H1; 3/5 imgs missing alt
https://seatofthesoul.com/spt-november-registration-2026/,page,200,https://seatofthesoul.com/spt-november-registration-2026/,965,141.7,SPT November Gathering Registration Page - The Seat of the Soul Institute,73,,0,,0,3,https://seatofthesoul.com/spt-november-registration-2026/,en-US,"index, follow, max-image-preview:large, max-snippet:-1, max-video-preview:-1",SPT November Gathering Registration Page - The Seat of the Soul Institute,Spiritual Partnership Training Program (SPT) In-Person Gathering Registration 2026,,summary_large_image,BreadcrumbList|Organization|WebPage|WebSite,1780,4,3,64,3,G-PZH9QMWR4R,UA-200510356-1,,630056102333543,,,MEDIUM,title length 73 (target 25–65); missing meta description; missing H1; 3/4 imgs missing alt
https://seatofthesoul.com/sg/sg2/,chapters,200,https://seatofthesoul.com/sg/sg2/,1151,83.4,Chapter 2: Karma - The Seat of the Soul Institute,49,,0,,0,10,https://seatofthesoul.com/sg/sg2/,en-US,"index, follow, max-image-preview:large, max-snippet:-1, max-video-preview:-1",Chapter 2: Karma - The Seat of the Soul Institute,"The Authentic Power Guidelines COMMITMENT- Making my spiritual growth my highest priority 2. Pay attention to my emotions by feeling the physical sensations in my energy centers (such as my chest, solar plexus, and throat areas).",,summary_large_image,BreadcrumbList|Organization|WebPage|WebSite,313,4,4,34,0,G-PZH9QMWR4R,UA-200510356-1,,630056102333543,,,MEDIUM,missing meta description; missing H1; 4/4 imgs missing alt
https://seatofthesoul.com/sg/sg3/,chapters,200,https://seatofthesoul.com/sg/sg3/,931,83.5,Chapter 3: Reverence - The Seat of the Soul Institute,53,,0,,0,10,https://seatofthesoul.com/sg/sg3/,en-US,"index, follow, max-image-preview:large, max-snippet:-1, max-video-preview:-1",Chapter 3: Reverence - The Seat of the Soul Institute,"The Authentic Power Guidelines COMMITMENT- Making my spiritual growth my highest priority 3. Pay attention to my thoughts (such as judging, analyzing, comparing, daydreaming, planning my reply, etc., or thoughts of gratitude, appreciation, contentment, openness to Life, etc.)",,summary_large_image,BreadcrumbList|Organization|WebPage|WebSite,313,4,4,34,0,G-PZH9QMWR4R,UA-200510356-1,,630056102333543,,,MEDIUM,missing meta description; missing H1; 4/4 imgs missing alt
https://seatofthesoul.com/sg/sg4/,chapters,200,https://seatofthesoul.com/sg/sg4/,1054,83.6,Chapter 4: Heart - The Seat of the Soul Institute,49,,0,,0,10,https://seatofthesoul.com/sg/sg4/,en-US,"index, follow, max-image-preview:large, max-snippet:-1, max-video-preview:-1",Chapter 4: Heart - The Seat of the Soul Institute,"The Authentic Power Guidelines COMMITMENT- Making my spiritual growth my highest priority 4. Pay attention to my intention (such as blaming, judging, needing to be right, seeking admiration, escaping into thoughts (intellectualizing), trying to convince, etc., or cooperating, sharing, creating harmony, and revering Life).",,summary_large_image,BreadcrumbList|Organization|WebPage|WebSite,322,4,4,34,0,G-PZH9QMWR4R,UA-200510356-1,,630056102333543,,,MEDIUM,missing meta description; missing H1; 4/4 imgs missing alt
https://seatofthesoul.com/sg/sg5/,chapters,200,https://seatofthesoul.com/sg/sg5/,1056,85.0,Chapter 5: Intuition - The Seat of the Soul Institute,53,,0,,0,10,https://seatofthesoul.com/sg/sg5/,en-US,"index, follow, max-image-preview:large, max-snippet:-1, max-video-preview:-1",Chapter 5: Intuition - The Seat of the Soul Institute,"The Authentic Power Guidelines The Authentic Power Guidelines are designed to help you grow spiritually in every circumstance. They are reminders for you to make more healthy choices when you are judging others for what they are saying or doing (feeling superior) or feeling like you don’t have anything to contribute (feeling inferior), or talking […]",,summary_large_image,BreadcrumbList|Organization|WebPage|WebSite,451,4,4,35,0,G-PZH9QMWR4R,UA-200510356-1,,630056102333543,,,MEDIUM,missing meta description; missing H1; 4/4 imgs missing alt
https://seatofthesoul.com/sg/sg6/,chapters,200,https://seatofthesoul.com/sg/sg6/,988,83.6,Chapter 6: Light - The Seat of the Soul Institute,49,,0,,0,10,https://seatofthesoul.com/sg/sg6/,en-US,"index, follow, max-image-preview:large, max-snippet:-1, max-video-preview:-1",Chapter 6: Light - The Seat of the Soul Institute,"The Authentic Power Guidelines COURAGE- Stretching myself beyond the limited perspectives of the frightened parts of my personality 6. Practice integrity at all times (often requires action, such as speaking when frightened parts of my personality don’t want to speak and not speaking when they feel compelled to speak).",,summary_large_image,BreadcrumbList|Organization|WebPage|WebSite,334,4,4,34,0,G-PZH9QMWR4R,UA-200510356-1,,630056102333543,,,MEDIUM,missing meta description; missing H1; 4/4 imgs missing alt
https://seatofthesoul.com/sg/sg7/,chapters,200,https://seatofthesoul.com/sg/sg7/,1340,83.7,Chapter 7: Intention I - The Seat of the Soul Institute,55,,0,,0,10,https://seatofthesoul.com/sg/sg7/,en-US,"index, follow, max-image-preview:large, max-snippet:-1, max-video-preview:-1",Chapter 7: Intention I - The Seat of the Soul Institute,"The Authentic Power Guidelines COURAGE- Stretching myself beyond the limited perspectives of the frightened parts of my personality 7. Say or do what is most difficult (sharing what I notice, if appropriate, when someone speaks or acts from a frightened part of his or her personality; sharing about myself what I am frightened to say and know […]",,summary_large_image,BreadcrumbList|Organization|WebPage|WebSite,330,4,4,34,0,G-PZH9QMWR4R,UA-200510356-1,,630056102333543,,,MEDIUM,missing meta description; missing H1; 4/4 imgs missing alt
https://seatofthesoul.com/sg/sg8/,chapters,200,https://seatofthesoul.com/sg/sg8/,1176,83.8,Chapter 8: Intention II - The Seat of the Soul Institute,56,,0,,0,10,https://seatofthesoul.com/sg/sg8/,en-US,"index, follow, max-image-preview:large, max-snippet:-1, max-video-preview:-1",Chapter 8: Intention II - The Seat of the Soul Institute,The Authentic Power Guidelines COMPASSION- Seeing myself and others as souls who sometimes have frightened parts of their personalities active. 8. Change my perspective from fearful to loving (choose to see myself and others in a loving or appreciative way).,,summary_large_image,BreadcrumbList|Organization|WebPage|WebSite,316,4,4,34,0,G-PZH9QMWR4R,UA-200510356-1,,630056102333543,,,MEDIUM,missing meta description; missing H1; 4/4 imgs missing alt
https://seatofthesoul.com/sg/sg9/,chapters,200,https://seatofthesoul.com/sg/sg9/,1078,84.5,Chapter 9: Choice - The Seat of the Soul Institute,50,,0,,0,10,https://seatofthesoul.com/sg/sg9/,en-US,"index, follow, max-image-preview:large, max-snippet:-1, max-video-preview:-1",Chapter 9: Choice - The Seat of the Soul Institute,"The Authentic Power Guidelines The Authentic Power Guidelines are designed to help you grow spiritually in every circumstance. They are reminders for you to make more healthy choices when you are judging others for what they are saying or doing (feeling superior) or feeling like you don’t have anything to contribute (feeling inferior), or talking […]",,summary_large_image,BreadcrumbList|Organization|WebPage|WebSite,445,4,4,35,0,G-PZH9QMWR4R,UA-200510356-1,,630056102333543,,,MEDIUM,missing meta description; missing H1; 4/4 imgs missing alt
https://seatofthesoul.com/sg/sg10/,chapters,200,https://seatofthesoul.com/sg/sg10/,927,83.4,Chapter 10: Addiction - The Seat of the Soul Institute,54,,0,,0,10,https://seatofthesoul.com/sg/sg10/,en-US,"index, follow, max-image-preview:large, max-snippet:-1, max-video-preview:-1",Chapter 10: Addiction - The Seat of the Soul Institute,"The Authentic Power Guidelines COMPASSION- Seeing myself and others as souls who sometimes have frightened parts of their personalities active. 10. Be present while others are speaking (not preparing replies, judging, etc.)",,summary_large_image,BreadcrumbList|Organization|WebPage|WebSite,306,4,4,34,0,G-PZH9QMWR4R,UA-200510356-1,,630056102333543,,,MEDIUM,missing meta description; missing H1; 4/4 imgs missing alt
https://seatofthesoul.com/sg/sg11/,chapters,200,https://seatofthesoul.com/sg/sg11/,1100,83.3,Chapter 11: Relationships - The Seat of the Soul Institute,58,,0,,0,10,https://seatofthesoul.com/sg/sg11/,en-US,"index, follow, max-image-preview:large, max-snippet:-1, max-video-preview:-1",Chapter 11: Relationships - The Seat of the Soul Institute,The Authentic Power Guidelines CONSCIOUS COMMUNICATIONS AND ACTIONS- Striving to make all my interactions conscious and loving 11. Consult my intuition.,,summary_large_image,BreadcrumbList|Organization|WebPage|WebSite,292,4,4,34,0,G-PZH9QMWR4R,UA-200510356-1,,630056102333543,,,MEDIUM,missing meta description; missing H1; 4/4 imgs missing alt
https://seatofthesoul.com/sg/sg12/,chapters,200,https://seatofthesoul.com/sg/sg12/,1178,83.3,Chapter 12: Souls - The Seat of the Soul Institute,50,,0,,0,10,https://seatofthesoul.com/sg/sg12/,en-US,"index, follow, max-image-preview:large, max-snippet:-1, max-video-preview:-1",Chapter 12: Souls - The Seat of the Soul Institute,The Authentic Power Guidelines CONSCIOUS COMMUNICATIONS AND ACTIONS- Striving to make all my interactions conscious and loving 12. Choose my intention before I speak or act.,,summary_large_image,BreadcrumbList|Organization|WebPage|WebSite,293,4,4,34,0,G-PZH9QMWR4R,UA-200510356-1,,630056102333543,,,MEDIUM,missing meta description; missing H1; 4/4 imgs missing alt
https://seatofthesoul.com/sg/sg13/,chapters,200,https://seatofthesoul.com/sg/sg13/,1084,84.7,Chapter 13: Psychology - The Seat of the Soul Institute,55,,0,,0,10,https://seatofthesoul.com/sg/sg13/,en-US,"index, follow, max-image-preview:large, max-snippet:-1, max-video-preview:-1",Chapter 13: Psychology - The Seat of the Soul Institute,"The Authentic Power Guidelines The Authentic Power Guidelines are designed to help you grow spiritually in every circumstance. They are reminders for you to make more healthy choices when you are judging others for what they are saying or doing (feeling superior) or feeling like you don’t have anything to contribute (feeling inferior), or talking […]",,summary_large_image,BreadcrumbList|Organization|WebPage|WebSite,459,4,4,35,0,G-PZH9QMWR4R,UA-200510356-1,,630056102333543,,,MEDIUM,missing meta description; missing H1; 4/4 imgs missing alt
https://seatofthesoul.com/sg/sg14/,chapters,200,https://seatofthesoul.com/sg/sg14/,1031,83.5,Chapter 14: Illusion - The Seat of the Soul Institute,53,,0,,0,10,https://seatofthesoul.com/sg/sg14/,en-US,"index, follow, max-image-preview:large, max-snippet:-1, max-video-preview:-1",Chapter 14: Illusion - The Seat of the Soul Institute,The Authentic Power Guidelines CONSCIOUS COMMUNICATIONS AND ACTIONS- Striving to make all my interactions conscious and loving 14. Speak personally and specifically rather than generally and abstractly (use “I” statements rather than “we” or “you” statements).,,summary_large_image,BreadcrumbList|Organization|WebPage|WebSite,307,4,4,34,0,G-PZH9QMWR4R,UA-200510356-1,,630056102333543,,,MEDIUM,missing meta description; missing H1; 4/4 imgs missing alt
https://seatofthesoul.com/sg/sg15/,chapters,200,https://seatofthesoul.com/sg/sg15/,1224,83.5,Chapter 15: Power - The Seat of the Soul Institute,50,,0,,0,10,https://seatofthesoul.com/sg/sg15/,en-US,"index, follow, max-image-preview:large, max-snippet:-1, max-video-preview:-1",Chapter 15: Power - The Seat of the Soul Institute,"The Authentic Power Guidelines CONSCIOUS COMMUNICATIONS AND ACTIONS- Striving to make all my interactions conscious and loving 15. Release attachment to the outcome (trust the Universe). If I find myself attached, begin again with Commitment, Courage, and Compassion. And remember to enjoy yourself!",,summary_large_image,BreadcrumbList|Organization|WebPage|WebSite,314,4,4,34,0,G-PZH9QMWR4R,UA-200510356-1,,630056102333543,,,MEDIUM,missing meta description; missing H1; 4/4 imgs missing alt
https://seatofthesoul.com/sg/sg16/,chapters,200,https://seatofthesoul.com/sg/sg16/,1038,83.5,Chapter 16: Trust - The Seat of the Soul Institute,50,,0,,0,10,https://seatofthesoul.com/sg/sg16/,en-US,"index, follow, max-image-preview:large, max-snippet:-1, max-video-preview:-1",Chapter 16: Trust - The Seat of the Soul Institute,The Authentic Power Guidelines Congratulations!! You have completed the Study Guide. It will remain here for you to visit again and again… and Remember to Enjoy Yourself!  ,,summary_large_image,BreadcrumbList|Organization|WebPage|WebSite,304,4,4,34,0,G-PZH9QMWR4R,UA-200510356-1,,630056102333543,,,MEDIUM,missing meta description; missing H1; 4/4 imgs missing alt
https://seatofthesoul.com/sg/sg1/,chapters,200,https://seatofthesoul.com/sg/sg1/,1042,85.2,Chapter 1: Evolution - The Seat of the Soul Institute,53,,0,,0,10,https://seatofthesoul.com/sg/sg1/,en-US,"index, follow, max-image-preview:large, max-snippet:-1, max-video-preview:-1",Chapter 1: Evolution - The Seat of the Soul Institute,"The Authentic Power Guidelines The Authentic Power Guidelines are designed to help you grow spiritually in every circumstance. They are reminders for you to make more healthy choices when you are judging others for what they are saying or doing (feeling superior) or feeling like you don’t have anything to contribute (feeling inferior), or talking […]",,summary_large_image,BreadcrumbList|Organization|WebPage|WebSite,472,4,4,35,0,G-PZH9QMWR4R,UA-200510356-1,,630056102333543,,,MEDIUM,missing meta description; missing H1; 4/4 imgs missing alt
